customer_id,treatment_group,recency_days,frequency,monetary,email_open_rate,responded_90d,value_90d,true_type,true_uplift_prob,true_uplift_value
1,control,9,15,437.41,1.0,1,26.24,sure_thing,0.03,0.72
2,control,59,7,159.66,0.217,0,0.0,persuadable,0.58,13.34
3,control,106,8,172.83,0.3,0,0.0,persuadable,0.58,13.34
4,treatment,181,1,57.46,0.018,0,0.0,lost_cause,0.02,0.18
5,treatment,146,3,44.61,0.124,0,0.0,lost_cause,0.02,0.18
6,control,43,3,167.61,0.461,0,0.0,persuadable,0.58,13.34
7,control,149,4,23.18,0.086,0,0.0,lost_cause,0.02,0.18
8,treatment,27,6,201.72,0.43,0,0.0,persuadable,0.58,13.34
9,control,32,11,94.39,0.289,0,0.0,persuadable,0.58,13.34
10,treatment,3,19,387.89,0.599,1,23.98,sure_thing,0.03,0.72
11,control,249,0,66.58,0.078,0,0.0,lost_cause,0.02,0.18
12,control,49,3,33.37,0.163,0,0.0,lost_cause,0.02,0.18
13,treatment,307,5,85.46,0.172,0,0.0,lost_cause,0.02,0.18
14,control,235,2,5.0,0.093,0,0.0,lost_cause,0.02,0.18
15,control,28,15,464.84,0.51,1,23.17,sure_thing,0.03,0.72
16,treatment,1,14,428.79,0.778,1,20.94,sure_thing,0.03,0.72
17,treatment,36,4,128.99,0.016,1,49.39,sleeping_dog,-0.11,-4.84
18,control,114,3,128.44,0.342,0,0.0,persuadable,0.58,13.34
19,control,14,11,261.74,0.701,0,0.0,sure_thing,0.03,0.72
20,treatment,17,3,252.74,0.155,1,59.95,sleeping_dog,-0.11,-4.84
21,control,121,2,22.64,0.08,0,0.0,lost_cause,0.02,0.18
22,control,269,2,50.84,0.227,0,0.0,lost_cause,0.02,0.18
23,control,21,20,378.14,0.954,0,0.0,sure_thing,0.03,0.72
24,control,0,3,62.35,0.138,0,0.0,lost_cause,0.02,0.18
25,control,103,0,67.94,0.128,0,0.0,lost_cause,0.02,0.18
26,treatment,0,21,550.16,0.416,0,0.0,sure_thing,0.03,0.72
27,control,23,15,314.21,0.564,1,22.13,sure_thing,0.03,0.72
28,control,96,5,150.82,0.404,0,0.0,persuadable,0.58,13.34
29,control,11,18,495.9,0.424,1,36.37,sure_thing,0.03,0.72
30,control,19,9,458.43,0.32,1,20.21,sure_thing,0.03,0.72
31,control,22,16,475.85,0.671,1,16.84,sure_thing,0.03,0.72
32,control,242,3,26.91,0.367,0,0.0,lost_cause,0.02,0.18
33,treatment,349,1,37.21,0.173,0,0.0,lost_cause,0.02,0.18
34,treatment,107,3,46.59,0.115,0,0.0,lost_cause,0.02,0.18
35,control,2,23,340.48,0.758,1,30.65,sure_thing,0.03,0.72
36,control,86,1,54.41,0.196,1,8.86,lost_cause,0.02,0.18
37,control,208,2,28.37,0.241,0,0.0,lost_cause,0.02,0.18
38,control,222,2,34.67,0.241,0,0.0,lost_cause,0.02,0.18
39,control,101,2,85.53,0.165,0,0.0,persuadable,0.58,13.34
40,control,145,3,5.0,0.17,0,0.0,lost_cause,0.02,0.18
41,control,142,2,58.5,0.024,0,0.0,lost_cause,0.02,0.18
42,control,32,10,147.61,0.418,0,0.0,persuadable,0.58,13.34
43,control,5,18,425.25,0.316,1,24.93,sure_thing,0.03,0.72
44,treatment,80,4,163.97,0.336,1,21.63,persuadable,0.58,13.34
45,control,25,10,356.25,0.571,1,26.42,sure_thing,0.03,0.72
46,treatment,95,3,98.5,0.435,1,18.37,persuadable,0.58,13.34
47,treatment,354,3,18.61,0.176,0,0.0,lost_cause,0.02,0.18
48,treatment,13,17,642.22,0.38,1,26.48,sure_thing,0.03,0.72
49,control,5,24,353.17,0.737,1,18.5,sure_thing,0.03,0.72
50,treatment,35,5,186.22,0.333,1,26.62,persuadable,0.58,13.34
51,control,129,0,47.98,0.353,0,0.0,lost_cause,0.02,0.18
52,treatment,25,15,442.49,0.631,1,33.09,sure_thing,0.03,0.72
53,control,67,2,42.17,0.158,0,0.0,lost_cause,0.02,0.18
54,treatment,176,3,43.71,0.159,0,0.0,lost_cause,0.02,0.18
55,control,331,5,31.02,0.046,0,0.0,lost_cause,0.02,0.18
56,control,276,1,50.56,0.093,0,0.0,lost_cause,0.02,0.18
57,treatment,36,5,40.54,0.327,1,25.05,persuadable,0.58,13.34
58,control,210,2,49.63,0.127,0,0.0,lost_cause,0.02,0.18
59,treatment,37,7,173.42,0.22,0,0.0,sleeping_dog,-0.11,-4.84
60,control,7,5,418.45,0.561,1,33.82,sure_thing,0.03,0.72
61,control,25,19,163.77,0.538,1,29.2,sure_thing,0.03,0.72
62,treatment,26,11,110.18,0.556,1,30.83,sure_thing,0.03,0.72
63,treatment,17,21,521.85,0.522,0,0.0,sure_thing,0.03,0.72
64,treatment,96,1,17.65,0.056,0,0.0,lost_cause,0.02,0.18
65,control,205,3,35.56,0.215,0,0.0,lost_cause,0.02,0.18
66,treatment,400,1,41.11,0.098,0,0.0,lost_cause,0.02,0.18
67,control,268,3,17.95,0.019,0,0.0,lost_cause,0.02,0.18
68,control,308,0,43.2,0.032,0,0.0,lost_cause,0.02,0.18
69,treatment,27,3,176.57,0.148,0,0.0,sleeping_dog,-0.11,-4.84
70,control,70,5,59.14,0.135,0,0.0,lost_cause,0.02,0.18
71,control,27,15,345.18,0.706,0,0.0,sure_thing,0.03,0.72
72,control,176,2,61.63,0.0,0,0.0,lost_cause,0.02,0.18
73,control,25,13,89.0,0.64,0,0.0,persuadable,0.58,13.34
74,treatment,14,10,522.96,0.583,1,27.03,sure_thing,0.03,0.72
75,control,162,2,31.18,0.32,0,0.0,lost_cause,0.02,0.18
76,treatment,72,0,150.51,0.342,1,17.49,persuadable,0.58,13.34
77,control,12,6,192.42,0.14,0,0.0,sleeping_dog,-0.11,-4.84
78,treatment,18,13,224.28,0.304,1,20.58,persuadable,0.58,13.34
79,control,7,22,302.24,0.805,1,17.84,sure_thing,0.03,0.72
80,control,369,2,5.0,0.246,0,0.0,lost_cause,0.02,0.18
81,control,187,2,52.06,0.175,0,0.0,lost_cause,0.02,0.18
82,control,47,6,59.97,0.313,0,0.0,persuadable,0.58,13.34
83,treatment,8,25,508.44,0.535,1,15.03,sure_thing,0.03,0.72
84,treatment,207,3,52.19,0.061,0,0.0,lost_cause,0.02,0.18
85,treatment,97,6,192.17,0.255,1,27.7,persuadable,0.58,13.34
86,control,12,22,378.34,0.396,1,27.51,sure_thing,0.03,0.72
87,treatment,14,20,516.97,0.467,1,31.64,sure_thing,0.03,0.72
88,control,169,4,35.47,0.059,0,0.0,lost_cause,0.02,0.18
89,control,0,2,39.23,0.105,0,0.0,lost_cause,0.02,0.18
90,treatment,316,1,26.09,0.322,0,0.0,lost_cause,0.02,0.18
91,control,41,0,19.75,0.204,0,0.0,lost_cause,0.02,0.18
92,treatment,0,9,117.06,0.475,1,22.7,persuadable,0.58,13.34
93,treatment,12,14,305.47,0.45,1,22.64,sure_thing,0.03,0.72
94,control,31,22,524.98,0.424,1,19.58,sure_thing,0.03,0.72
95,treatment,160,1,51.77,0.246,0,0.0,lost_cause,0.02,0.18
96,treatment,30,10,176.06,0.386,1,20.55,persuadable,0.58,13.34
97,control,70,1,62.78,0.271,0,0.0,lost_cause,0.02,0.18
98,control,158,3,40.78,0.046,0,0.0,lost_cause,0.02,0.18
99,control,171,0,17.49,0.0,1,12.07,lost_cause,0.02,0.18
100,control,166,1,5.54,0.127,1,6.41,lost_cause,0.02,0.18
101,control,21,1,220.47,0.095,1,42.36,sleeping_dog,-0.11,-4.84
102,control,7,21,418.11,0.759,1,28.31,sure_thing,0.03,0.72
103,treatment,343,2,50.28,0.025,0,0.0,lost_cause,0.02,0.18
104,treatment,9,23,488.02,0.603,1,19.84,sure_thing,0.03,0.72
105,control,47,6,5.0,0.279,0,0.0,persuadable,0.58,13.34
106,control,104,4,50.08,0.195,1,13.15,lost_cause,0.02,0.18
107,control,21,20,294.82,0.366,0,0.0,sure_thing,0.03,0.72
108,control,7,20,428.78,0.385,1,21.07,sure_thing,0.03,0.72
109,control,184,0,62.76,0.145,0,0.0,lost_cause,0.02,0.18
110,control,22,16,443.76,0.611,1,23.94,sure_thing,0.03,0.72
111,treatment,53,4,254.22,0.331,1,19.81,persuadable,0.58,13.34
112,treatment,21,5,192.28,0.418,0,0.0,persuadable,0.58,13.34
113,treatment,261,2,31.26,0.165,0,0.0,lost_cause,0.02,0.18
114,control,19,7,267.0,0.14,0,0.0,sleeping_dog,-0.11,-4.84
115,treatment,175,3,26.03,0.115,0,0.0,lost_cause,0.02,0.18
116,treatment,16,4,252.14,0.525,1,26.64,persuadable,0.58,13.34
117,treatment,70,5,214.87,0.39,1,39.31,persuadable,0.58,13.34
118,treatment,165,0,24.94,0.056,0,0.0,lost_cause,0.02,0.18
119,control,388,3,57.63,0.206,0,0.0,lost_cause,0.02,0.18
120,control,18,3,86.4,0.318,0,0.0,persuadable,0.58,13.34
121,control,282,0,74.06,0.062,0,0.0,lost_cause,0.02,0.18
122,control,23,16,624.77,0.556,1,21.4,sure_thing,0.03,0.72
123,treatment,80,5,183.02,0.147,1,19.15,persuadable,0.58,13.34
124,treatment,3,16,449.53,0.585,1,17.2,sure_thing,0.03,0.72
125,control,57,6,159.11,0.299,0,0.0,persuadable,0.58,13.34
126,treatment,136,2,20.21,0.176,0,0.0,lost_cause,0.02,0.18
127,control,236,1,28.44,0.004,0,0.0,lost_cause,0.02,0.18
128,control,131,1,31.03,0.057,0,0.0,lost_cause,0.02,0.18
129,control,253,3,51.31,0.09,0,0.0,lost_cause,0.02,0.18
130,treatment,83,4,22.24,0.26,0,0.0,lost_cause,0.02,0.18
131,treatment,33,4,115.58,0.044,0,0.0,sleeping_dog,-0.11,-4.84
132,control,4,14,456.06,0.53,1,28.62,sure_thing,0.03,0.72
133,control,285,1,55.39,0.323,0,0.0,lost_cause,0.02,0.18
134,treatment,246,4,47.68,0.178,0,0.0,lost_cause,0.02,0.18
135,control,11,4,197.33,0.133,1,42.32,sleeping_dog,-0.11,-4.84
136,control,243,5,41.87,0.261,0,0.0,lost_cause,0.02,0.18
137,control,16,6,203.3,0.066,1,35.56,sleeping_dog,-0.11,-4.84
138,control,11,13,353.55,0.614,1,27.8,sure_thing,0.03,0.72
139,treatment,15,23,366.32,0.461,1,19.7,sure_thing,0.03,0.72
140,treatment,65,3,36.37,0.314,1,20.16,persuadable,0.58,13.34
141,control,91,5,182.89,0.252,0,0.0,persuadable,0.58,13.34
142,control,6,24,401.41,0.732,1,22.27,sure_thing,0.03,0.72
143,control,212,0,56.28,0.178,0,0.0,lost_cause,0.02,0.18
144,control,60,6,97.64,0.411,1,19.59,persuadable,0.58,13.34
145,treatment,232,2,19.37,0.321,0,0.0,lost_cause,0.02,0.18
146,control,2,6,280.79,0.249,1,15.16,persuadable,0.58,13.34
147,treatment,133,3,22.09,0.002,0,0.0,lost_cause,0.02,0.18
148,treatment,217,4,66.62,0.137,0,0.0,lost_cause,0.02,0.18
149,control,3,17,409.14,0.564,0,0.0,sure_thing,0.03,0.72
150,treatment,0,5,262.01,0.197,0,0.0,sleeping_dog,-0.11,-4.84
151,control,266,3,35.58,0.208,0,0.0,lost_cause,0.02,0.18
152,control,0,4,74.64,0.681,0,0.0,persuadable,0.58,13.34
153,control,0,20,360.64,0.615,0,0.0,sure_thing,0.03,0.72
154,control,66,3,269.22,0.479,0,0.0,persuadable,0.58,13.34
155,control,9,19,368.97,0.567,0,0.0,sure_thing,0.03,0.72
156,treatment,38,2,194.7,0.148,0,0.0,sleeping_dog,-0.11,-4.84
157,treatment,251,1,23.64,0.276,0,0.0,lost_cause,0.02,0.18
158,treatment,127,1,31.49,0.096,0,0.0,lost_cause,0.02,0.18
159,treatment,263,3,17.26,0.062,0,0.0,lost_cause,0.02,0.18
160,treatment,103,1,54.22,0.142,0,0.0,lost_cause,0.02,0.18
161,control,146,2,22.02,0.074,0,0.0,lost_cause,0.02,0.18
162,control,54,9,17.17,0.679,0,0.0,persuadable,0.58,13.34
163,treatment,59,6,147.4,0.413,1,21.56,persuadable,0.58,13.34
164,treatment,134,2,54.61,0.022,0,0.0,lost_cause,0.02,0.18
165,control,19,15,375.73,0.526,1,23.43,sure_thing,0.03,0.72
166,treatment,16,23,580.54,0.334,1,27.26,sure_thing,0.03,0.72
167,control,8,17,430.24,0.511,0,0.0,sure_thing,0.03,0.72
168,control,29,28,278.94,0.685,1,18.48,sure_thing,0.03,0.72
169,control,157,1,53.18,0.006,0,0.0,lost_cause,0.02,0.18
170,treatment,3,6,238.01,0.0,0,0.0,sleeping_dog,-0.11,-4.84
171,control,6,31,457.35,0.814,1,27.49,sure_thing,0.03,0.72
172,treatment,19,12,387.58,0.76,1,24.21,sure_thing,0.03,0.72
173,treatment,16,13,583.04,0.536,1,20.12,sure_thing,0.03,0.72
174,treatment,200,5,35.56,0.082,0,0.0,lost_cause,0.02,0.18
175,control,273,2,76.04,0.225,0,0.0,lost_cause,0.02,0.18
176,treatment,308,5,39.06,0.198,0,0.0,lost_cause,0.02,0.18
177,treatment,52,7,145.69,0.409,1,18.66,persuadable,0.58,13.34
178,control,37,12,163.65,0.702,0,0.0,persuadable,0.58,13.34
179,treatment,42,2,147.35,0.432,0,0.0,persuadable,0.58,13.34
180,control,252,4,45.93,0.179,0,0.0,lost_cause,0.02,0.18
181,treatment,42,10,101.85,0.559,1,22.36,persuadable,0.58,13.34
182,treatment,16,10,76.25,0.399,1,26.93,persuadable,0.58,13.34
183,control,42,10,172.61,0.383,0,0.0,persuadable,0.58,13.34
184,treatment,9,11,341.91,0.326,1,18.69,sure_thing,0.03,0.72
185,control,83,5,116.11,0.586,0,0.0,persuadable,0.58,13.34
186,control,144,4,55.32,0.199,0,0.0,lost_cause,0.02,0.18
187,control,279,1,23.44,0.101,0,0.0,lost_cause,0.02,0.18
188,treatment,300,1,13.58,0.279,0,0.0,lost_cause,0.02,0.18
189,control,142,2,44.77,0.036,0,0.0,lost_cause,0.02,0.18
190,control,104,2,21.8,0.085,0,0.0,lost_cause,0.02,0.18
191,control,197,0,13.43,0.149,0,0.0,lost_cause,0.02,0.18
192,control,26,21,453.29,0.718,1,24.08,sure_thing,0.03,0.72
193,control,386,5,17.84,0.0,0,0.0,lost_cause,0.02,0.18
194,control,16,17,315.13,0.506,0,0.0,sure_thing,0.03,0.72
195,control,184,6,54.63,0.157,0,0.0,lost_cause,0.02,0.18
196,control,14,21,595.9,0.48,1,31.03,sure_thing,0.03,0.72
197,control,195,3,75.24,0.323,1,6.71,lost_cause,0.02,0.18
198,treatment,275,2,38.33,0.154,1,6.55,lost_cause,0.02,0.18
199,treatment,26,5,175.27,0.175,0,0.0,sleeping_dog,-0.11,-4.84
200,treatment,13,6,272.35,0.703,1,10.35,sure_thing,0.03,0.72
201,treatment,37,3,155.04,0.327,1,18.05,persuadable,0.58,13.34
202,control,22,15,359.79,0.432,1,36.38,sure_thing,0.03,0.72
203,control,21,22,454.97,0.579,1,18.22,sure_thing,0.03,0.72
204,control,104,2,36.33,0.236,0,0.0,lost_cause,0.02,0.18
205,control,19,16,530.01,0.298,1,25.05,sure_thing,0.03,0.72
206,control,113,0,44.68,0.082,0,0.0,lost_cause,0.02,0.18
207,control,35,10,140.74,0.128,0,0.0,persuadable,0.58,13.34
208,treatment,38,7,302.71,0.085,1,39.05,sleeping_dog,-0.11,-4.84
209,treatment,122,10,120.59,0.267,1,10.94,persuadable,0.58,13.34
210,control,200,3,53.2,0.138,0,0.0,lost_cause,0.02,0.18
211,control,287,2,38.47,0.061,0,0.0,lost_cause,0.02,0.18
212,control,183,3,27.35,0.088,0,0.0,lost_cause,0.02,0.18
213,treatment,152,3,53.06,0.0,0,0.0,lost_cause,0.02,0.18
214,control,15,20,534.36,0.39,0,0.0,sure_thing,0.03,0.72
215,control,122,10,181.84,0.443,1,22.67,persuadable,0.58,13.34
216,control,59,5,28.37,0.267,0,0.0,lost_cause,0.02,0.18
217,control,39,8,60.76,0.326,0,0.0,persuadable,0.58,13.34
218,treatment,75,9,256.48,0.516,0,0.0,persuadable,0.58,13.34
219,treatment,354,2,22.76,0.267,1,12.52,lost_cause,0.02,0.18
220,treatment,123,9,174.76,0.363,0,0.0,persuadable,0.58,13.34
221,treatment,49,13,108.08,0.504,0,0.0,persuadable,0.58,13.34
222,treatment,97,2,22.27,0.181,1,6.93,lost_cause,0.02,0.18
223,treatment,29,19,418.19,0.816,0,0.0,sure_thing,0.03,0.72
224,control,19,18,234.07,0.696,1,23.3,sure_thing,0.03,0.72
225,control,5,25,494.94,0.584,1,25.28,sure_thing,0.03,0.72
226,control,330,2,24.88,0.189,0,0.0,lost_cause,0.02,0.18
227,treatment,8,28,544.34,0.578,0,0.0,sure_thing,0.03,0.72
228,control,22,21,155.92,0.457,1,16.33,sure_thing,0.03,0.72
229,control,40,5,181.79,0.473,0,0.0,persuadable,0.58,13.34
230,control,70,10,126.87,0.0,0,0.0,persuadable,0.58,13.34
231,treatment,146,3,32.84,0.174,0,0.0,lost_cause,0.02,0.18
232,control,78,4,244.38,0.564,1,28.08,persuadable,0.58,13.34
233,treatment,54,8,97.49,0.193,1,22.43,persuadable,0.58,13.34
234,control,13,8,186.29,0.645,0,0.0,persuadable,0.58,13.34
235,treatment,314,0,35.57,0.209,0,0.0,lost_cause,0.02,0.18
236,treatment,365,4,48.61,0.242,1,4.93,lost_cause,0.02,0.18
237,control,11,14,547.63,0.647,0,0.0,sure_thing,0.03,0.72
238,control,131,3,27.45,0.277,0,0.0,lost_cause,0.02,0.18
239,control,20,31,382.26,0.733,1,22.17,sure_thing,0.03,0.72
240,treatment,39,6,110.19,0.156,0,0.0,sleeping_dog,-0.11,-4.84
241,control,263,0,36.26,0.13,0,0.0,lost_cause,0.02,0.18
242,control,277,2,28.99,0.147,0,0.0,lost_cause,0.02,0.18
243,treatment,19,23,273.72,0.615,1,29.21,sure_thing,0.03,0.72
244,treatment,0,19,267.9,0.537,1,18.27,sure_thing,0.03,0.72
245,treatment,324,4,38.12,0.257,0,0.0,lost_cause,0.02,0.18
246,control,183,3,60.6,0.18,0,0.0,lost_cause,0.02,0.18
247,treatment,322,1,28.9,0.232,0,0.0,lost_cause,0.02,0.18
248,treatment,23,13,426.57,0.599,1,27.15,sure_thing,0.03,0.72
249,treatment,74,12,118.6,0.599,1,22.42,persuadable,0.58,13.34
250,control,220,3,5.0,0.199,0,0.0,lost_cause,0.02,0.18
251,control,120,3,55.28,0.232,1,6.43,lost_cause,0.02,0.18
252,treatment,22,22,358.37,0.685,1,27.99,sure_thing,0.03,0.72
253,treatment,301,1,46.28,0.101,1,11.77,lost_cause,0.02,0.18
254,control,325,3,46.66,0.129,1,11.8,lost_cause,0.02,0.18
255,control,209,0,5.0,0.129,0,0.0,lost_cause,0.02,0.18
256,treatment,12,15,419.25,0.629,1,26.43,sure_thing,0.03,0.72
257,control,199,1,15.4,0.144,0,0.0,lost_cause,0.02,0.18
258,treatment,67,9,234.93,0.288,1,13.88,persuadable,0.58,13.34
259,treatment,19,12,544.75,0.886,1,24.96,sure_thing,0.03,0.72
260,control,281,0,43.99,0.273,0,0.0,lost_cause,0.02,0.18
261,control,363,3,33.65,0.164,0,0.0,lost_cause,0.02,0.18
262,control,75,10,123.76,0.349,1,21.37,persuadable,0.58,13.34
263,treatment,99,4,31.38,0.223,0,0.0,lost_cause,0.02,0.18
264,control,307,1,57.94,0.211,1,8.52,lost_cause,0.02,0.18
265,treatment,394,2,15.28,0.242,0,0.0,lost_cause,0.02,0.18
266,treatment,131,4,26.68,0.388,0,0.0,lost_cause,0.02,0.18
267,treatment,102,4,149.4,0.539,0,0.0,persuadable,0.58,13.34
268,control,263,0,41.71,0.149,0,0.0,lost_cause,0.02,0.18
269,treatment,216,2,19.74,0.066,0,0.0,lost_cause,0.02,0.18
270,treatment,23,16,53.64,0.129,1,28.4,persuadable,0.58,13.34
271,treatment,11,19,297.36,0.719,1,20.71,sure_thing,0.03,0.72
272,treatment,243,3,22.23,0.079,0,0.0,lost_cause,0.02,0.18
273,treatment,324,3,32.45,0.147,0,0.0,lost_cause,0.02,0.18
274,control,35,5,103.9,0.478,0,0.0,persuadable,0.58,13.34
275,control,66,1,23.15,0.258,1,7.93,lost_cause,0.02,0.18
276,treatment,97,7,163.32,0.585,1,30.8,persuadable,0.58,13.34
277,control,164,0,31.84,0.09,0,0.0,lost_cause,0.02,0.18
278,control,0,8,166.51,0.361,0,0.0,persuadable,0.58,13.34
279,control,32,8,169.35,0.454,0,0.0,persuadable,0.58,13.34
280,treatment,61,6,220.58,0.473,1,25.25,persuadable,0.58,13.34
281,control,25,15,533.52,0.643,1,19.31,sure_thing,0.03,0.72
282,treatment,86,1,57.94,0.18,0,0.0,lost_cause,0.02,0.18
283,treatment,182,4,11.5,0.132,0,0.0,lost_cause,0.02,0.18
284,treatment,1,19,526.95,0.54,1,35.44,sure_thing,0.03,0.72
285,treatment,80,4,222.58,0.305,1,24.29,persuadable,0.58,13.34
286,control,380,1,24.05,0.029,0,0.0,lost_cause,0.02,0.18
287,treatment,116,2,23.8,0.011,0,0.0,lost_cause,0.02,0.18
288,treatment,14,16,264.49,0.457,1,22.48,sure_thing,0.03,0.72
289,treatment,71,3,104.09,0.43,1,21.5,persuadable,0.58,13.34
290,treatment,68,0,205.74,0.489,1,25.01,persuadable,0.58,13.34
291,treatment,168,2,30.17,0.032,0,0.0,lost_cause,0.02,0.18
292,control,155,3,45.43,0.118,0,0.0,lost_cause,0.02,0.18
293,control,45,9,203.21,0.29,1,24.24,persuadable,0.58,13.34
294,control,7,18,329.17,0.604,1,30.39,sure_thing,0.03,0.72
295,control,82,6,206.35,0.33,0,0.0,persuadable,0.58,13.34
296,control,44,6,216.49,0.093,1,46.39,sleeping_dog,-0.11,-4.84
297,control,26,5,377.82,0.0,0,0.0,sleeping_dog,-0.11,-4.84
298,control,77,7,152.25,0.373,0,0.0,persuadable,0.58,13.34
299,control,73,7,113.86,0.406,0,0.0,persuadable,0.58,13.34
300,control,247,1,69.05,0.199,0,0.0,lost_cause,0.02,0.18
301,treatment,8,20,571.84,0.589,0,0.0,sure_thing,0.03,0.72
302,treatment,182,2,63.57,0.107,1,12.48,lost_cause,0.02,0.18
303,treatment,43,7,171.2,0.447,1,17.99,persuadable,0.58,13.34
304,treatment,100,6,76.69,0.201,1,28.92,persuadable,0.58,13.34
305,treatment,55,9,125.9,0.63,1,22.0,persuadable,0.58,13.34
306,treatment,140,2,88.53,0.324,0,0.0,lost_cause,0.02,0.18
307,control,141,0,5.55,0.127,0,0.0,lost_cause,0.02,0.18
308,control,196,2,22.76,0.115,0,0.0,lost_cause,0.02,0.18
309,control,99,3,86.46,0.046,1,10.75,lost_cause,0.02,0.18
310,control,57,12,198.63,0.382,1,16.61,persuadable,0.58,13.34
311,control,29,8,434.59,0.563,0,0.0,sure_thing,0.03,0.72
312,treatment,0,3,40.95,0.158,0,0.0,lost_cause,0.02,0.18
313,treatment,24,18,414.52,0.591,1,19.51,sure_thing,0.03,0.72
314,control,45,8,48.02,0.277,0,0.0,persuadable,0.58,13.34
315,treatment,316,1,43.09,0.191,0,0.0,lost_cause,0.02,0.18
316,control,47,5,197.78,0.53,0,0.0,persuadable,0.58,13.34
317,control,37,3,218.92,0.074,0,0.0,persuadable,0.58,13.34
318,control,222,1,34.16,0.241,0,0.0,lost_cause,0.02,0.18
319,control,156,0,29.14,0.17,0,0.0,lost_cause,0.02,0.18
320,treatment,40,4,251.29,0.308,1,24.04,persuadable,0.58,13.34
321,treatment,21,4,172.75,0.085,0,0.0,sleeping_dog,-0.11,-4.84
322,control,196,0,66.35,0.156,1,6.42,lost_cause,0.02,0.18
323,treatment,26,6,118.34,0.255,1,25.98,persuadable,0.58,13.34
324,control,30,2,12.69,0.142,0,0.0,persuadable,0.58,13.34
325,treatment,37,2,241.79,0.685,1,26.09,persuadable,0.58,13.34
326,treatment,276,0,40.27,0.147,0,0.0,lost_cause,0.02,0.18
327,treatment,132,2,26.2,0.265,0,0.0,lost_cause,0.02,0.18
328,control,43,3,198.64,0.117,0,0.0,sleeping_dog,-0.11,-4.84
329,control,213,2,39.84,0.06,0,0.0,lost_cause,0.02,0.18
330,treatment,162,2,37.82,0.026,0,0.0,lost_cause,0.02,0.18
331,treatment,12,9,600.81,0.291,1,22.64,sure_thing,0.03,0.72
332,control,321,6,50.1,0.034,0,0.0,lost_cause,0.02,0.18
333,control,11,4,182.68,0.58,0,0.0,persuadable,0.58,13.34
334,control,0,2,49.09,0.089,0,0.0,lost_cause,0.02,0.18
335,control,45,9,175.08,0.293,0,0.0,persuadable,0.58,13.34
336,control,83,3,44.76,0.27,0,0.0,lost_cause,0.02,0.18
337,treatment,9,7,81.83,0.626,1,17.19,persuadable,0.58,13.34
338,treatment,337,0,35.21,0.197,0,0.0,lost_cause,0.02,0.18
339,control,7,23,447.09,0.679,1,23.88,sure_thing,0.03,0.72
340,treatment,102,1,44.34,0.238,0,0.0,lost_cause,0.02,0.18
341,control,138,1,36.39,0.225,0,0.0,lost_cause,0.02,0.18
342,control,99,2,16.38,0.143,1,9.34,lost_cause,0.02,0.18
343,treatment,48,5,235.57,0.571,1,20.45,persuadable,0.58,13.34
344,control,21,19,425.83,0.697,1,16.24,sure_thing,0.03,0.72
345,treatment,0,0,40.11,0.303,0,0.0,lost_cause,0.02,0.18
346,treatment,20,3,202.33,0.109,0,0.0,sleeping_dog,-0.11,-4.84
347,control,61,8,180.56,0.389,0,0.0,persuadable,0.58,13.34
348,control,49,8,105.17,0.425,0,0.0,persuadable,0.58,13.34
349,treatment,201,1,8.92,0.051,0,0.0,lost_cause,0.02,0.18
350,control,271,1,38.97,0.155,0,0.0,lost_cause,0.02,0.18
351,control,238,2,22.95,0.122,0,0.0,lost_cause,0.02,0.18
352,treatment,98,0,70.22,0.064,1,8.12,lost_cause,0.02,0.18
353,treatment,161,2,49.7,0.117,0,0.0,lost_cause,0.02,0.18
354,control,3,15,425.91,0.508,1,20.85,sure_thing,0.03,0.72
355,control,359,3,31.68,0.184,0,0.0,lost_cause,0.02,0.18
356,treatment,192,2,30.95,0.206,0,0.0,lost_cause,0.02,0.18
357,treatment,97,7,130.7,0.39,0,0.0,persuadable,0.58,13.34
358,treatment,5,20,349.16,0.322,1,22.49,sure_thing,0.03,0.72
359,treatment,125,4,56.86,0.287,0,0.0,lost_cause,0.02,0.18
360,treatment,3,18,317.17,0.525,1,18.65,sure_thing,0.03,0.72
361,treatment,290,2,19.94,0.042,0,0.0,lost_cause,0.02,0.18
362,treatment,15,11,508.59,0.728,1,23.46,sure_thing,0.03,0.72
363,treatment,183,2,67.96,0.107,0,0.0,lost_cause,0.02,0.18
364,treatment,13,15,322.08,0.278,1,19.57,sure_thing,0.03,0.72
365,treatment,0,16,360.29,0.658,1,22.71,sure_thing,0.03,0.72
366,treatment,6,21,513.02,0.436,1,23.75,sure_thing,0.03,0.72
367,treatment,40,2,66.35,0.222,0,0.0,lost_cause,0.02,0.18
368,control,55,6,149.78,0.092,0,0.0,persuadable,0.58,13.34
369,control,57,4,87.47,0.272,0,0.0,persuadable,0.58,13.34
370,treatment,132,3,52.0,0.152,0,0.0,lost_cause,0.02,0.18
371,treatment,292,3,30.63,0.237,1,10.69,lost_cause,0.02,0.18
372,control,194,2,52.23,0.0,0,0.0,lost_cause,0.02,0.18
373,treatment,21,5,138.32,0.147,0,0.0,sleeping_dog,-0.11,-4.84
374,control,31,6,114.93,0.024,0,0.0,sleeping_dog,-0.11,-4.84
375,treatment,201,3,33.42,0.207,0,0.0,lost_cause,0.02,0.18
376,control,29,2,176.25,0.221,1,49.38,sleeping_dog,-0.11,-4.84
377,treatment,267,1,5.0,0.143,0,0.0,lost_cause,0.02,0.18
378,control,13,20,225.15,0.565,1,24.39,sure_thing,0.03,0.72
379,treatment,13,20,581.57,0.688,1,26.81,sure_thing,0.03,0.72
380,treatment,43,7,210.62,0.49,0,0.0,persuadable,0.58,13.34
381,treatment,139,3,20.22,0.159,0,0.0,lost_cause,0.02,0.18
382,control,73,0,61.49,0.23,0,0.0,lost_cause,0.02,0.18
383,control,20,14,337.84,0.357,0,0.0,sure_thing,0.03,0.72
384,control,208,4,35.39,0.126,0,0.0,lost_cause,0.02,0.18
385,control,152,1,28.49,0.015,0,0.0,lost_cause,0.02,0.18
386,control,12,12,511.13,0.605,1,28.82,sure_thing,0.03,0.72
387,treatment,76,8,122.72,0.748,0,0.0,persuadable,0.58,13.34
388,control,31,11,106.37,0.604,1,23.23,persuadable,0.58,13.34
389,treatment,81,6,128.09,0.317,1,24.03,persuadable,0.58,13.34
390,control,89,6,204.34,0.456,1,15.74,persuadable,0.58,13.34
391,treatment,18,11,238.7,0.456,1,17.17,persuadable,0.58,13.34
392,control,27,6,100.09,0.699,0,0.0,persuadable,0.58,13.34
393,control,14,20,303.21,0.475,0,0.0,sure_thing,0.03,0.72
394,control,107,8,180.9,0.417,0,0.0,persuadable,0.58,13.34
395,treatment,208,2,65.49,0.101,0,0.0,lost_cause,0.02,0.18
396,treatment,143,2,49.59,0.04,0,0.0,lost_cause,0.02,0.18
397,control,78,12,172.05,0.489,0,0.0,persuadable,0.58,13.34
398,treatment,141,3,53.29,0.352,0,0.0,lost_cause,0.02,0.18
399,treatment,27,4,198.59,0.609,1,22.79,persuadable,0.58,13.34
400,control,8,24,497.1,0.561,0,0.0,sure_thing,0.03,0.72
401,control,81,0,46.01,0.0,0,0.0,lost_cause,0.02,0.18
402,treatment,32,4,239.81,0.163,1,39.21,sleeping_dog,-0.11,-4.84
403,treatment,235,1,13.24,0.194,0,0.0,lost_cause,0.02,0.18
404,treatment,11,10,317.55,0.779,0,0.0,sure_thing,0.03,0.72
405,control,385,3,37.02,0.02,0,0.0,lost_cause,0.02,0.18
406,treatment,32,4,303.39,0.209,0,0.0,sleeping_dog,-0.11,-4.84
407,control,26,13,523.48,0.338,1,21.99,sure_thing,0.03,0.72
408,treatment,41,5,212.59,0.411,1,29.69,persuadable,0.58,13.34
409,treatment,97,3,8.03,0.205,0,0.0,lost_cause,0.02,0.18
410,control,35,10,163.63,0.63,0,0.0,persuadable,0.58,13.34
411,control,86,12,34.35,0.476,0,0.0,persuadable,0.58,13.34
412,control,17,22,199.12,0.446,1,20.97,sure_thing,0.03,0.72
413,treatment,39,3,249.78,0.173,0,0.0,sleeping_dog,-0.11,-4.84
414,treatment,314,0,59.77,0.077,0,0.0,lost_cause,0.02,0.18
415,treatment,271,4,21.69,0.0,0,0.0,lost_cause,0.02,0.18
416,treatment,19,23,507.37,0.788,0,0.0,sure_thing,0.03,0.72
417,treatment,15,5,120.57,0.409,1,29.54,persuadable,0.58,13.34
418,treatment,151,5,81.57,0.099,0,0.0,lost_cause,0.02,0.18
419,control,7,22,409.13,0.378,1,23.9,sure_thing,0.03,0.72
420,treatment,117,1,12.03,0.231,1,8.91,lost_cause,0.02,0.18
421,treatment,0,16,537.13,0.435,1,27.69,sure_thing,0.03,0.72
422,treatment,68,10,163.0,0.259,1,24.44,persuadable,0.58,13.34
423,treatment,258,1,15.38,0.31,0,0.0,lost_cause,0.02,0.18
424,control,64,7,173.68,0.563,0,0.0,persuadable,0.58,13.34
425,treatment,177,0,57.63,0.332,0,0.0,lost_cause,0.02,0.18
426,control,41,4,108.63,0.182,0,0.0,sleeping_dog,-0.11,-4.84
427,treatment,4,14,345.24,0.536,1,28.8,sure_thing,0.03,0.72
428,treatment,184,1,5.0,0.37,0,0.0,lost_cause,0.02,0.18
429,control,39,10,218.97,0.195,1,24.59,persuadable,0.58,13.34
430,control,10,25,405.58,0.676,1,27.67,sure_thing,0.03,0.72
431,treatment,20,10,64.77,0.607,0,0.0,persuadable,0.58,13.34
432,control,168,2,33.77,0.175,0,0.0,lost_cause,0.02,0.18
433,control,23,16,432.87,0.723,1,21.15,sure_thing,0.03,0.72
434,control,14,10,484.16,0.484,1,24.23,sure_thing,0.03,0.72
435,control,44,0,108.65,0.168,1,28.83,sleeping_dog,-0.11,-4.84
436,control,383,5,40.9,0.211,0,0.0,lost_cause,0.02,0.18
437,control,9,20,267.63,0.487,0,0.0,sure_thing,0.03,0.72
438,control,14,20,311.68,0.707,0,0.0,sure_thing,0.03,0.72
439,control,16,20,360.57,0.312,1,14.59,sure_thing,0.03,0.72
440,treatment,64,0,89.85,0.185,0,0.0,lost_cause,0.02,0.18
441,control,16,16,500.14,0.175,1,12.51,sure_thing,0.03,0.72
442,control,249,5,43.56,0.155,0,0.0,lost_cause,0.02,0.18
443,control,381,2,45.02,0.089,0,0.0,lost_cause,0.02,0.18
444,control,122,8,130.36,0.407,0,0.0,persuadable,0.58,13.34
445,treatment,225,1,35.14,0.134,0,0.0,lost_cause,0.02,0.18
446,treatment,22,19,519.38,0.438,0,0.0,sure_thing,0.03,0.72
447,control,59,10,190.49,0.227,0,0.0,persuadable,0.58,13.34
448,treatment,95,13,159.6,0.579,1,23.69,persuadable,0.58,13.34
449,treatment,16,24,409.02,0.594,1,23.8,sure_thing,0.03,0.72
450,treatment,75,9,167.1,0.333,1,27.34,persuadable,0.58,13.34
451,control,4,10,323.79,0.631,1,24.65,sure_thing,0.03,0.72
452,treatment,0,18,381.59,0.682,1,24.75,sure_thing,0.03,0.72
453,control,73,9,61.12,0.381,0,0.0,persuadable,0.58,13.34
454,treatment,3,28,189.79,0.285,1,19.29,sure_thing,0.03,0.72
455,treatment,21,16,381.02,0.562,1,22.36,sure_thing,0.03,0.72
456,control,400,1,33.12,0.17,0,0.0,lost_cause,0.02,0.18
457,treatment,27,14,392.7,0.548,1,25.24,sure_thing,0.03,0.72
458,control,210,3,21.99,0.054,0,0.0,lost_cause,0.02,0.18
459,treatment,73,1,177.23,0.243,1,20.51,persuadable,0.58,13.34
460,treatment,225,1,45.64,0.09,0,0.0,lost_cause,0.02,0.18
461,control,7,12,417.07,0.557,1,24.39,sure_thing,0.03,0.72
462,treatment,0,12,245.79,0.353,1,22.5,persuadable,0.58,13.34
463,control,29,21,417.68,0.575,1,23.3,sure_thing,0.03,0.72
464,control,281,2,29.22,0.063,0,0.0,lost_cause,0.02,0.18
465,treatment,76,1,137.99,0.308,1,22.88,persuadable,0.58,13.34
466,treatment,145,2,31.17,0.183,0,0.0,lost_cause,0.02,0.18
467,control,92,1,269.74,0.347,0,0.0,persuadable,0.58,13.34
468,treatment,116,2,153.84,0.497,0,0.0,persuadable,0.58,13.34
469,treatment,213,2,5.0,0.157,0,0.0,lost_cause,0.02,0.18
470,treatment,32,7,242.6,0.457,1,27.46,persuadable,0.58,13.34
471,control,263,2,48.95,0.185,0,0.0,lost_cause,0.02,0.18
472,treatment,150,2,37.46,0.178,0,0.0,lost_cause,0.02,0.18
473,control,76,8,172.59,0.612,1,24.75,persuadable,0.58,13.34
474,control,15,25,435.99,0.675,1,20.48,sure_thing,0.03,0.72
475,treatment,13,17,403.65,0.465,1,30.14,sure_thing,0.03,0.72
476,control,14,18,376.42,0.361,1,24.59,sure_thing,0.03,0.72
477,control,17,21,466.84,0.467,1,23.71,sure_thing,0.03,0.72
478,control,7,18,275.85,0.68,1,24.04,sure_thing,0.03,0.72
479,treatment,253,1,31.2,0.219,0,0.0,lost_cause,0.02,0.18
480,treatment,310,3,38.79,0.024,0,0.0,lost_cause,0.02,0.18
481,treatment,105,2,63.9,0.106,0,0.0,lost_cause,0.02,0.18
482,control,200,2,5.0,0.156,0,0.0,lost_cause,0.02,0.18
483,treatment,247,0,54.4,0.341,0,0.0,lost_cause,0.02,0.18
484,treatment,0,2,123.91,0.014,0,0.0,sleeping_dog,-0.11,-4.84
485,control,146,2,27.92,0.0,0,0.0,lost_cause,0.02,0.18
486,control,303,1,28.26,0.143,0,0.0,lost_cause,0.02,0.18
487,control,323,0,46.79,0.0,0,0.0,lost_cause,0.02,0.18
488,control,13,20,463.83,0.531,1,13.5,sure_thing,0.03,0.72
489,treatment,11,4,226.71,0.171,0,0.0,sleeping_dog,-0.11,-4.84
490,control,26,10,146.22,0.367,0,0.0,persuadable,0.58,13.34
491,treatment,160,1,52.15,0.275,0,0.0,lost_cause,0.02,0.18
492,control,234,1,9.58,0.111,0,0.0,lost_cause,0.02,0.18
493,control,130,8,252.1,0.577,1,23.97,persuadable,0.58,13.34
494,treatment,11,23,388.91,0.735,0,0.0,sure_thing,0.03,0.72
495,control,0,16,495.79,0.45,1,20.12,sure_thing,0.03,0.72
496,control,154,0,61.33,0.159,0,0.0,lost_cause,0.02,0.18
497,control,0,1,107.52,0.376,0,0.0,persuadable,0.58,13.34
498,control,201,0,22.74,0.169,0,0.0,lost_cause,0.02,0.18
499,control,9,20,460.01,0.319,0,0.0,sure_thing,0.03,0.72
500,treatment,254,3,65.68,0.162,0,0.0,lost_cause,0.02,0.18
501,control,198,2,33.73,0.225,0,0.0,lost_cause,0.02,0.18
502,control,75,8,204.3,0.449,1,21.35,persuadable,0.58,13.34
503,control,93,9,235.42,0.195,0,0.0,persuadable,0.58,13.34
504,treatment,27,13,310.99,0.267,1,29.52,sure_thing,0.03,0.72
505,control,26,5,154.7,0.507,0,0.0,persuadable,0.58,13.34
506,control,20,15,398.03,0.876,1,30.04,sure_thing,0.03,0.72
507,treatment,228,1,96.62,0.254,0,0.0,lost_cause,0.02,0.18
508,control,7,20,517.56,0.358,1,14.81,sure_thing,0.03,0.72
509,treatment,172,2,12.02,0.26,0,0.0,lost_cause,0.02,0.18
510,treatment,320,0,41.11,0.016,0,0.0,lost_cause,0.02,0.18
511,control,75,11,122.41,0.562,0,0.0,persuadable,0.58,13.34
512,control,100,4,134.66,0.554,0,0.0,persuadable,0.58,13.34
513,control,297,4,67.13,0.026,0,0.0,lost_cause,0.02,0.18
514,treatment,48,8,186.91,0.544,1,26.95,persuadable,0.58,13.34
515,treatment,108,4,305.63,0.077,0,0.0,persuadable,0.58,13.34
516,control,156,4,22.35,0.162,0,0.0,lost_cause,0.02,0.18
517,control,263,2,44.36,0.168,0,0.0,lost_cause,0.02,0.18
518,control,14,27,424.11,0.476,1,31.27,sure_thing,0.03,0.72
519,treatment,400,2,5.0,0.219,0,0.0,lost_cause,0.02,0.18
520,control,18,21,448.76,0.86,0,0.0,sure_thing,0.03,0.72
521,control,171,1,5.0,0.051,0,0.0,lost_cause,0.02,0.18
522,treatment,8,17,434.26,0.706,1,23.36,sure_thing,0.03,0.72
523,control,338,1,7.41,0.138,0,0.0,lost_cause,0.02,0.18
524,treatment,19,23,473.35,0.533,1,26.27,sure_thing,0.03,0.72
525,control,10,16,298.98,0.813,1,25.63,sure_thing,0.03,0.72
526,control,0,11,337.15,0.177,1,24.12,sure_thing,0.03,0.72
527,control,400,2,28.98,0.094,0,0.0,lost_cause,0.02,0.18
528,control,12,3,289.43,0.002,1,37.01,sleeping_dog,-0.11,-4.84
529,control,194,1,5.0,0.194,0,0.0,lost_cause,0.02,0.18
530,control,286,3,42.1,0.105,0,0.0,lost_cause,0.02,0.18
531,control,15,0,28.07,0.339,0,0.0,lost_cause,0.02,0.18
532,treatment,338,3,5.0,0.171,0,0.0,lost_cause,0.02,0.18
533,treatment,272,0,46.86,0.125,0,0.0,lost_cause,0.02,0.18
534,control,46,7,216.54,0.236,0,0.0,persuadable,0.58,13.34
535,control,0,11,181.96,0.762,0,0.0,persuadable,0.58,13.34
536,treatment,290,2,58.17,0.175,1,12.58,lost_cause,0.02,0.18
537,control,231,4,49.98,0.291,0,0.0,lost_cause,0.02,0.18
538,control,302,5,50.48,0.108,0,0.0,lost_cause,0.02,0.18
539,control,61,10,159.92,0.268,0,0.0,persuadable,0.58,13.34
540,control,11,17,433.02,0.553,1,29.55,sure_thing,0.03,0.72
541,control,0,7,208.11,0.195,1,15.09,persuadable,0.58,13.34
542,treatment,0,19,416.04,0.71,1,25.48,sure_thing,0.03,0.72
543,treatment,9,25,602.25,0.775,1,30.82,sure_thing,0.03,0.72
544,control,42,10,119.31,0.487,0,0.0,persuadable,0.58,13.34
545,treatment,14,4,131.97,0.363,1,24.16,persuadable,0.58,13.34
546,control,315,0,25.68,0.038,0,0.0,lost_cause,0.02,0.18
547,control,278,3,27.1,0.19,0,0.0,lost_cause,0.02,0.18
548,control,189,4,36.4,0.181,0,0.0,lost_cause,0.02,0.18
549,control,0,12,384.32,0.685,0,0.0,sure_thing,0.03,0.72
550,treatment,199,2,38.61,0.121,0,0.0,lost_cause,0.02,0.18
551,treatment,218,4,51.31,0.212,0,0.0,lost_cause,0.02,0.18
552,control,23,22,508.57,0.205,1,30.15,sure_thing,0.03,0.72
553,treatment,195,1,73.67,0.252,1,11.89,lost_cause,0.02,0.18
554,control,139,2,59.4,0.167,0,0.0,lost_cause,0.02,0.18
555,treatment,99,5,29.44,0.4,0,0.0,lost_cause,0.02,0.18
556,control,205,3,5.0,0.11,0,0.0,lost_cause,0.02,0.18
557,control,57,6,172.37,0.305,1,47.76,sleeping_dog,-0.11,-4.84
558,control,131,3,5.0,0.132,0,0.0,lost_cause,0.02,0.18
559,control,181,2,39.86,0.0,0,0.0,lost_cause,0.02,0.18
560,treatment,99,2,10.53,0.316,0,0.0,lost_cause,0.02,0.18
561,control,0,22,544.0,0.48,1,20.57,sure_thing,0.03,0.72
562,control,91,3,72.95,0.25,0,0.0,lost_cause,0.02,0.18
563,treatment,13,17,535.73,0.549,0,0.0,sure_thing,0.03,0.72
564,treatment,176,2,25.71,0.239,0,0.0,lost_cause,0.02,0.18
565,control,193,4,28.67,0.067,0,0.0,lost_cause,0.02,0.18
566,treatment,0,13,101.84,0.51,0,0.0,persuadable,0.58,13.34
567,control,400,1,42.18,0.36,0,0.0,lost_cause,0.02,0.18
568,treatment,20,12,379.07,0.647,1,20.92,sure_thing,0.03,0.72
569,control,207,1,21.44,0.392,0,0.0,lost_cause,0.02,0.18
570,treatment,309,3,30.28,0.152,0,0.0,lost_cause,0.02,0.18
571,control,33,9,183.96,0.631,1,25.19,persuadable,0.58,13.34
572,treatment,259,0,60.79,0.0,0,0.0,lost_cause,0.02,0.18
573,treatment,25,5,122.48,0.359,0,0.0,persuadable,0.58,13.34
574,treatment,38,3,172.3,0.364,1,17.85,persuadable,0.58,13.34
575,treatment,18,21,515.11,0.284,1,19.97,sure_thing,0.03,0.72
576,control,241,3,58.37,0.204,0,0.0,lost_cause,0.02,0.18
577,treatment,0,24,381.99,0.756,1,19.94,sure_thing,0.03,0.72
578,control,0,17,440.16,0.687,1,30.39,sure_thing,0.03,0.72
579,treatment,22,7,200.85,0.09,1,21.8,persuadable,0.58,13.34
580,control,187,4,71.76,0.053,1,12.66,lost_cause,0.02,0.18
581,control,34,8,158.24,0.142,1,50.18,sleeping_dog,-0.11,-4.84
582,treatment,49,7,141.31,0.459,0,0.0,persuadable,0.58,13.34
583,control,272,5,65.56,0.127,0,0.0,lost_cause,0.02,0.18
584,control,262,0,62.14,0.285,0,0.0,lost_cause,0.02,0.18
585,control,87,1,5.0,0.116,0,0.0,lost_cause,0.02,0.18
586,control,53,3,107.67,0.408,0,0.0,persuadable,0.58,13.34
587,treatment,73,7,115.76,0.319,1,15.8,persuadable,0.58,13.34
588,treatment,10,2,143.38,0.147,0,0.0,sleeping_dog,-0.11,-4.84
589,control,22,23,385.72,0.566,1,33.73,sure_thing,0.03,0.72
590,treatment,9,25,511.98,0.589,0,0.0,sure_thing,0.03,0.72
591,treatment,8,27,408.65,0.593,1,32.69,sure_thing,0.03,0.72
592,treatment,14,16,393.81,0.624,1,19.38,sure_thing,0.03,0.72
593,treatment,10,6,199.77,0.11,0,0.0,sleeping_dog,-0.11,-4.84
594,control,9,13,490.02,0.705,1,26.37,sure_thing,0.03,0.72
595,treatment,275,3,32.73,0.229,0,0.0,lost_cause,0.02,0.18
596,control,10,22,351.61,0.419,1,16.98,sure_thing,0.03,0.72
597,treatment,196,1,19.42,0.203,0,0.0,lost_cause,0.02,0.18
598,treatment,47,10,191.7,0.439,1,25.75,persuadable,0.58,13.34
599,control,7,16,468.02,0.434,1,28.58,sure_thing,0.03,0.72
600,control,70,3,32.49,0.232,0,0.0,lost_cause,0.02,0.18
601,treatment,102,7,74.75,0.461,1,12.63,persuadable,0.58,13.34
602,treatment,58,9,55.01,0.549,1,31.96,persuadable,0.58,13.34
603,control,144,0,41.88,0.228,0,0.0,lost_cause,0.02,0.18
604,control,278,2,46.82,0.162,0,0.0,lost_cause,0.02,0.18
605,treatment,299,3,47.25,0.134,1,13.9,lost_cause,0.02,0.18
606,treatment,203,1,58.19,0.143,0,0.0,lost_cause,0.02,0.18
607,control,324,3,50.64,0.0,0,0.0,lost_cause,0.02,0.18
608,control,286,2,62.95,0.244,0,0.0,lost_cause,0.02,0.18
609,control,125,4,27.56,0.583,0,0.0,persuadable,0.58,13.34
610,treatment,74,2,9.08,0.079,0,0.0,lost_cause,0.02,0.18
611,treatment,61,7,98.21,0.534,1,19.29,persuadable,0.58,13.34
612,control,9,5,498.06,0.384,0,0.0,sure_thing,0.03,0.72
613,control,50,12,129.71,0.498,0,0.0,persuadable,0.58,13.34
614,control,115,1,15.02,0.098,0,0.0,lost_cause,0.02,0.18
615,control,245,2,39.19,0.018,1,6.09,lost_cause,0.02,0.18
616,control,41,12,182.03,0.512,0,0.0,persuadable,0.58,13.34
617,treatment,133,2,48.61,0.136,0,0.0,lost_cause,0.02,0.18
618,treatment,157,2,5.0,0.066,0,0.0,lost_cause,0.02,0.18
619,control,53,7,303.84,0.433,1,26.31,persuadable,0.58,13.34
620,control,0,16,523.86,0.395,1,16.12,sure_thing,0.03,0.72
621,treatment,241,3,5.0,0.194,0,0.0,lost_cause,0.02,0.18
622,control,187,3,52.93,0.083,0,0.0,lost_cause,0.02,0.18
623,control,20,5,165.54,0.026,1,59.72,sleeping_dog,-0.11,-4.84
624,treatment,151,0,28.82,0.203,0,0.0,lost_cause,0.02,0.18
625,control,95,5,190.63,0.377,0,0.0,persuadable,0.58,13.34
626,control,86,2,47.92,0.133,0,0.0,lost_cause,0.02,0.18
627,control,31,6,151.1,0.703,1,25.28,persuadable,0.58,13.34
628,control,399,4,52.31,0.177,0,0.0,lost_cause,0.02,0.18
629,treatment,6,13,319.86,0.441,1,21.27,sure_thing,0.03,0.72
630,treatment,87,3,43.93,0.03,0,0.0,lost_cause,0.02,0.18
631,control,15,21,442.68,0.458,0,0.0,sure_thing,0.03,0.72
632,control,23,4,111.44,0.372,0,0.0,persuadable,0.58,13.34
633,treatment,175,2,18.61,0.169,1,7.7,lost_cause,0.02,0.18
634,treatment,312,0,52.74,0.015,0,0.0,lost_cause,0.02,0.18
635,control,64,5,131.1,0.409,1,29.46,persuadable,0.58,13.34
636,control,4,22,503.98,0.526,1,26.27,sure_thing,0.03,0.72
637,treatment,204,2,27.38,0.155,0,0.0,lost_cause,0.02,0.18
638,treatment,8,17,464.09,0.689,1,19.78,sure_thing,0.03,0.72
639,control,20,15,484.55,0.849,1,25.06,sure_thing,0.03,0.72
640,treatment,27,8,89.72,0.546,1,17.03,persuadable,0.58,13.34
641,treatment,127,2,51.58,0.0,0,0.0,lost_cause,0.02,0.18
642,treatment,77,4,166.98,0.557,1,28.71,persuadable,0.58,13.34
643,treatment,4,24,649.88,0.556,0,0.0,sure_thing,0.03,0.72
644,control,22,11,138.13,0.403,0,0.0,persuadable,0.58,13.34
645,treatment,110,4,5.45,0.148,0,0.0,lost_cause,0.02,0.18
646,control,12,7,86.83,0.216,0,0.0,persuadable,0.58,13.34
647,treatment,19,16,521.09,0.611,1,28.07,sure_thing,0.03,0.72
648,control,318,2,44.29,0.15,0,0.0,lost_cause,0.02,0.18
649,treatment,284,2,33.96,0.226,0,0.0,lost_cause,0.02,0.18
650,control,24,0,193.81,0.139,1,40.39,sleeping_dog,-0.11,-4.84
651,control,82,4,211.6,0.101,0,0.0,persuadable,0.58,13.34
652,treatment,36,3,27.82,0.165,0,0.0,lost_cause,0.02,0.18
653,control,7,7,121.51,0.355,0,0.0,persuadable,0.58,13.34
654,treatment,87,4,48.1,0.216,0,0.0,lost_cause,0.02,0.18
655,treatment,20,19,574.88,0.401,1,21.1,sure_thing,0.03,0.72
656,treatment,16,7,223.49,0.169,1,23.52,persuadable,0.58,13.34
657,treatment,271,3,41.84,0.212,0,0.0,lost_cause,0.02,0.18
658,treatment,360,5,37.16,0.066,0,0.0,lost_cause,0.02,0.18
659,treatment,163,1,41.96,0.107,0,0.0,lost_cause,0.02,0.18
660,treatment,300,4,17.56,0.0,1,8.12,lost_cause,0.02,0.18
661,treatment,67,2,41.4,0.226,0,0.0,lost_cause,0.02,0.18
662,treatment,61,4,13.53,0.3,0,0.0,lost_cause,0.02,0.18
663,control,99,1,12.04,0.014,0,0.0,lost_cause,0.02,0.18
664,control,258,3,36.32,0.139,0,0.0,lost_cause,0.02,0.18
665,control,20,21,385.63,0.599,1,15.04,sure_thing,0.03,0.72
666,treatment,231,3,40.39,0.146,0,0.0,lost_cause,0.02,0.18
667,treatment,63,5,131.28,0.494,1,23.91,persuadable,0.58,13.34
668,treatment,54,6,151.0,0.306,1,22.45,persuadable,0.58,13.34
669,control,278,1,18.44,0.064,0,0.0,lost_cause,0.02,0.18
670,treatment,18,19,659.14,0.329,1,21.63,sure_thing,0.03,0.72
671,control,3,15,340.85,0.51,1,22.28,sure_thing,0.03,0.72
672,treatment,52,2,13.73,0.081,0,0.0,lost_cause,0.02,0.18
673,treatment,364,2,11.44,0.245,0,0.0,lost_cause,0.02,0.18
674,control,68,6,48.25,0.29,0,0.0,persuadable,0.58,13.34
675,control,1,28,345.07,0.615,1,30.22,sure_thing,0.03,0.72
676,control,40,2,167.54,0.2,0,0.0,persuadable,0.58,13.34
677,control,175,1,24.33,0.109,0,0.0,lost_cause,0.02,0.18
678,treatment,21,12,570.59,0.442,1,27.9,sure_thing,0.03,0.72
679,treatment,105,8,124.98,0.083,1,27.55,persuadable,0.58,13.34
680,treatment,33,7,115.92,0.283,0,0.0,persuadable,0.58,13.34
681,control,400,1,21.17,0.184,1,9.65,lost_cause,0.02,0.18
682,treatment,14,13,556.08,0.514,1,15.27,sure_thing,0.03,0.72
683,control,236,0,67.75,0.085,0,0.0,lost_cause,0.02,0.18
684,control,1,6,152.34,0.163,0,0.0,persuadable,0.58,13.34
685,treatment,48,3,8.96,0.074,0,0.0,lost_cause,0.02,0.18
686,control,209,2,30.02,0.274,0,0.0,lost_cause,0.02,0.18
687,treatment,47,4,146.5,0.51,1,22.8,persuadable,0.58,13.34
688,treatment,33,18,521.03,0.374,1,19.25,sure_thing,0.03,0.72
689,treatment,24,21,380.43,0.606,1,22.57,sure_thing,0.03,0.72
690,control,63,3,190.45,0.043,0,0.0,sleeping_dog,-0.11,-4.84
691,control,135,2,55.58,0.044,0,0.0,lost_cause,0.02,0.18
692,control,353,2,39.33,0.154,0,0.0,lost_cause,0.02,0.18
693,treatment,233,2,34.6,0.179,0,0.0,lost_cause,0.02,0.18
694,treatment,327,1,63.83,0.144,0,0.0,lost_cause,0.02,0.18
695,treatment,139,1,58.5,0.411,0,0.0,lost_cause,0.02,0.18
696,control,18,12,373.26,0.822,1,22.98,sure_thing,0.03,0.72
697,treatment,57,4,228.35,0.05,1,45.97,sleeping_dog,-0.11,-4.84
698,treatment,14,17,281.92,0.823,1,26.92,sure_thing,0.03,0.72
699,treatment,11,15,495.31,0.84,1,23.56,sure_thing,0.03,0.72
700,control,142,3,59.12,0.076,1,7.45,lost_cause,0.02,0.18
701,control,14,15,383.09,0.557,1,27.75,sure_thing,0.03,0.72
702,control,26,9,123.2,0.538,0,0.0,persuadable,0.58,13.34
703,treatment,10,24,404.35,0.525,1,21.21,sure_thing,0.03,0.72
704,treatment,54,3,19.92,0.219,1,24.52,persuadable,0.58,13.34
705,control,12,12,402.76,0.383,0,0.0,sure_thing,0.03,0.72
706,treatment,226,3,25.82,0.167,0,0.0,lost_cause,0.02,0.18
707,control,18,25,413.69,0.576,1,27.71,sure_thing,0.03,0.72
708,treatment,16,19,369.35,0.597,0,0.0,sure_thing,0.03,0.72
709,control,219,3,49.63,0.042,0,0.0,lost_cause,0.02,0.18
710,control,15,20,284.48,0.917,0,0.0,sure_thing,0.03,0.72
711,treatment,30,3,133.0,0.282,1,26.67,persuadable,0.58,13.34
712,treatment,127,3,48.43,0.165,0,0.0,lost_cause,0.02,0.18
713,control,0,15,386.58,0.723,1,18.05,sure_thing,0.03,0.72
714,control,36,4,144.34,0.403,0,0.0,persuadable,0.58,13.34
715,treatment,260,0,22.2,0.0,0,0.0,lost_cause,0.02,0.18
716,treatment,319,0,52.98,0.044,1,10.88,lost_cause,0.02,0.18
717,treatment,180,1,40.27,0.024,1,9.39,lost_cause,0.02,0.18
718,control,0,6,506.52,0.382,0,0.0,sure_thing,0.03,0.72
719,treatment,3,14,659.62,0.555,1,27.96,sure_thing,0.03,0.72
720,treatment,0,16,582.41,0.495,1,25.66,sure_thing,0.03,0.72
721,treatment,166,5,24.63,0.208,0,0.0,lost_cause,0.02,0.18
722,treatment,13,7,153.0,0.41,1,11.53,persuadable,0.58,13.34
723,control,39,9,205.52,0.358,0,0.0,persuadable,0.58,13.34
724,treatment,167,3,38.45,0.095,0,0.0,lost_cause,0.02,0.18
725,control,261,0,41.1,0.264,0,0.0,lost_cause,0.02,0.18
726,treatment,200,3,36.87,0.0,0,0.0,lost_cause,0.02,0.18
727,treatment,132,15,50.14,0.598,0,0.0,persuadable,0.58,13.34
728,treatment,0,6,182.64,0.461,1,29.37,persuadable,0.58,13.34
729,control,252,3,32.44,0.154,0,0.0,lost_cause,0.02,0.18
730,control,313,1,5.0,0.047,0,0.0,lost_cause,0.02,0.18
731,treatment,184,3,30.02,0.114,0,0.0,lost_cause,0.02,0.18
732,treatment,1,13,337.22,0.593,0,0.0,sure_thing,0.03,0.72
733,treatment,42,7,305.78,0.368,1,13.66,persuadable,0.58,13.34
734,treatment,186,2,33.44,0.222,0,0.0,lost_cause,0.02,0.18
735,treatment,184,2,5.0,0.17,0,0.0,lost_cause,0.02,0.18
736,control,5,15,458.05,0.764,1,15.98,sure_thing,0.03,0.72
737,control,0,18,328.24,0.625,1,32.2,sure_thing,0.03,0.72
738,treatment,113,6,146.01,0.568,1,27.14,persuadable,0.58,13.34
739,treatment,347,2,47.03,0.186,0,0.0,lost_cause,0.02,0.18
740,control,201,4,32.3,0.067,0,0.0,lost_cause,0.02,0.18
741,treatment,217,3,48.0,0.085,0,0.0,lost_cause,0.02,0.18
742,treatment,17,6,174.54,0.038,0,0.0,sleeping_dog,-0.11,-4.84
743,control,19,4,172.22,0.574,0,0.0,persuadable,0.58,13.34
744,control,183,0,41.04,0.188,0,0.0,lost_cause,0.02,0.18
745,control,13,13,128.73,0.316,0,0.0,persuadable,0.58,13.34
746,treatment,293,1,28.87,0.052,0,0.0,lost_cause,0.02,0.18
747,control,63,11,225.73,0.349,0,0.0,persuadable,0.58,13.34
748,control,248,4,5.0,0.132,0,0.0,lost_cause,0.02,0.18
749,control,84,5,227.71,0.196,0,0.0,persuadable,0.58,13.34
750,control,105,5,27.13,0.192,0,0.0,lost_cause,0.02,0.18
751,control,7,32,472.75,0.6,0,0.0,sure_thing,0.03,0.72
752,control,5,14,492.18,0.334,0,0.0,sure_thing,0.03,0.72
753,control,0,17,280.61,0.246,1,29.57,sure_thing,0.03,0.72
754,treatment,298,0,9.08,0.18,0,0.0,lost_cause,0.02,0.18
755,control,248,4,18.67,0.067,0,0.0,lost_cause,0.02,0.18
756,control,321,0,22.6,0.143,0,0.0,lost_cause,0.02,0.18
757,control,259,4,24.18,0.095,0,0.0,lost_cause,0.02,0.18
758,control,206,2,43.54,0.07,0,0.0,lost_cause,0.02,0.18
759,treatment,119,4,45.66,0.208,0,0.0,lost_cause,0.02,0.18
760,control,11,19,505.13,0.646,1,19.63,sure_thing,0.03,0.72
761,treatment,301,3,36.5,0.151,0,0.0,lost_cause,0.02,0.18
762,treatment,0,16,304.61,0.657,0,0.0,sure_thing,0.03,0.72
763,treatment,325,1,13.09,0.22,0,0.0,lost_cause,0.02,0.18
764,control,130,1,22.72,0.334,0,0.0,lost_cause,0.02,0.18
765,treatment,205,0,43.15,0.15,0,0.0,lost_cause,0.02,0.18
766,treatment,63,5,127.45,0.604,1,32.55,persuadable,0.58,13.34
767,treatment,254,0,69.36,0.296,0,0.0,lost_cause,0.02,0.18
768,treatment,199,0,20.96,0.164,0,0.0,lost_cause,0.02,0.18
769,treatment,16,10,131.98,0.448,1,18.96,persuadable,0.58,13.34
770,treatment,246,0,20.45,0.116,0,0.0,lost_cause,0.02,0.18
771,treatment,109,8,152.64,0.236,0,0.0,persuadable,0.58,13.34
772,treatment,63,1,237.89,0.495,1,22.94,persuadable,0.58,13.34
773,control,176,2,20.89,0.232,0,0.0,lost_cause,0.02,0.18
774,control,87,9,28.14,0.45,1,15.25,persuadable,0.58,13.34
775,treatment,152,1,31.41,0.156,0,0.0,lost_cause,0.02,0.18
776,control,322,3,47.61,0.116,0,0.0,lost_cause,0.02,0.18
777,treatment,55,1,20.01,0.24,0,0.0,lost_cause,0.02,0.18
778,control,13,6,413.83,0.435,1,24.92,sure_thing,0.03,0.72
779,treatment,49,4,105.22,0.004,1,42.45,sleeping_dog,-0.11,-4.84
780,control,269,3,23.35,0.108,0,0.0,lost_cause,0.02,0.18
781,treatment,51,11,258.96,0.286,1,36.96,persuadable,0.58,13.34
782,control,0,21,281.63,0.544,1,21.01,sure_thing,0.03,0.72
783,control,138,3,23.78,0.171,0,0.0,lost_cause,0.02,0.18
784,control,39,8,149.79,0.26,0,0.0,sleeping_dog,-0.11,-4.84
785,treatment,6,20,325.7,0.623,1,34.24,sure_thing,0.03,0.72
786,treatment,213,1,65.46,0.227,0,0.0,lost_cause,0.02,0.18
787,control,130,3,143.95,0.355,1,16.22,persuadable,0.58,13.34
788,control,149,0,34.14,0.082,0,0.0,lost_cause,0.02,0.18
789,treatment,224,0,56.82,0.132,0,0.0,lost_cause,0.02,0.18
790,treatment,154,3,56.67,0.102,0,0.0,lost_cause,0.02,0.18
791,control,20,5,192.95,0.272,1,45.83,sleeping_dog,-0.11,-4.84
792,control,235,2,33.37,0.0,0,0.0,lost_cause,0.02,0.18
793,treatment,57,9,124.29,0.359,1,24.3,persuadable,0.58,13.34
794,control,18,22,152.43,0.505,1,31.91,sure_thing,0.03,0.72
795,control,80,0,40.84,0.121,0,0.0,lost_cause,0.02,0.18
796,treatment,2,16,396.03,0.412,1,22.57,sure_thing,0.03,0.72
797,control,18,17,371.94,0.617,1,34.04,sure_thing,0.03,0.72
798,control,28,21,487.27,0.697,0,0.0,sure_thing,0.03,0.72
799,treatment,23,11,170.97,0.38,1,32.3,persuadable,0.58,13.34
800,treatment,22,7,420.65,0.345,1,21.82,sure_thing,0.03,0.72
801,treatment,24,4,263.05,0.0,0,0.0,sleeping_dog,-0.11,-4.84
802,control,112,1,29.76,0.03,0,0.0,lost_cause,0.02,0.18
803,control,78,9,209.41,0.593,0,0.0,persuadable,0.58,13.34
804,control,197,1,28.7,0.0,0,0.0,lost_cause,0.02,0.18
805,treatment,48,7,96.96,0.179,1,35.91,persuadable,0.58,13.34
806,control,28,5,98.8,0.596,1,17.78,persuadable,0.58,13.34
807,treatment,0,5,110.28,0.14,1,43.92,sleeping_dog,-0.11,-4.84
808,control,267,4,7.61,0.146,0,0.0,lost_cause,0.02,0.18
809,control,0,17,380.31,0.601,0,0.0,sure_thing,0.03,0.72
810,control,14,1,253.5,0.135,1,55.9,sleeping_dog,-0.11,-4.84
811,treatment,52,2,192.0,0.271,1,52.25,sleeping_dog,-0.11,-4.84
812,treatment,133,4,18.74,0.091,0,0.0,lost_cause,0.02,0.18
813,treatment,20,3,195.87,0.042,1,59.97,sleeping_dog,-0.11,-4.84
814,control,388,2,22.76,0.138,0,0.0,lost_cause,0.02,0.18
815,treatment,175,3,48.4,0.134,0,0.0,lost_cause,0.02,0.18
816,control,28,5,240.92,0.316,0,0.0,persuadable,0.58,13.34
817,treatment,24,4,476.98,0.914,1,20.1,sure_thing,0.03,0.72
818,control,282,0,25.76,0.233,1,11.47,lost_cause,0.02,0.18
819,control,43,1,15.01,0.28,1,12.27,lost_cause,0.02,0.18
820,control,119,1,41.42,0.221,0,0.0,lost_cause,0.02,0.18
821,control,118,0,22.0,0.168,0,0.0,lost_cause,0.02,0.18
822,control,103,4,26.51,0.204,0,0.0,lost_cause,0.02,0.18
823,control,73,10,82.93,0.305,1,16.51,persuadable,0.58,13.34
824,treatment,28,13,365.28,0.509,1,34.1,sure_thing,0.03,0.72
825,control,15,19,475.82,0.631,1,24.15,sure_thing,0.03,0.72
826,control,55,8,184.62,0.388,0,0.0,persuadable,0.58,13.34
827,treatment,65,1,15.49,0.0,0,0.0,lost_cause,0.02,0.18
828,treatment,170,4,50.38,0.202,0,0.0,lost_cause,0.02,0.18
829,treatment,131,0,25.83,0.187,0,0.0,lost_cause,0.02,0.18
830,control,358,3,39.93,0.173,0,0.0,lost_cause,0.02,0.18
831,treatment,1,8,96.13,0.412,0,0.0,persuadable,0.58,13.34
832,control,203,3,12.75,0.089,0,0.0,lost_cause,0.02,0.18
833,treatment,235,0,23.22,0.207,0,0.0,lost_cause,0.02,0.18
834,control,28,20,371.67,0.549,1,29.81,sure_thing,0.03,0.72
835,control,18,2,5.0,0.267,0,0.0,lost_cause,0.02,0.18
836,control,347,2,46.08,0.027,0,0.0,lost_cause,0.02,0.18
837,treatment,28,13,525.82,0.674,1,30.88,sure_thing,0.03,0.72
838,control,17,5,149.33,0.402,0,0.0,persuadable,0.58,13.34
839,treatment,351,3,77.04,0.171,0,0.0,lost_cause,0.02,0.18
840,treatment,0,20,488.86,0.646,0,0.0,sure_thing,0.03,0.72
841,treatment,108,1,5.0,0.041,0,0.0,lost_cause,0.02,0.18
842,treatment,111,1,67.84,0.0,0,0.0,lost_cause,0.02,0.18
843,control,18,10,395.04,0.569,1,21.31,sure_thing,0.03,0.72
844,control,139,0,59.74,0.135,0,0.0,lost_cause,0.02,0.18
845,treatment,339,2,53.03,0.17,0,0.0,lost_cause,0.02,0.18
846,treatment,17,19,428.21,0.388,1,12.98,sure_thing,0.03,0.72
847,treatment,10,16,360.31,0.484,0,0.0,sure_thing,0.03,0.72
848,control,87,1,28.7,0.158,0,0.0,lost_cause,0.02,0.18
849,treatment,63,9,211.43,0.322,1,18.13,persuadable,0.58,13.34
850,treatment,115,2,25.91,0.135,0,0.0,lost_cause,0.02,0.18
851,control,55,5,179.02,0.08,0,0.0,sleeping_dog,-0.11,-4.84
852,control,63,0,60.17,0.183,0,0.0,lost_cause,0.02,0.18
853,treatment,235,2,25.38,0.221,0,0.0,lost_cause,0.02,0.18
854,control,287,0,9.09,0.033,0,0.0,lost_cause,0.02,0.18
855,treatment,47,4,111.21,0.011,1,32.51,sleeping_dog,-0.11,-4.84
856,control,120,2,21.22,0.011,0,0.0,lost_cause,0.02,0.18
857,control,9,16,354.06,0.541,1,21.06,sure_thing,0.03,0.72
858,treatment,18,3,38.41,0.102,1,48.11,sleeping_dog,-0.11,-4.84
859,treatment,37,2,106.42,0.137,1,38.82,sleeping_dog,-0.11,-4.84
860,treatment,314,4,39.41,0.144,0,0.0,lost_cause,0.02,0.18
861,control,18,18,486.23,0.61,1,26.2,sure_thing,0.03,0.72
862,control,38,23,495.48,0.7,1,24.89,sure_thing,0.03,0.72
863,control,45,7,181.02,0.362,0,0.0,persuadable,0.58,13.34
864,treatment,224,2,31.79,0.242,0,0.0,lost_cause,0.02,0.18
865,treatment,132,2,30.38,0.265,0,0.0,lost_cause,0.02,0.18
866,control,261,3,35.91,0.075,0,0.0,lost_cause,0.02,0.18
867,control,326,0,74.13,0.083,0,0.0,lost_cause,0.02,0.18
868,treatment,11,28,323.38,0.463,0,0.0,sure_thing,0.03,0.72
869,treatment,327,1,42.59,0.295,0,0.0,lost_cause,0.02,0.18
870,control,258,4,43.84,0.243,0,0.0,lost_cause,0.02,0.18
871,treatment,331,1,14.47,0.17,0,0.0,lost_cause,0.02,0.18
872,control,210,0,25.15,0.139,0,0.0,lost_cause,0.02,0.18
873,control,239,0,55.93,0.158,0,0.0,lost_cause,0.02,0.18
874,control,87,4,70.76,0.421,1,22.91,persuadable,0.58,13.34
875,control,374,3,44.63,0.076,0,0.0,lost_cause,0.02,0.18
876,treatment,200,3,46.53,0.426,0,0.0,lost_cause,0.02,0.18
877,control,61,4,102.31,0.309,0,0.0,persuadable,0.58,13.34
878,treatment,136,2,30.26,0.104,0,0.0,lost_cause,0.02,0.18
879,control,99,3,5.94,0.056,1,11.18,lost_cause,0.02,0.18
880,treatment,72,5,196.8,0.161,0,0.0,sleeping_dog,-0.11,-4.84
881,treatment,27,1,42.04,0.29,1,10.48,persuadable,0.58,13.34
882,treatment,23,15,422.81,0.734,1,28.97,sure_thing,0.03,0.72
883,treatment,163,2,29.43,0.135,0,0.0,lost_cause,0.02,0.18
884,treatment,38,2,27.37,0.246,0,0.0,lost_cause,0.02,0.18
885,treatment,124,4,69.61,0.127,0,0.0,lost_cause,0.02,0.18
886,treatment,105,0,13.61,0.0,0,0.0,lost_cause,0.02,0.18
887,treatment,194,6,22.11,0.242,0,0.0,lost_cause,0.02,0.18
888,treatment,84,3,72.02,0.125,0,0.0,lost_cause,0.02,0.18
889,treatment,5,10,329.93,0.318,1,18.29,sure_thing,0.03,0.72
890,control,200,5,29.5,0.237,0,0.0,lost_cause,0.02,0.18
891,control,210,2,23.8,0.085,0,0.0,lost_cause,0.02,0.18
892,treatment,95,4,117.94,0.389,1,20.01,persuadable,0.58,13.34
893,treatment,283,4,51.97,0.179,0,0.0,lost_cause,0.02,0.18
894,control,306,3,21.59,0.284,0,0.0,lost_cause,0.02,0.18
895,treatment,354,3,33.61,0.219,1,9.74,lost_cause,0.02,0.18
896,treatment,91,6,107.49,0.7,1,21.89,persuadable,0.58,13.34
897,treatment,19,18,519.52,0.625,1,18.21,sure_thing,0.03,0.72
898,control,21,18,487.46,0.444,1,32.33,sure_thing,0.03,0.72
899,control,0,18,402.2,0.69,1,24.02,sure_thing,0.03,0.72
900,control,187,2,28.69,0.266,0,0.0,lost_cause,0.02,0.18
901,control,84,2,47.39,0.131,0,0.0,lost_cause,0.02,0.18
902,control,1,21,452.72,0.705,1,19.21,sure_thing,0.03,0.72
903,treatment,50,3,127.47,0.0,0,0.0,sleeping_dog,-0.11,-4.84
904,treatment,63,9,189.05,0.267,1,15.58,persuadable,0.58,13.34
905,control,23,17,559.12,0.745,1,27.18,sure_thing,0.03,0.72
906,control,19,23,570.46,0.345,1,22.52,sure_thing,0.03,0.72
907,control,282,4,28.41,0.202,0,0.0,lost_cause,0.02,0.18
908,control,36,8,175.31,0.43,0,0.0,persuadable,0.58,13.34
909,control,248,3,39.73,0.167,0,0.0,lost_cause,0.02,0.18
910,control,171,5,13.07,0.093,0,0.0,lost_cause,0.02,0.18
911,control,21,15,316.5,0.584,1,26.47,sure_thing,0.03,0.72
912,treatment,72,17,154.75,0.372,1,20.36,persuadable,0.58,13.34
913,control,53,9,127.64,0.463,0,0.0,persuadable,0.58,13.34
914,control,29,22,351.74,0.231,1,19.55,sure_thing,0.03,0.72
915,control,286,0,25.91,0.258,0,0.0,lost_cause,0.02,0.18
916,treatment,392,0,35.98,0.181,0,0.0,lost_cause,0.02,0.18
917,control,113,4,62.99,0.146,0,0.0,persuadable,0.58,13.34
918,control,26,3,180.27,0.233,1,32.56,sleeping_dog,-0.11,-4.84
919,control,246,3,20.73,0.007,1,8.78,lost_cause,0.02,0.18
920,control,0,4,83.3,0.145,0,0.0,persuadable,0.58,13.34
921,control,173,5,46.61,0.033,1,8.86,lost_cause,0.02,0.18
922,control,231,0,33.39,0.253,0,0.0,lost_cause,0.02,0.18
923,control,12,22,381.92,0.611,1,35.77,sure_thing,0.03,0.72
924,treatment,128,0,5.0,0.187,0,0.0,lost_cause,0.02,0.18
925,control,394,1,70.03,0.091,0,0.0,lost_cause,0.02,0.18
926,treatment,100,2,26.39,0.226,1,12.93,lost_cause,0.02,0.18
927,control,34,7,89.89,0.382,0,0.0,persuadable,0.58,13.34
928,treatment,25,15,273.73,0.508,1,24.09,sure_thing,0.03,0.72
929,treatment,63,4,176.85,0.753,1,24.35,persuadable,0.58,13.34
930,treatment,52,11,187.48,0.247,1,27.65,persuadable,0.58,13.34
931,treatment,118,4,51.88,0.108,0,0.0,lost_cause,0.02,0.18
932,control,305,2,46.91,0.125,0,0.0,lost_cause,0.02,0.18
933,control,63,5,191.47,0.155,1,24.81,sleeping_dog,-0.11,-4.84
934,control,15,15,306.65,0.514,0,0.0,sure_thing,0.03,0.72
935,control,194,2,36.01,0.199,1,8.55,lost_cause,0.02,0.18
936,treatment,99,0,44.08,0.227,0,0.0,lost_cause,0.02,0.18
937,control,27,3,166.7,0.0,1,37.08,sleeping_dog,-0.11,-4.84
938,control,7,21,419.96,0.594,1,31.25,sure_thing,0.03,0.72
939,control,298,0,44.25,0.345,0,0.0,lost_cause,0.02,0.18
940,treatment,10,19,350.38,0.471,1,27.29,sure_thing,0.03,0.72
941,treatment,20,21,449.37,0.988,1,22.94,sure_thing,0.03,0.72
942,control,318,2,17.38,0.303,0,0.0,lost_cause,0.02,0.18
943,treatment,24,4,179.38,0.103,0,0.0,sleeping_dog,-0.11,-4.84
944,control,38,4,90.52,0.132,1,38.51,sleeping_dog,-0.11,-4.84
945,treatment,62,3,50.97,0.183,0,0.0,lost_cause,0.02,0.18
946,treatment,271,1,13.84,0.09,1,7.73,lost_cause,0.02,0.18
947,treatment,303,2,58.32,0.196,0,0.0,lost_cause,0.02,0.18
948,treatment,22,9,89.66,0.31,1,25.97,persuadable,0.58,13.34
949,treatment,6,22,424.16,0.351,1,27.06,sure_thing,0.03,0.72
950,control,85,8,96.81,0.34,0,0.0,persuadable,0.58,13.34
951,control,9,23,568.45,0.443,1,15.12,sure_thing,0.03,0.72
952,treatment,382,2,22.13,0.165,0,0.0,lost_cause,0.02,0.18
953,control,58,8,120.35,0.369,0,0.0,persuadable,0.58,13.34
954,control,256,3,41.98,0.334,0,0.0,lost_cause,0.02,0.18
955,control,30,19,479.57,0.488,0,0.0,sure_thing,0.03,0.72
956,control,281,1,31.81,0.245,0,0.0,lost_cause,0.02,0.18
957,control,10,21,512.79,0.406,1,25.92,sure_thing,0.03,0.72
958,control,42,0,322.07,0.188,1,32.3,sleeping_dog,-0.11,-4.84
959,treatment,20,20,326.84,0.324,1,24.38,sure_thing,0.03,0.72
960,control,222,2,47.62,0.096,0,0.0,lost_cause,0.02,0.18
961,treatment,278,5,27.82,0.062,0,0.0,lost_cause,0.02,0.18
962,control,22,22,291.38,0.525,1,22.86,sure_thing,0.03,0.72
963,control,371,1,27.33,0.253,0,0.0,lost_cause,0.02,0.18
964,treatment,278,1,28.93,0.287,0,0.0,lost_cause,0.02,0.18
965,treatment,156,1,40.45,0.163,1,8.69,lost_cause,0.02,0.18
966,control,11,18,608.73,0.556,1,26.04,sure_thing,0.03,0.72
967,treatment,206,3,58.78,0.039,0,0.0,lost_cause,0.02,0.18
968,treatment,12,20,459.71,0.52,0,0.0,sure_thing,0.03,0.72
969,control,393,1,13.77,0.109,0,0.0,lost_cause,0.02,0.18
970,treatment,6,16,349.56,0.679,1,21.89,sure_thing,0.03,0.72
971,control,98,0,5.0,0.157,0,0.0,lost_cause,0.02,0.18
972,control,38,15,234.96,0.312,0,0.0,persuadable,0.58,13.34
973,treatment,19,1,186.59,0.181,1,41.79,sleeping_dog,-0.11,-4.84
974,control,2,16,172.08,0.437,1,36.42,sure_thing,0.03,0.72
975,control,20,24,606.82,0.592,0,0.0,sure_thing,0.03,0.72
976,control,117,7,162.23,0.523,0,0.0,persuadable,0.58,13.34
977,treatment,157,1,30.97,0.09,0,0.0,lost_cause,0.02,0.18
978,treatment,90,7,261.86,0.568,1,28.6,persuadable,0.58,13.34
979,treatment,152,0,24.71,0.022,0,0.0,lost_cause,0.02,0.18
980,control,46,7,5.0,0.368,0,0.0,persuadable,0.58,13.34
981,control,333,2,39.31,0.037,0,0.0,lost_cause,0.02,0.18
982,control,23,26,337.64,0.631,1,24.89,sure_thing,0.03,0.72
983,control,62,8,202.14,0.525,0,0.0,persuadable,0.58,13.34
984,treatment,132,5,35.44,0.259,0,0.0,lost_cause,0.02,0.18
985,treatment,18,9,222.96,0.341,0,0.0,persuadable,0.58,13.34
986,treatment,8,13,462.9,0.638,0,0.0,sure_thing,0.03,0.72
987,treatment,174,3,25.39,0.023,0,0.0,lost_cause,0.02,0.18
988,control,207,3,29.91,0.205,0,0.0,lost_cause,0.02,0.18
989,control,264,3,31.86,0.027,0,0.0,lost_cause,0.02,0.18
990,control,269,2,17.0,0.0,0,0.0,lost_cause,0.02,0.18
991,treatment,27,25,462.67,0.491,0,0.0,sure_thing,0.03,0.72
992,control,108,0,12.63,0.039,0,0.0,lost_cause,0.02,0.18
993,treatment,15,20,471.06,0.559,1,26.41,sure_thing,0.03,0.72
994,treatment,17,3,174.06,0.08,0,0.0,sleeping_dog,-0.11,-4.84
995,treatment,62,5,103.34,0.325,1,41.48,sleeping_dog,-0.11,-4.84
996,treatment,1,3,127.13,0.321,1,9.38,persuadable,0.58,13.34
997,treatment,40,8,110.08,0.66,0,0.0,persuadable,0.58,13.34
998,control,108,0,13.16,0.21,0,0.0,lost_cause,0.02,0.18
999,control,14,4,140.34,0.13,0,0.0,sleeping_dog,-0.11,-4.84
1000,treatment,81,3,5.34,0.296,0,0.0,lost_cause,0.02,0.18
1001,treatment,67,5,136.31,0.595,1,25.48,persuadable,0.58,13.34
1002,treatment,117,6,135.56,0.495,1,20.15,persuadable,0.58,13.34
1003,treatment,0,24,520.0,0.237,0,0.0,sure_thing,0.03,0.72
1004,treatment,5,20,307.18,0.362,1,18.87,sure_thing,0.03,0.72
1005,treatment,317,0,31.78,0.078,1,5.63,lost_cause,0.02,0.18
1006,treatment,20,22,406.08,0.664,1,27.98,sure_thing,0.03,0.72
1007,treatment,189,5,52.05,0.0,0,0.0,lost_cause,0.02,0.18
1008,treatment,229,0,58.81,0.345,0,0.0,lost_cause,0.02,0.18
1009,control,212,1,21.55,0.223,0,0.0,lost_cause,0.02,0.18
1010,treatment,24,5,161.23,0.417,1,16.92,persuadable,0.58,13.34
1011,control,17,8,102.89,0.184,0,0.0,persuadable,0.58,13.34
1012,treatment,76,1,42.01,0.284,0,0.0,lost_cause,0.02,0.18
1013,control,61,0,13.57,0.028,0,0.0,lost_cause,0.02,0.18
1014,control,109,1,32.89,0.227,0,0.0,lost_cause,0.02,0.18
1015,treatment,390,2,28.06,0.048,0,0.0,lost_cause,0.02,0.18
1016,treatment,176,2,67.47,0.285,0,0.0,lost_cause,0.02,0.18
1017,treatment,0,14,212.57,0.43,1,19.96,sure_thing,0.03,0.72
1018,control,258,3,24.84,0.12,0,0.0,lost_cause,0.02,0.18
1019,treatment,119,2,21.96,0.078,0,0.0,lost_cause,0.02,0.18
1020,treatment,400,4,14.05,0.04,0,0.0,lost_cause,0.02,0.18
1021,control,18,21,421.83,0.522,1,17.35,sure_thing,0.03,0.72
1022,treatment,220,1,12.67,0.244,0,0.0,lost_cause,0.02,0.18
1023,control,68,1,49.79,0.062,0,0.0,lost_cause,0.02,0.18
1024,control,18,9,348.84,0.45,1,17.68,sure_thing,0.03,0.72
1025,control,75,9,169.06,0.403,0,0.0,persuadable,0.58,13.34
1026,control,167,1,63.31,0.045,0,0.0,lost_cause,0.02,0.18
1027,control,79,6,244.36,0.234,0,0.0,persuadable,0.58,13.34
1028,treatment,242,2,19.96,0.12,1,10.9,lost_cause,0.02,0.18
1029,treatment,55,5,196.97,0.511,1,25.73,persuadable,0.58,13.34
1030,treatment,304,4,9.01,0.122,0,0.0,lost_cause,0.02,0.18
1031,treatment,25,5,418.06,0.482,1,21.59,sure_thing,0.03,0.72
1032,treatment,0,7,128.91,0.27,1,27.01,persuadable,0.58,13.34
1033,treatment,0,18,368.03,0.466,1,25.91,sure_thing,0.03,0.72
1034,treatment,179,2,19.93,0.059,0,0.0,lost_cause,0.02,0.18
1035,treatment,272,1,5.0,0.306,0,0.0,lost_cause,0.02,0.18
1036,treatment,22,3,207.19,0.126,0,0.0,sleeping_dog,-0.11,-4.84
1037,control,238,2,29.01,0.26,0,0.0,lost_cause,0.02,0.18
1038,treatment,231,0,62.31,0.252,0,0.0,lost_cause,0.02,0.18
1039,treatment,13,2,208.48,0.004,0,0.0,sleeping_dog,-0.11,-4.84
1040,control,174,1,14.19,0.0,0,0.0,lost_cause,0.02,0.18
1041,control,247,1,32.87,0.0,0,0.0,lost_cause,0.02,0.18
1042,control,313,0,40.7,0.0,0,0.0,lost_cause,0.02,0.18
1043,treatment,211,3,5.0,0.138,0,0.0,lost_cause,0.02,0.18
1044,control,23,21,634.05,0.482,1,30.09,sure_thing,0.03,0.72
1045,treatment,24,16,520.44,0.586,0,0.0,sure_thing,0.03,0.72
1046,control,181,1,29.32,0.144,0,0.0,lost_cause,0.02,0.18
1047,treatment,400,1,7.06,0.254,0,0.0,lost_cause,0.02,0.18
1048,control,65,6,189.38,0.239,0,0.0,persuadable,0.58,13.34
1049,treatment,71,8,98.61,0.605,1,28.2,persuadable,0.58,13.34
1050,treatment,4,24,462.98,0.622,1,24.33,sure_thing,0.03,0.72
1051,control,275,0,42.55,0.132,0,0.0,lost_cause,0.02,0.18
1052,treatment,18,22,544.6,0.521,1,23.23,sure_thing,0.03,0.72
1053,control,14,20,26.22,0.615,0,0.0,sure_thing,0.03,0.72
1054,control,272,2,37.12,0.367,0,0.0,lost_cause,0.02,0.18
1055,treatment,17,7,257.64,0.476,1,18.11,persuadable,0.58,13.34
1056,treatment,79,0,30.51,0.136,0,0.0,lost_cause,0.02,0.18
1057,treatment,0,19,329.18,0.412,1,29.1,sure_thing,0.03,0.72
1058,treatment,311,5,5.0,0.301,0,0.0,lost_cause,0.02,0.18
1059,control,18,17,398.94,0.419,1,26.11,sure_thing,0.03,0.72
1060,treatment,51,7,118.37,0.24,1,15.17,persuadable,0.58,13.34
1061,control,75,10,106.63,0.39,0,0.0,persuadable,0.58,13.34
1062,treatment,65,0,18.91,0.083,0,0.0,lost_cause,0.02,0.18
1063,control,25,4,72.51,0.082,1,52.87,sleeping_dog,-0.11,-4.84
1064,control,83,8,171.49,0.242,0,0.0,persuadable,0.58,13.34
1065,treatment,320,3,35.8,0.022,0,0.0,lost_cause,0.02,0.18
1066,control,242,3,20.11,0.169,0,0.0,lost_cause,0.02,0.18
1067,treatment,88,10,181.16,0.602,1,14.15,persuadable,0.58,13.34
1068,control,167,3,45.76,0.195,0,0.0,lost_cause,0.02,0.18
1069,control,12,16,447.26,0.351,1,19.97,sure_thing,0.03,0.72
1070,control,114,8,169.08,0.415,0,0.0,persuadable,0.58,13.34
1071,control,0,20,454.99,0.642,1,21.07,sure_thing,0.03,0.72
1072,treatment,19,9,143.19,0.388,0,0.0,persuadable,0.58,13.34
1073,treatment,16,11,369.54,0.463,0,0.0,sure_thing,0.03,0.72
1074,treatment,12,16,404.83,0.41,1,34.26,sure_thing,0.03,0.72
1075,treatment,149,2,39.06,0.164,0,0.0,lost_cause,0.02,0.18
1076,control,72,7,121.19,0.436,0,0.0,persuadable,0.58,13.34
1077,treatment,227,1,43.62,0.207,0,0.0,lost_cause,0.02,0.18
1078,control,19,13,543.21,0.43,1,29.64,sure_thing,0.03,0.72
1079,treatment,175,5,33.97,0.221,0,0.0,lost_cause,0.02,0.18
1080,control,23,7,222.42,0.076,1,53.03,sleeping_dog,-0.11,-4.84
1081,treatment,52,5,231.75,0.146,0,0.0,sleeping_dog,-0.11,-4.84
1082,treatment,55,2,47.78,0.17,0,0.0,lost_cause,0.02,0.18
1083,control,21,7,157.57,0.151,0,0.0,sleeping_dog,-0.11,-4.84
1084,control,17,18,471.62,0.592,0,0.0,sure_thing,0.03,0.72
1085,treatment,309,0,23.84,0.119,0,0.0,lost_cause,0.02,0.18
1086,treatment,8,22,686.09,0.531,1,22.43,sure_thing,0.03,0.72
1087,treatment,72,4,25.48,0.271,0,0.0,lost_cause,0.02,0.18
1088,control,2,26,400.24,0.712,0,0.0,sure_thing,0.03,0.72
1089,treatment,196,2,46.74,0.104,0,0.0,lost_cause,0.02,0.18
1090,treatment,167,1,10.71,0.14,0,0.0,lost_cause,0.02,0.18
1091,control,353,3,5.0,0.133,0,0.0,lost_cause,0.02,0.18
1092,control,24,16,242.25,0.402,1,21.49,sure_thing,0.03,0.72
1093,control,77,9,96.66,0.736,1,24.26,persuadable,0.58,13.34
1094,treatment,59,4,227.44,0.18,1,37.68,sleeping_dog,-0.11,-4.84
1095,treatment,71,2,46.16,0.0,0,0.0,lost_cause,0.02,0.18
1096,control,25,12,371.0,0.643,1,30.03,sure_thing,0.03,0.72
1097,control,302,3,53.94,0.156,0,0.0,lost_cause,0.02,0.18
1098,control,253,2,45.98,0.062,0,0.0,lost_cause,0.02,0.18
1099,control,26,3,148.14,0.18,0,0.0,sleeping_dog,-0.11,-4.84
1100,control,0,4,77.03,0.121,0,0.0,lost_cause,0.02,0.18
1101,treatment,85,11,186.96,0.416,1,19.69,persuadable,0.58,13.34
1102,control,5,26,164.6,0.443,1,21.69,sure_thing,0.03,0.72
1103,treatment,82,3,35.61,0.117,0,0.0,lost_cause,0.02,0.18
1104,control,80,6,231.01,0.192,0,0.0,persuadable,0.58,13.34
1105,treatment,147,1,5.0,0.177,0,0.0,lost_cause,0.02,0.18
1106,treatment,48,7,106.91,0.717,1,23.62,persuadable,0.58,13.34
1107,treatment,115,2,23.25,0.292,1,8.46,lost_cause,0.02,0.18
1108,treatment,230,4,5.0,0.246,0,0.0,lost_cause,0.02,0.18
1109,treatment,65,10,196.19,0.55,1,20.53,persuadable,0.58,13.34
1110,treatment,262,2,28.41,0.179,0,0.0,lost_cause,0.02,0.18
1111,treatment,306,1,37.23,0.274,0,0.0,lost_cause,0.02,0.18
1112,control,20,17,256.6,0.517,0,0.0,sure_thing,0.03,0.72
1113,treatment,144,2,63.86,0.014,0,0.0,lost_cause,0.02,0.18
1114,treatment,16,24,313.88,0.723,0,0.0,sure_thing,0.03,0.72
1115,control,91,5,109.74,0.435,0,0.0,persuadable,0.58,13.34
1116,control,71,9,81.72,0.497,0,0.0,persuadable,0.58,13.34
1117,treatment,258,3,69.52,0.234,0,0.0,lost_cause,0.02,0.18
1118,control,13,28,529.82,0.644,0,0.0,sure_thing,0.03,0.72
1119,treatment,42,3,247.29,0.068,0,0.0,sleeping_dog,-0.11,-4.84
1120,control,20,10,237.99,0.525,0,0.0,sure_thing,0.03,0.72
1121,control,23,11,217.45,0.279,0,0.0,persuadable,0.58,13.34
1122,treatment,189,3,37.42,0.309,0,0.0,lost_cause,0.02,0.18
1123,treatment,60,15,97.44,0.416,0,0.0,persuadable,0.58,13.34
1124,control,12,18,552.94,0.683,1,23.74,sure_thing,0.03,0.72
1125,control,94,8,249.59,0.37,1,21.88,persuadable,0.58,13.34
1126,control,55,18,78.98,0.418,1,18.94,persuadable,0.58,13.34
1127,control,36,14,172.25,0.49,1,34.43,persuadable,0.58,13.34
1128,control,257,0,61.51,0.051,0,0.0,lost_cause,0.02,0.18
1129,treatment,31,2,186.01,0.642,1,23.34,persuadable,0.58,13.34
1130,control,205,0,49.67,0.226,0,0.0,lost_cause,0.02,0.18
1131,treatment,208,2,23.21,0.062,0,0.0,lost_cause,0.02,0.18
1132,control,180,3,21.88,0.112,0,0.0,lost_cause,0.02,0.18
1133,treatment,38,16,423.33,0.431,1,25.38,sure_thing,0.03,0.72
1134,treatment,7,15,361.17,0.534,1,21.93,sure_thing,0.03,0.72
1135,treatment,30,4,67.36,0.201,1,53.56,sleeping_dog,-0.11,-4.84
1136,treatment,257,2,5.0,0.158,0,0.0,lost_cause,0.02,0.18
1137,control,221,4,28.11,0.157,0,0.0,lost_cause,0.02,0.18
1138,control,122,4,28.31,0.133,0,0.0,lost_cause,0.02,0.18
1139,treatment,100,6,182.02,0.433,0,0.0,persuadable,0.58,13.34
1140,treatment,16,14,426.2,0.402,1,26.85,sure_thing,0.03,0.72
1141,control,0,19,422.54,0.405,0,0.0,sure_thing,0.03,0.72
1142,control,33,7,92.67,0.553,1,21.94,persuadable,0.58,13.34
1143,control,16,15,563.02,0.636,1,25.89,sure_thing,0.03,0.72
1144,control,20,3,17.01,0.003,0,0.0,lost_cause,0.02,0.18
1145,treatment,302,2,32.75,0.099,0,0.0,lost_cause,0.02,0.18
1146,control,4,21,518.13,0.605,0,0.0,sure_thing,0.03,0.72
1147,treatment,42,5,131.09,0.691,1,25.12,persuadable,0.58,13.34
1148,control,0,18,381.41,0.634,1,26.06,sure_thing,0.03,0.72
1149,control,280,2,21.33,0.222,0,0.0,lost_cause,0.02,0.18
1150,treatment,203,1,71.92,0.148,0,0.0,lost_cause,0.02,0.18
1151,control,318,2,5.0,0.178,0,0.0,lost_cause,0.02,0.18
1152,control,10,18,308.74,0.488,1,25.72,sure_thing,0.03,0.72
1153,control,18,19,422.02,0.864,1,27.55,sure_thing,0.03,0.72
1154,control,0,5,192.9,0.013,1,55.94,sleeping_dog,-0.11,-4.84
1155,treatment,206,0,54.22,0.0,0,0.0,lost_cause,0.02,0.18
1156,control,200,3,21.33,0.074,0,0.0,lost_cause,0.02,0.18
1157,control,6,17,644.47,0.384,1,17.45,sure_thing,0.03,0.72
1158,treatment,60,10,84.84,0.419,1,12.49,persuadable,0.58,13.34
1159,control,52,3,53.0,0.41,0,0.0,persuadable,0.58,13.34
1160,treatment,13,18,401.11,0.693,1,24.89,sure_thing,0.03,0.72
1161,control,41,11,89.0,0.416,0,0.0,persuadable,0.58,13.34
1162,control,8,17,413.69,0.562,1,24.53,sure_thing,0.03,0.72
1163,treatment,29,4,101.53,0.286,0,0.0,sleeping_dog,-0.11,-4.84
1164,control,172,0,26.54,0.308,0,0.0,lost_cause,0.02,0.18
1165,control,327,4,40.98,0.302,0,0.0,lost_cause,0.02,0.18
1166,treatment,74,9,247.33,0.674,1,25.6,persuadable,0.58,13.34
1167,treatment,376,2,5.0,0.151,0,0.0,lost_cause,0.02,0.18
1168,control,80,9,107.85,0.409,1,26.92,persuadable,0.58,13.34
1169,control,13,16,496.59,0.498,1,23.85,sure_thing,0.03,0.72
1170,treatment,0,22,530.94,0.37,1,22.03,sure_thing,0.03,0.72
1171,control,192,1,22.48,0.014,0,0.0,lost_cause,0.02,0.18
1172,control,37,6,73.71,0.436,1,24.06,persuadable,0.58,13.34
1173,treatment,154,2,46.4,0.129,0,0.0,lost_cause,0.02,0.18
1174,control,46,4,170.86,0.109,0,0.0,sleeping_dog,-0.11,-4.84
1175,control,71,8,119.48,0.46,1,22.86,persuadable,0.58,13.34
1176,treatment,308,2,5.0,0.269,0,0.0,lost_cause,0.02,0.18
1177,control,293,2,5.0,0.151,0,0.0,lost_cause,0.02,0.18
1178,treatment,0,9,176.13,0.432,1,19.73,persuadable,0.58,13.34
1179,control,16,23,405.4,0.367,0,0.0,sure_thing,0.03,0.72
1180,control,270,0,5.0,0.231,0,0.0,lost_cause,0.02,0.18
1181,treatment,1,24,219.43,0.775,1,24.78,sure_thing,0.03,0.72
1182,treatment,81,0,22.24,0.017,0,0.0,lost_cause,0.02,0.18
1183,treatment,239,3,5.0,0.181,0,0.0,lost_cause,0.02,0.18
1184,control,12,23,398.88,0.42,0,0.0,sure_thing,0.03,0.72
1185,control,47,10,123.84,0.22,0,0.0,persuadable,0.58,13.34
1186,treatment,109,5,182.28,0.189,1,18.97,persuadable,0.58,13.34
1187,control,229,2,25.33,0.207,0,0.0,lost_cause,0.02,0.18
1188,control,12,16,397.83,0.455,1,27.41,sure_thing,0.03,0.72
1189,control,10,9,609.44,0.686,1,23.27,sure_thing,0.03,0.72
1190,treatment,48,4,234.79,0.003,0,0.0,sleeping_dog,-0.11,-4.84
1191,treatment,185,3,19.72,0.099,0,0.0,lost_cause,0.02,0.18
1192,treatment,19,19,463.05,0.482,1,23.03,sure_thing,0.03,0.72
1193,control,156,7,246.58,0.008,0,0.0,persuadable,0.58,13.34
1194,treatment,253,0,39.48,0.083,1,7.24,lost_cause,0.02,0.18
1195,control,198,1,59.06,0.281,0,0.0,lost_cause,0.02,0.18
1196,treatment,3,6,322.84,0.457,1,24.42,sure_thing,0.03,0.72
1197,control,248,1,5.0,0.134,0,0.0,lost_cause,0.02,0.18
1198,treatment,58,11,155.6,0.476,1,16.91,persuadable,0.58,13.34
1199,control,211,2,17.62,0.124,0,0.0,lost_cause,0.02,0.18
1200,treatment,187,3,16.68,0.118,0,0.0,lost_cause,0.02,0.18
1201,control,367,0,64.63,0.154,0,0.0,lost_cause,0.02,0.18
1202,control,42,5,137.11,0.174,1,28.65,persuadable,0.58,13.34
1203,treatment,209,3,25.35,0.026,0,0.0,lost_cause,0.02,0.18
1204,treatment,108,8,168.57,0.341,1,21.43,persuadable,0.58,13.34
1205,treatment,108,6,207.43,0.216,1,22.64,persuadable,0.58,13.34
1206,treatment,41,1,184.66,0.157,0,0.0,sleeping_dog,-0.11,-4.84
1207,treatment,268,3,13.48,0.106,0,0.0,lost_cause,0.02,0.18
1208,treatment,298,0,5.0,0.309,0,0.0,lost_cause,0.02,0.18
1209,treatment,126,2,39.04,0.118,0,0.0,lost_cause,0.02,0.18
1210,control,40,2,240.77,0.09,1,48.5,sleeping_dog,-0.11,-4.84
1211,control,115,11,200.95,0.285,0,0.0,persuadable,0.58,13.34
1212,treatment,196,2,6.55,0.242,0,0.0,lost_cause,0.02,0.18
1213,control,94,8,192.47,0.524,1,35.26,persuadable,0.58,13.34
1214,treatment,47,11,178.16,0.251,1,13.43,persuadable,0.58,13.34
1215,control,50,6,158.49,0.113,1,29.14,sleeping_dog,-0.11,-4.84
1216,control,79,10,87.17,0.359,0,0.0,persuadable,0.58,13.34
1217,treatment,64,8,224.17,0.253,1,24.55,persuadable,0.58,13.34
1218,control,34,5,149.92,0.507,0,0.0,persuadable,0.58,13.34
1219,treatment,134,2,16.11,0.183,0,0.0,lost_cause,0.02,0.18
1220,treatment,197,3,46.83,0.146,0,0.0,lost_cause,0.02,0.18
1221,treatment,49,14,162.64,0.613,1,20.99,persuadable,0.58,13.34
1222,control,106,4,34.85,0.226,0,0.0,lost_cause,0.02,0.18
1223,treatment,292,3,36.13,0.231,0,0.0,lost_cause,0.02,0.18
1224,treatment,13,1,231.98,0.276,0,0.0,sleeping_dog,-0.11,-4.84
1225,control,8,17,607.25,0.511,1,23.08,sure_thing,0.03,0.72
1226,control,35,15,543.82,0.329,0,0.0,sure_thing,0.03,0.72
1227,treatment,16,2,337.86,0.02,1,35.51,sleeping_dog,-0.11,-4.84
1228,treatment,213,4,41.78,0.23,0,0.0,lost_cause,0.02,0.18
1229,control,40,1,101.79,0.007,1,44.48,sleeping_dog,-0.11,-4.84
1230,treatment,35,7,170.47,0.604,1,14.45,persuadable,0.58,13.34
1231,control,101,3,16.72,0.1,0,0.0,lost_cause,0.02,0.18
1232,control,255,2,9.28,0.156,0,0.0,lost_cause,0.02,0.18
1233,treatment,122,1,23.43,0.228,1,6.61,lost_cause,0.02,0.18
1234,treatment,75,5,152.63,0.506,0,0.0,persuadable,0.58,13.34
1235,control,82,0,13.29,0.107,0,0.0,lost_cause,0.02,0.18
1236,treatment,251,0,50.65,0.362,0,0.0,lost_cause,0.02,0.18
1237,control,78,8,230.24,0.438,0,0.0,persuadable,0.58,13.34
1238,control,26,19,592.72,0.461,1,25.77,sure_thing,0.03,0.72
1239,treatment,18,10,624.66,0.443,0,0.0,sure_thing,0.03,0.72
1240,treatment,34,3,159.81,0.508,1,11.17,persuadable,0.58,13.34
1241,control,217,1,43.29,0.0,0,0.0,lost_cause,0.02,0.18
1242,treatment,147,2,32.89,0.048,0,0.0,lost_cause,0.02,0.18
1243,treatment,16,17,535.97,0.18,1,20.73,sure_thing,0.03,0.72
1244,treatment,277,2,38.91,0.047,1,5.28,lost_cause,0.02,0.18
1245,control,23,16,560.09,0.579,1,28.07,sure_thing,0.03,0.72
1246,control,37,3,54.41,0.382,0,0.0,persuadable,0.58,13.34
1247,control,8,11,477.42,0.739,1,29.94,sure_thing,0.03,0.72
1248,control,1,11,534.67,0.5,1,22.65,sure_thing,0.03,0.72
1249,treatment,254,2,25.09,0.203,0,0.0,lost_cause,0.02,0.18
1250,control,228,3,28.21,0.107,0,0.0,lost_cause,0.02,0.18
1251,control,22,5,126.01,0.379,1,29.33,persuadable,0.58,13.34
1252,control,305,3,51.01,0.242,0,0.0,lost_cause,0.02,0.18
1253,control,10,17,559.7,0.425,1,33.63,sure_thing,0.03,0.72
1254,treatment,240,2,5.0,0.117,0,0.0,lost_cause,0.02,0.18
1255,treatment,42,6,265.22,0.05,0,0.0,sleeping_dog,-0.11,-4.84
1256,treatment,326,2,38.44,0.092,0,0.0,lost_cause,0.02,0.18
1257,control,244,0,56.01,0.092,0,0.0,lost_cause,0.02,0.18
1258,control,4,12,520.33,0.674,1,27.36,sure_thing,0.03,0.72
1259,control,43,8,148.9,0.24,0,0.0,persuadable,0.58,13.34
1260,control,51,6,147.02,0.031,0,0.0,sleeping_dog,-0.11,-4.84
1261,treatment,46,2,242.14,0.306,1,22.92,persuadable,0.58,13.34
1262,control,243,4,15.73,0.172,0,0.0,lost_cause,0.02,0.18
1263,treatment,0,2,31.33,0.297,0,0.0,lost_cause,0.02,0.18
1264,control,69,7,93.47,0.281,0,0.0,persuadable,0.58,13.34
1265,treatment,29,1,210.84,0.029,0,0.0,sleeping_dog,-0.11,-4.84
1266,control,182,0,33.95,0.122,0,0.0,lost_cause,0.02,0.18
1267,treatment,94,11,173.07,0.288,1,30.38,persuadable,0.58,13.34
1268,control,386,2,28.2,0.184,0,0.0,lost_cause,0.02,0.18
1269,treatment,17,1,338.43,0.408,1,24.5,sure_thing,0.03,0.72
1270,control,0,21,380.69,0.304,0,0.0,sure_thing,0.03,0.72
1271,control,12,19,587.13,0.721,1,23.03,sure_thing,0.03,0.72
1272,control,14,3,252.6,0.153,0,0.0,sleeping_dog,-0.11,-4.84
1273,treatment,12,20,468.71,0.419,1,27.59,sure_thing,0.03,0.72
1274,treatment,161,2,49.29,0.089,0,0.0,lost_cause,0.02,0.18
1275,control,35,7,241.9,0.722,0,0.0,persuadable,0.58,13.34
1276,treatment,23,28,535.77,0.141,1,16.54,sure_thing,0.03,0.72
1277,treatment,201,3,39.94,0.118,0,0.0,lost_cause,0.02,0.18
1278,control,173,2,34.83,0.208,0,0.0,lost_cause,0.02,0.18
1279,control,16,22,438.77,0.281,1,26.51,sure_thing,0.03,0.72
1280,control,50,3,27.35,0.229,0,0.0,lost_cause,0.02,0.18
1281,treatment,267,1,10.99,0.071,0,0.0,lost_cause,0.02,0.18
1282,control,384,3,46.12,0.09,0,0.0,lost_cause,0.02,0.18
1283,control,364,0,28.95,0.295,0,0.0,lost_cause,0.02,0.18
1284,treatment,192,2,19.98,0.015,0,0.0,lost_cause,0.02,0.18
1285,control,83,15,173.56,0.327,0,0.0,persuadable,0.58,13.34
1286,treatment,54,7,143.38,0.204,1,23.52,persuadable,0.58,13.34
1287,treatment,132,2,27.7,0.199,0,0.0,lost_cause,0.02,0.18
1288,control,11,22,540.22,0.465,0,0.0,sure_thing,0.03,0.72
1289,treatment,43,12,135.05,0.507,1,24.89,persuadable,0.58,13.34
1290,control,163,2,69.48,0.071,0,0.0,lost_cause,0.02,0.18
1291,treatment,4,12,586.66,0.664,1,31.84,sure_thing,0.03,0.72
1292,treatment,259,3,19.29,0.217,0,0.0,lost_cause,0.02,0.18
1293,control,31,21,459.42,0.443,1,33.84,sure_thing,0.03,0.72
1294,treatment,20,5,83.27,0.114,0,0.0,sleeping_dog,-0.11,-4.84
1295,treatment,177,3,51.9,0.322,0,0.0,lost_cause,0.02,0.18
1296,control,23,5,147.57,0.035,1,46.98,sleeping_dog,-0.11,-4.84
1297,control,13,19,586.7,0.568,1,9.14,sure_thing,0.03,0.72
1298,control,102,8,74.38,0.818,0,0.0,persuadable,0.58,13.34
1299,control,16,24,366.9,0.625,1,19.05,sure_thing,0.03,0.72
1300,treatment,83,6,266.33,0.272,1,23.03,persuadable,0.58,13.34
1301,control,284,2,12.15,0.081,0,0.0,lost_cause,0.02,0.18
1302,treatment,48,5,112.12,0.446,1,28.88,persuadable,0.58,13.34
1303,control,239,2,13.04,0.204,0,0.0,lost_cause,0.02,0.18
1304,treatment,12,24,424.46,0.638,1,27.04,sure_thing,0.03,0.72
1305,control,14,25,330.74,0.504,0,0.0,sure_thing,0.03,0.72
1306,treatment,102,3,65.24,0.045,0,0.0,lost_cause,0.02,0.18
1307,treatment,109,3,11.34,0.198,0,0.0,lost_cause,0.02,0.18
1308,treatment,25,6,73.15,0.293,1,26.72,persuadable,0.58,13.34
1309,control,78,8,124.73,0.334,0,0.0,persuadable,0.58,13.34
1310,control,7,19,423.87,0.751,0,0.0,sure_thing,0.03,0.72
1311,treatment,289,1,35.07,0.199,0,0.0,lost_cause,0.02,0.18
1312,treatment,25,17,471.87,0.581,0,0.0,sure_thing,0.03,0.72
1313,control,290,2,64.92,0.162,1,13.67,lost_cause,0.02,0.18
1314,treatment,27,12,344.16,0.706,1,32.93,sure_thing,0.03,0.72
1315,treatment,12,9,619.29,0.484,1,32.46,sure_thing,0.03,0.72
1316,control,23,19,624.4,0.36,1,23.5,sure_thing,0.03,0.72
1317,control,214,2,5.0,0.221,1,13.33,lost_cause,0.02,0.18
1318,control,346,2,29.4,0.176,0,0.0,lost_cause,0.02,0.18
1319,treatment,44,0,5.0,0.387,1,22.67,persuadable,0.58,13.34
1320,treatment,12,16,716.56,0.691,0,0.0,sure_thing,0.03,0.72
1321,control,78,2,176.95,0.545,0,0.0,persuadable,0.58,13.34
1322,control,208,2,37.14,0.196,0,0.0,lost_cause,0.02,0.18
1323,treatment,187,2,21.32,0.148,0,0.0,lost_cause,0.02,0.18
1324,control,5,18,256.68,0.754,1,22.3,sure_thing,0.03,0.72
1325,control,15,19,405.7,0.621,1,17.13,sure_thing,0.03,0.72
1326,control,64,13,112.78,0.532,0,0.0,persuadable,0.58,13.34
1327,treatment,18,6,151.68,0.632,1,21.73,persuadable,0.58,13.34
1328,treatment,209,0,46.46,0.0,1,10.07,lost_cause,0.02,0.18
1329,control,58,9,139.13,0.27,0,0.0,persuadable,0.58,13.34
1330,treatment,263,2,39.24,0.008,0,0.0,lost_cause,0.02,0.18
1331,control,29,16,460.88,0.673,1,21.86,sure_thing,0.03,0.72
1332,treatment,6,3,29.24,0.175,0,0.0,lost_cause,0.02,0.18
1333,control,225,3,42.75,0.196,0,0.0,lost_cause,0.02,0.18
1334,control,19,18,528.34,0.549,1,16.43,sure_thing,0.03,0.72
1335,treatment,1,16,321.59,0.504,0,0.0,sure_thing,0.03,0.72
1336,control,24,19,470.6,0.481,1,18.73,sure_thing,0.03,0.72
1337,control,20,22,640.36,0.567,1,23.08,sure_thing,0.03,0.72
1338,treatment,16,18,449.73,0.637,1,25.58,sure_thing,0.03,0.72
1339,treatment,226,0,27.98,0.157,0,0.0,lost_cause,0.02,0.18
1340,treatment,22,12,499.83,0.685,1,28.42,sure_thing,0.03,0.72
1341,treatment,137,1,5.0,0.287,0,0.0,lost_cause,0.02,0.18
1342,control,6,24,532.96,0.417,1,24.33,sure_thing,0.03,0.72
1343,treatment,16,15,580.08,0.57,0,0.0,sure_thing,0.03,0.72
1344,control,19,14,470.04,0.477,1,26.02,sure_thing,0.03,0.72
1345,treatment,136,3,41.44,0.127,0,0.0,lost_cause,0.02,0.18
1346,control,8,24,259.34,0.649,1,13.89,sure_thing,0.03,0.72
1347,treatment,324,0,67.85,0.099,0,0.0,lost_cause,0.02,0.18
1348,treatment,171,2,49.88,0.109,0,0.0,lost_cause,0.02,0.18
1349,control,186,4,38.42,0.27,0,0.0,lost_cause,0.02,0.18
1350,treatment,5,23,415.41,0.437,0,0.0,sure_thing,0.03,0.72
1351,control,62,4,77.47,0.461,0,0.0,persuadable,0.58,13.34
1352,treatment,297,3,5.94,0.226,0,0.0,lost_cause,0.02,0.18
1353,control,102,1,19.23,0.369,0,0.0,lost_cause,0.02,0.18
1354,treatment,19,12,501.21,0.505,1,26.55,sure_thing,0.03,0.72
1355,treatment,400,3,47.84,0.242,0,0.0,lost_cause,0.02,0.18
1356,treatment,16,7,251.51,0.373,1,24.08,persuadable,0.58,13.34
1357,control,146,0,38.26,0.3,0,0.0,lost_cause,0.02,0.18
1358,treatment,155,2,57.52,0.083,0,0.0,lost_cause,0.02,0.18
1359,control,34,16,362.54,0.866,0,0.0,sure_thing,0.03,0.72
1360,control,82,0,26.26,0.288,0,0.0,lost_cause,0.02,0.18
1361,control,157,1,5.0,0.121,0,0.0,lost_cause,0.02,0.18
1362,treatment,126,0,5.0,0.187,0,0.0,lost_cause,0.02,0.18
1363,control,53,7,76.9,0.584,0,0.0,persuadable,0.58,13.34
1364,control,14,3,184.03,0.126,1,25.01,sleeping_dog,-0.11,-4.84
1365,control,170,1,40.22,0.168,0,0.0,lost_cause,0.02,0.18
1366,control,110,8,163.79,0.477,0,0.0,persuadable,0.58,13.34
1367,control,112,1,47.88,0.182,1,9.94,lost_cause,0.02,0.18
1368,control,0,17,393.35,0.707,1,22.57,sure_thing,0.03,0.72
1369,control,0,3,30.9,0.152,0,0.0,lost_cause,0.02,0.18
1370,control,318,3,40.92,0.136,0,0.0,lost_cause,0.02,0.18
1371,control,76,4,138.76,0.567,0,0.0,persuadable,0.58,13.34
1372,treatment,28,5,178.93,0.118,1,20.27,persuadable,0.58,13.34
1373,control,280,5,38.42,0.077,0,0.0,lost_cause,0.02,0.18
1374,treatment,272,4,49.44,0.158,0,0.0,lost_cause,0.02,0.18
1375,control,60,2,153.49,0.3,1,25.19,persuadable,0.58,13.34
1376,control,0,3,245.28,0.136,1,31.43,sleeping_dog,-0.11,-4.84
1377,control,10,17,591.74,0.583,0,0.0,sure_thing,0.03,0.72
1378,treatment,89,5,188.15,0.34,1,22.58,persuadable,0.58,13.34
1379,treatment,17,4,199.32,0.0,1,53.21,sleeping_dog,-0.11,-4.84
1380,control,48,8,5.0,0.611,0,0.0,persuadable,0.58,13.34
1381,control,0,14,508.01,0.57,1,19.13,sure_thing,0.03,0.72
1382,treatment,261,2,16.72,0.283,0,0.0,lost_cause,0.02,0.18
1383,control,266,3,15.36,0.236,0,0.0,lost_cause,0.02,0.18
1384,treatment,10,14,369.52,0.596,1,16.55,sure_thing,0.03,0.72
1385,control,40,2,143.39,0.161,0,0.0,persuadable,0.58,13.34
1386,treatment,148,1,17.12,0.086,0,0.0,lost_cause,0.02,0.18
1387,treatment,400,2,34.97,0.328,0,0.0,lost_cause,0.02,0.18
1388,control,158,1,36.19,0.14,0,0.0,lost_cause,0.02,0.18
1389,control,0,7,604.1,0.518,1,31.65,sure_thing,0.03,0.72
1390,control,102,1,5.06,0.0,0,0.0,lost_cause,0.02,0.18
1391,treatment,56,7,203.44,0.211,1,22.89,persuadable,0.58,13.34
1392,treatment,396,3,36.11,0.048,0,0.0,lost_cause,0.02,0.18
1393,treatment,11,20,423.52,0.481,1,26.47,sure_thing,0.03,0.72
1394,control,1,16,507.12,0.818,0,0.0,sure_thing,0.03,0.72
1395,control,7,29,386.5,0.453,1,25.22,sure_thing,0.03,0.72
1396,control,176,1,44.33,0.0,0,0.0,lost_cause,0.02,0.18
1397,treatment,217,3,18.77,0.229,1,11.55,lost_cause,0.02,0.18
1398,treatment,6,15,158.93,0.239,1,16.4,persuadable,0.58,13.34
1399,treatment,121,2,39.21,0.161,0,0.0,lost_cause,0.02,0.18
1400,control,188,3,12.73,0.115,0,0.0,lost_cause,0.02,0.18
1401,control,1,18,368.89,0.376,1,18.46,sure_thing,0.03,0.72
1402,control,255,3,37.68,0.173,0,0.0,lost_cause,0.02,0.18
1403,control,24,8,63.88,0.518,0,0.0,persuadable,0.58,13.34
1404,control,117,9,160.86,0.686,0,0.0,persuadable,0.58,13.34
1405,control,12,4,139.8,0.0,0,0.0,sleeping_dog,-0.11,-4.84
1406,control,47,10,102.07,0.271,0,0.0,persuadable,0.58,13.34
1407,control,26,16,470.11,0.42,1,16.76,sure_thing,0.03,0.72
1408,control,241,0,10.79,0.162,0,0.0,lost_cause,0.02,0.18
1409,treatment,55,9,146.82,0.396,1,12.65,persuadable,0.58,13.34
1410,control,66,4,273.63,0.599,0,0.0,persuadable,0.58,13.34
1411,treatment,42,5,230.21,0.275,1,26.06,persuadable,0.58,13.34
1412,treatment,11,23,430.28,0.667,1,28.21,sure_thing,0.03,0.72
1413,control,50,10,163.83,0.302,0,0.0,persuadable,0.58,13.34
1414,control,101,3,36.25,0.325,0,0.0,lost_cause,0.02,0.18
1415,treatment,13,19,446.82,0.871,1,25.88,sure_thing,0.03,0.72
1416,control,8,15,364.27,0.21,1,17.86,sure_thing,0.03,0.72
1417,treatment,280,6,5.0,0.072,0,0.0,lost_cause,0.02,0.18
1418,control,141,3,5.0,0.156,0,0.0,lost_cause,0.02,0.18
1419,control,70,4,50.23,0.136,1,3.74,lost_cause,0.02,0.18
1420,control,13,26,240.52,0.415,1,31.89,sure_thing,0.03,0.72
1421,control,293,3,33.63,0.304,1,7.55,lost_cause,0.02,0.18
1422,treatment,241,4,18.89,0.052,0,0.0,lost_cause,0.02,0.18
1423,treatment,100,8,184.84,0.596,0,0.0,persuadable,0.58,13.34
1424,control,6,21,715.22,0.679,1,10.84,sure_thing,0.03,0.72
1425,control,13,19,194.32,0.522,1,26.25,sure_thing,0.03,0.72
1426,control,41,4,5.0,0.121,1,38.91,sleeping_dog,-0.11,-4.84
1427,treatment,191,1,53.05,0.178,0,0.0,lost_cause,0.02,0.18
1428,treatment,0,21,489.15,0.527,1,21.69,sure_thing,0.03,0.72
1429,control,141,1,5.0,0.213,0,0.0,lost_cause,0.02,0.18
1430,control,281,1,48.62,0.086,0,0.0,lost_cause,0.02,0.18
1431,control,14,4,157.73,0.052,1,24.25,sleeping_dog,-0.11,-4.84
1432,treatment,187,0,40.69,0.147,0,0.0,lost_cause,0.02,0.18
1433,control,41,4,72.61,0.58,0,0.0,persuadable,0.58,13.34
1434,control,96,5,192.51,0.414,0,0.0,persuadable,0.58,13.34
1435,treatment,23,20,300.08,0.406,1,24.62,sure_thing,0.03,0.72
1436,treatment,30,11,59.55,0.691,0,0.0,persuadable,0.58,13.34
1437,treatment,149,1,24.35,0.1,0,0.0,lost_cause,0.02,0.18
1438,control,262,4,36.54,0.293,0,0.0,lost_cause,0.02,0.18
1439,control,10,21,155.09,0.456,1,25.65,sure_thing,0.03,0.72
1440,control,237,1,56.59,0.086,0,0.0,lost_cause,0.02,0.18
1441,treatment,102,1,45.59,0.279,0,0.0,lost_cause,0.02,0.18
1442,control,324,4,34.89,0.127,0,0.0,lost_cause,0.02,0.18
1443,control,55,6,142.0,0.0,1,35.02,sleeping_dog,-0.11,-4.84
1444,control,60,3,40.87,0.026,0,0.0,lost_cause,0.02,0.18
1445,control,138,1,58.64,0.167,0,0.0,lost_cause,0.02,0.18
1446,treatment,8,3,172.93,0.158,1,34.66,sleeping_dog,-0.11,-4.84
1447,treatment,244,1,18.23,0.043,0,0.0,lost_cause,0.02,0.18
1448,treatment,27,3,164.32,0.072,0,0.0,sleeping_dog,-0.11,-4.84
1449,treatment,85,10,165.49,0.228,0,0.0,persuadable,0.58,13.34
1450,treatment,8,23,380.54,0.53,1,20.96,sure_thing,0.03,0.72
1451,control,203,2,47.33,0.051,0,0.0,lost_cause,0.02,0.18
1452,control,283,2,6.71,0.226,0,0.0,lost_cause,0.02,0.18
1453,treatment,264,4,64.03,0.216,0,0.0,lost_cause,0.02,0.18
1454,control,0,3,45.9,0.336,0,0.0,lost_cause,0.02,0.18
1455,treatment,331,1,21.93,0.148,0,0.0,lost_cause,0.02,0.18
1456,treatment,166,2,44.81,0.129,0,0.0,lost_cause,0.02,0.18
1457,control,60,6,142.05,0.487,0,0.0,persuadable,0.58,13.34
1458,control,17,20,395.82,0.517,1,23.05,sure_thing,0.03,0.72
1459,control,6,4,283.38,0.147,1,43.75,sleeping_dog,-0.11,-4.84
1460,control,60,8,102.56,0.396,0,0.0,persuadable,0.58,13.34
1461,control,211,0,25.19,0.086,0,0.0,lost_cause,0.02,0.18
1462,treatment,15,20,411.52,0.497,1,28.33,sure_thing,0.03,0.72
1463,treatment,143,1,39.5,0.255,0,0.0,lost_cause,0.02,0.18
1464,control,114,4,12.79,0.099,0,0.0,lost_cause,0.02,0.18
1465,treatment,42,3,217.67,0.093,0,0.0,sleeping_dog,-0.11,-4.84
1466,control,269,0,47.83,0.14,0,0.0,lost_cause,0.02,0.18
1467,treatment,254,1,40.08,0.172,0,0.0,lost_cause,0.02,0.18
1468,treatment,234,3,36.59,0.0,0,0.0,lost_cause,0.02,0.18
1469,control,23,20,45.77,0.567,0,0.0,sure_thing,0.03,0.72
1470,treatment,3,13,419.33,0.505,1,15.64,sure_thing,0.03,0.72
1471,treatment,153,2,42.62,0.136,1,12.82,lost_cause,0.02,0.18
1472,control,54,3,199.78,0.271,0,0.0,persuadable,0.58,13.34
1473,treatment,354,2,25.6,0.171,0,0.0,lost_cause,0.02,0.18
1474,control,60,4,144.66,0.519,0,0.0,persuadable,0.58,13.34
1475,treatment,6,13,241.63,0.57,1,27.47,sure_thing,0.03,0.72
1476,treatment,1,22,285.96,0.813,1,20.47,sure_thing,0.03,0.72
1477,control,0,17,390.19,0.372,0,0.0,sure_thing,0.03,0.72
1478,treatment,7,7,490.68,0.546,1,25.13,sure_thing,0.03,0.72
1479,treatment,34,0,178.67,0.0,1,40.96,sleeping_dog,-0.11,-4.84
1480,treatment,69,11,146.62,0.517,1,17.13,persuadable,0.58,13.34
1481,treatment,246,1,38.59,0.202,1,11.65,lost_cause,0.02,0.18
1482,control,0,20,309.93,0.449,1,29.17,sure_thing,0.03,0.72
1483,treatment,265,1,44.06,0.074,0,0.0,lost_cause,0.02,0.18
1484,control,220,3,19.78,0.196,0,0.0,lost_cause,0.02,0.18
1485,treatment,239,2,22.73,0.0,0,0.0,lost_cause,0.02,0.18
1486,control,317,2,69.57,0.109,0,0.0,lost_cause,0.02,0.18
1487,treatment,44,2,209.96,0.125,0,0.0,sleeping_dog,-0.11,-4.84
1488,treatment,45,6,117.43,0.104,1,20.14,persuadable,0.58,13.34
1489,treatment,40,8,62.51,0.342,0,0.0,persuadable,0.58,13.34
1490,treatment,14,15,275.81,0.421,0,0.0,sure_thing,0.03,0.72
1491,control,307,3,22.66,0.18,0,0.0,lost_cause,0.02,0.18
1492,treatment,313,0,36.7,0.24,0,0.0,lost_cause,0.02,0.18
1493,treatment,223,0,14.87,0.313,0,0.0,lost_cause,0.02,0.18
1494,control,225,3,6.87,0.221,0,0.0,lost_cause,0.02,0.18
1495,treatment,108,3,57.82,0.143,0,0.0,lost_cause,0.02,0.18
1496,treatment,63,4,166.2,0.356,1,29.56,persuadable,0.58,13.34
1497,control,195,2,55.56,0.222,0,0.0,lost_cause,0.02,0.18
1498,treatment,162,3,11.81,0.319,1,11.37,lost_cause,0.02,0.18
1499,treatment,0,13,513.85,0.75,1,25.11,sure_thing,0.03,0.72
1500,control,15,18,346.8,0.606,1,24.13,sure_thing,0.03,0.72
1501,control,18,18,223.48,0.337,0,0.0,sure_thing,0.03,0.72
1502,control,53,10,46.65,0.139,0,0.0,persuadable,0.58,13.34
1503,control,138,0,5.0,0.185,0,0.0,lost_cause,0.02,0.18
1504,control,213,2,17.12,0.245,0,0.0,lost_cause,0.02,0.18
1505,control,219,1,78.97,0.269,0,0.0,lost_cause,0.02,0.18
1506,treatment,148,1,44.67,0.044,0,0.0,lost_cause,0.02,0.18
1507,treatment,85,8,205.15,0.0,1,29.41,persuadable,0.58,13.34
1508,control,44,3,101.88,0.152,0,0.0,sleeping_dog,-0.11,-4.84
1509,control,0,19,569.27,0.495,1,20.45,sure_thing,0.03,0.72
1510,control,59,3,35.48,0.117,0,0.0,lost_cause,0.02,0.18
1511,treatment,189,0,28.53,0.161,0,0.0,lost_cause,0.02,0.18
1512,treatment,115,9,141.09,0.502,1,33.18,persuadable,0.58,13.34
1513,control,74,6,180.9,0.386,0,0.0,persuadable,0.58,13.34
1514,treatment,19,22,338.46,0.513,0,0.0,sure_thing,0.03,0.72
1515,control,213,1,35.1,0.043,0,0.0,lost_cause,0.02,0.18
1516,control,240,4,31.73,0.128,0,0.0,lost_cause,0.02,0.18
1517,treatment,9,16,429.98,0.814,1,20.1,sure_thing,0.03,0.72
1518,control,31,7,174.36,0.303,0,0.0,persuadable,0.58,13.34
1519,control,132,1,54.79,0.288,0,0.0,lost_cause,0.02,0.18
1520,treatment,94,0,40.15,0.176,0,0.0,lost_cause,0.02,0.18
1521,treatment,46,2,57.87,0.144,0,0.0,lost_cause,0.02,0.18
1522,control,210,0,27.8,0.119,0,0.0,lost_cause,0.02,0.18
1523,treatment,35,7,99.52,0.186,1,24.27,persuadable,0.58,13.34
1524,control,15,18,406.61,0.436,1,24.48,sure_thing,0.03,0.72
1525,treatment,65,11,83.62,0.012,0,0.0,sleeping_dog,-0.11,-4.84
1526,control,158,3,65.98,0.194,0,0.0,lost_cause,0.02,0.18
1527,control,264,1,38.79,0.145,0,0.0,lost_cause,0.02,0.18
1528,control,62,11,153.57,0.191,0,0.0,persuadable,0.58,13.34
1529,control,8,19,395.93,0.685,1,29.56,sure_thing,0.03,0.72
1530,treatment,83,4,26.1,0.052,0,0.0,lost_cause,0.02,0.18
1531,control,331,2,14.28,0.195,0,0.0,lost_cause,0.02,0.18
1532,treatment,0,23,454.18,0.642,1,30.6,sure_thing,0.03,0.72
1533,treatment,0,18,516.77,0.502,1,33.08,sure_thing,0.03,0.72
1534,control,26,16,580.82,0.502,0,0.0,sure_thing,0.03,0.72
1535,control,194,0,19.98,0.016,0,0.0,lost_cause,0.02,0.18
1536,treatment,8,1,151.98,0.145,0,0.0,sleeping_dog,-0.11,-4.84
1537,treatment,16,24,284.92,0.721,0,0.0,sure_thing,0.03,0.72
1538,treatment,90,6,100.9,0.307,1,19.21,persuadable,0.58,13.34
1539,control,7,10,373.43,0.567,1,14.96,sure_thing,0.03,0.72
1540,treatment,192,2,43.14,0.061,0,0.0,lost_cause,0.02,0.18
1541,treatment,224,2,51.74,0.272,0,0.0,lost_cause,0.02,0.18
1542,control,274,3,21.72,0.152,0,0.0,lost_cause,0.02,0.18
1543,control,283,0,21.63,0.219,0,0.0,lost_cause,0.02,0.18
1544,treatment,45,3,72.25,0.137,0,0.0,lost_cause,0.02,0.18
1545,control,159,1,36.41,0.016,0,0.0,lost_cause,0.02,0.18
1546,control,251,0,50.08,0.154,0,0.0,lost_cause,0.02,0.18
1547,treatment,263,2,33.19,0.0,1,11.78,lost_cause,0.02,0.18
1548,control,75,10,190.5,0.536,0,0.0,persuadable,0.58,13.34
1549,control,231,1,13.33,0.39,0,0.0,lost_cause,0.02,0.18
1550,control,131,2,25.18,0.009,0,0.0,lost_cause,0.02,0.18
1551,control,55,6,185.32,0.256,0,0.0,persuadable,0.58,13.34
1552,treatment,10,20,589.89,0.621,1,16.24,sure_thing,0.03,0.72
1553,control,249,4,5.0,0.204,0,0.0,lost_cause,0.02,0.18
1554,treatment,194,2,22.13,0.133,0,0.0,lost_cause,0.02,0.18
1555,treatment,12,17,583.31,0.513,1,23.14,sure_thing,0.03,0.72
1556,treatment,211,4,17.58,0.028,0,0.0,lost_cause,0.02,0.18
1557,treatment,63,6,93.35,0.36,1,18.16,persuadable,0.58,13.34
1558,treatment,96,9,239.1,0.24,1,19.33,persuadable,0.58,13.34
1559,control,321,5,21.49,0.24,0,0.0,lost_cause,0.02,0.18
1560,control,201,5,14.97,0.128,0,0.0,lost_cause,0.02,0.18
1561,treatment,0,4,202.48,0.74,0,0.0,persuadable,0.58,13.34
1562,control,252,2,5.0,0.06,0,0.0,lost_cause,0.02,0.18
1563,treatment,16,28,448.34,0.459,1,20.27,sure_thing,0.03,0.72
1564,treatment,79,6,196.49,0.287,1,19.13,persuadable,0.58,13.34
1565,control,22,4,138.44,0.355,1,11.37,persuadable,0.58,13.34
1566,control,0,7,77.34,0.361,0,0.0,persuadable,0.58,13.34
1567,control,14,16,436.67,0.545,0,0.0,sure_thing,0.03,0.72
1568,control,44,10,195.26,0.348,1,24.56,persuadable,0.58,13.34
1569,control,8,27,584.82,0.672,1,25.2,sure_thing,0.03,0.72
1570,control,342,4,35.32,0.0,0,0.0,lost_cause,0.02,0.18
1571,control,22,20,345.52,0.752,0,0.0,sure_thing,0.03,0.72
1572,treatment,301,4,41.53,0.122,0,0.0,lost_cause,0.02,0.18
1573,control,44,9,82.91,0.479,0,0.0,persuadable,0.58,13.34
1574,treatment,37,6,152.04,0.935,1,20.6,persuadable,0.58,13.34
1575,control,98,4,36.57,0.336,0,0.0,lost_cause,0.02,0.18
1576,control,115,2,60.5,0.291,0,0.0,lost_cause,0.02,0.18
1577,treatment,31,4,56.76,0.004,0,0.0,lost_cause,0.02,0.18
1578,treatment,19,15,492.48,0.543,0,0.0,sure_thing,0.03,0.72
1579,control,35,4,176.61,0.056,1,53.8,sleeping_dog,-0.11,-4.84
1580,control,21,4,212.1,0.0,1,44.01,sleeping_dog,-0.11,-4.84
1581,treatment,27,1,157.4,0.09,0,0.0,sleeping_dog,-0.11,-4.84
1582,treatment,78,12,163.54,0.471,1,23.41,persuadable,0.58,13.34
1583,control,5,15,500.01,0.705,0,0.0,sure_thing,0.03,0.72
1584,control,306,3,30.62,0.271,0,0.0,lost_cause,0.02,0.18
1585,control,195,2,41.71,0.176,0,0.0,lost_cause,0.02,0.18
1586,treatment,162,1,42.08,0.199,0,0.0,lost_cause,0.02,0.18
1587,treatment,3,6,202.55,0.651,1,20.87,persuadable,0.58,13.34
1588,control,203,3,53.01,0.267,0,0.0,lost_cause,0.02,0.18
1589,treatment,105,3,24.67,0.032,0,0.0,lost_cause,0.02,0.18
1590,control,262,0,71.41,0.086,0,0.0,lost_cause,0.02,0.18
1591,control,131,0,36.23,0.334,0,0.0,lost_cause,0.02,0.18
1592,control,53,8,155.94,0.304,0,0.0,persuadable,0.58,13.34
1593,treatment,292,4,60.11,0.117,0,0.0,lost_cause,0.02,0.18
1594,treatment,234,2,18.19,0.124,0,0.0,lost_cause,0.02,0.18
1595,treatment,5,6,104.93,0.531,1,26.24,persuadable,0.58,13.34
1596,treatment,2,8,77.13,0.189,1,25.92,persuadable,0.58,13.34
1597,control,10,14,533.4,0.75,1,18.17,sure_thing,0.03,0.72
1598,treatment,3,21,380.68,0.592,1,20.54,sure_thing,0.03,0.72
1599,control,205,3,28.69,0.023,0,0.0,lost_cause,0.02,0.18
1600,control,73,6,135.1,0.0,0,0.0,persuadable,0.58,13.34
1601,control,115,2,138.11,0.238,0,0.0,persuadable,0.58,13.34
1602,control,12,14,403.82,0.646,1,24.63,sure_thing,0.03,0.72
1603,control,261,2,11.35,0.144,0,0.0,lost_cause,0.02,0.18
1604,treatment,189,0,34.42,0.235,0,0.0,lost_cause,0.02,0.18
1605,treatment,208,1,25.74,0.335,0,0.0,lost_cause,0.02,0.18
1606,treatment,319,0,22.75,0.231,0,0.0,lost_cause,0.02,0.18
1607,treatment,362,3,50.56,0.153,0,0.0,lost_cause,0.02,0.18
1608,treatment,261,0,25.54,0.129,0,0.0,lost_cause,0.02,0.18
1609,treatment,337,5,40.34,0.247,0,0.0,lost_cause,0.02,0.18
1610,treatment,70,1,13.29,0.152,1,10.61,lost_cause,0.02,0.18
1611,treatment,224,2,5.34,0.126,0,0.0,lost_cause,0.02,0.18
1612,control,210,0,75.78,0.0,0,0.0,lost_cause,0.02,0.18
1613,treatment,169,0,47.26,0.078,0,0.0,lost_cause,0.02,0.18
1614,treatment,0,23,401.88,0.489,1,22.26,sure_thing,0.03,0.72
1615,treatment,15,23,383.1,0.753,0,0.0,sure_thing,0.03,0.72
1616,treatment,260,2,43.52,0.135,0,0.0,lost_cause,0.02,0.18
1617,treatment,34,9,161.27,0.469,0,0.0,persuadable,0.58,13.34
1618,control,38,14,425.76,0.66,1,17.82,sure_thing,0.03,0.72
1619,treatment,17,13,509.68,0.441,1,33.45,sure_thing,0.03,0.72
1620,control,71,8,142.86,0.479,0,0.0,persuadable,0.58,13.34
1621,control,50,15,190.22,0.321,0,0.0,persuadable,0.58,13.34
1622,control,66,8,88.18,0.246,0,0.0,persuadable,0.58,13.34
1623,treatment,44,7,145.93,0.119,0,0.0,persuadable,0.58,13.34
1624,treatment,9,13,651.67,0.462,1,21.82,sure_thing,0.03,0.72
1625,treatment,74,11,271.66,0.358,1,23.04,persuadable,0.58,13.34
1626,control,384,1,16.07,0.132,1,7.82,lost_cause,0.02,0.18
1627,treatment,1,22,323.1,0.521,1,21.09,sure_thing,0.03,0.72
1628,control,258,5,43.62,0.144,0,0.0,lost_cause,0.02,0.18
1629,treatment,313,2,35.87,0.267,0,0.0,lost_cause,0.02,0.18
1630,control,336,0,35.28,0.0,0,0.0,lost_cause,0.02,0.18
1631,treatment,332,2,57.6,0.192,0,0.0,lost_cause,0.02,0.18
1632,treatment,220,1,65.82,0.143,1,7.5,lost_cause,0.02,0.18
1633,control,0,20,567.73,0.493,1,25.47,sure_thing,0.03,0.72
1634,control,87,5,228.34,0.519,0,0.0,persuadable,0.58,13.34
1635,control,56,11,111.55,0.491,0,0.0,persuadable,0.58,13.34
1636,control,159,1,49.07,0.0,0,0.0,lost_cause,0.02,0.18
1637,control,0,6,423.62,0.487,1,26.23,sure_thing,0.03,0.72
1638,treatment,30,8,27.09,0.326,1,24.72,persuadable,0.58,13.34
1639,control,316,1,18.69,0.186,0,0.0,lost_cause,0.02,0.18
1640,treatment,292,1,20.21,0.148,0,0.0,lost_cause,0.02,0.18
1641,control,173,0,37.85,0.0,0,0.0,lost_cause,0.02,0.18
1642,treatment,2,18,388.98,0.43,1,26.39,sure_thing,0.03,0.72
1643,treatment,359,2,10.7,0.161,0,0.0,lost_cause,0.02,0.18
1644,treatment,3,23,453.23,0.529,1,26.24,sure_thing,0.03,0.72
1645,treatment,140,2,23.24,0.196,0,0.0,lost_cause,0.02,0.18
1646,control,18,11,544.28,0.693,1,23.57,sure_thing,0.03,0.72
1647,treatment,0,18,354.18,0.487,1,34.51,sure_thing,0.03,0.72
1648,control,5,12,477.86,0.713,1,20.31,sure_thing,0.03,0.72
1649,treatment,105,2,16.51,0.123,0,0.0,lost_cause,0.02,0.18
1650,treatment,4,4,210.63,0.132,1,18.75,persuadable,0.58,13.34
1651,treatment,54,9,191.47,0.562,1,22.13,persuadable,0.58,13.34
1652,treatment,36,3,99.87,0.285,1,25.55,persuadable,0.58,13.34
1653,treatment,209,1,45.17,0.211,0,0.0,lost_cause,0.02,0.18
1654,control,37,2,137.72,0.21,1,38.05,sleeping_dog,-0.11,-4.84
1655,treatment,5,15,656.23,0.572,1,27.68,sure_thing,0.03,0.72
1656,control,97,4,56.76,0.089,0,0.0,lost_cause,0.02,0.18
1657,control,200,1,38.81,0.167,0,0.0,lost_cause,0.02,0.18
1658,treatment,18,20,362.63,0.53,1,14.94,sure_thing,0.03,0.72
1659,treatment,10,23,302.78,0.39,1,18.23,sure_thing,0.03,0.72
1660,control,209,1,54.33,0.154,0,0.0,lost_cause,0.02,0.18
1661,control,162,4,30.73,0.209,0,0.0,lost_cause,0.02,0.18
1662,treatment,220,2,37.26,0.044,1,11.08,lost_cause,0.02,0.18
1663,treatment,82,1,235.8,0.332,1,19.72,persuadable,0.58,13.34
1664,control,102,1,42.88,0.395,0,0.0,lost_cause,0.02,0.18
1665,control,12,1,25.39,0.01,0,0.0,lost_cause,0.02,0.18
1666,treatment,15,24,339.67,0.597,1,23.27,sure_thing,0.03,0.72
1667,treatment,287,1,46.53,0.301,0,0.0,lost_cause,0.02,0.18
1668,control,296,2,23.16,0.17,0,0.0,lost_cause,0.02,0.18
1669,treatment,33,9,235.08,0.28,1,27.44,sleeping_dog,-0.11,-4.84
1670,control,290,2,12.38,0.163,0,0.0,lost_cause,0.02,0.18
1671,control,18,15,437.96,0.392,1,21.28,sure_thing,0.03,0.72
1672,control,178,4,42.17,0.267,0,0.0,lost_cause,0.02,0.18
1673,treatment,254,0,51.54,0.082,0,0.0,lost_cause,0.02,0.18
1674,control,60,10,257.15,0.335,0,0.0,persuadable,0.58,13.34
1675,control,0,4,150.04,0.181,1,57.51,sleeping_dog,-0.11,-4.84
1676,control,184,2,65.0,0.017,0,0.0,lost_cause,0.02,0.18
1677,treatment,320,3,5.0,0.267,0,0.0,lost_cause,0.02,0.18
1678,control,109,3,46.03,0.357,0,0.0,lost_cause,0.02,0.18
1679,treatment,240,2,64.98,0.418,0,0.0,lost_cause,0.02,0.18
1680,treatment,25,19,572.52,0.725,1,28.9,sure_thing,0.03,0.72
1681,control,108,8,151.49,0.285,0,0.0,persuadable,0.58,13.34
1682,control,26,9,104.7,0.269,0,0.0,persuadable,0.58,13.34
1683,treatment,13,18,509.66,0.652,0,0.0,sure_thing,0.03,0.72
1684,control,173,1,48.71,0.223,0,0.0,lost_cause,0.02,0.18
1685,treatment,277,3,28.2,0.0,0,0.0,lost_cause,0.02,0.18
1686,control,8,18,493.85,0.389,0,0.0,sure_thing,0.03,0.72
1687,treatment,87,7,227.33,0.563,1,22.07,persuadable,0.58,13.34
1688,treatment,220,3,5.0,0.21,0,0.0,lost_cause,0.02,0.18
1689,control,56,2,48.88,0.247,0,0.0,lost_cause,0.02,0.18
1690,control,67,6,177.27,0.7,0,0.0,persuadable,0.58,13.34
1691,control,186,1,5.0,0.196,0,0.0,lost_cause,0.02,0.18
1692,treatment,127,4,53.59,0.233,0,0.0,lost_cause,0.02,0.18
1693,control,255,2,11.54,0.259,0,0.0,lost_cause,0.02,0.18
1694,treatment,21,3,150.98,0.247,0,0.0,sleeping_dog,-0.11,-4.84
1695,control,290,2,32.15,0.228,0,0.0,lost_cause,0.02,0.18
1696,treatment,108,4,5.0,0.145,0,0.0,lost_cause,0.02,0.18
1697,control,252,2,35.44,0.026,0,0.0,lost_cause,0.02,0.18
1698,control,13,20,432.89,0.407,1,19.25,sure_thing,0.03,0.72
1699,treatment,124,2,63.17,0.096,0,0.0,lost_cause,0.02,0.18
1700,control,29,6,244.48,0.595,0,0.0,persuadable,0.58,13.34
1701,treatment,169,2,39.01,0.228,0,0.0,lost_cause,0.02,0.18
1702,treatment,5,0,176.05,0.459,1,14.2,persuadable,0.58,13.34
1703,treatment,228,4,34.16,0.283,0,0.0,lost_cause,0.02,0.18
1704,control,34,7,222.73,0.292,1,26.18,persuadable,0.58,13.34
1705,control,322,2,31.0,0.303,0,0.0,lost_cause,0.02,0.18
1706,treatment,0,11,193.17,0.18,1,25.07,persuadable,0.58,13.34
1707,treatment,62,9,244.27,0.431,1,20.82,persuadable,0.58,13.34
1708,treatment,256,4,19.78,0.209,0,0.0,lost_cause,0.02,0.18
1709,control,272,3,52.8,0.064,0,0.0,lost_cause,0.02,0.18
1710,control,21,21,591.2,0.419,1,24.6,sure_thing,0.03,0.72
1711,treatment,10,19,626.66,0.651,1,18.88,sure_thing,0.03,0.72
1712,treatment,28,23,259.32,0.821,0,0.0,sure_thing,0.03,0.72
1713,treatment,21,11,58.33,0.267,0,0.0,persuadable,0.58,13.34
1714,treatment,21,19,346.36,0.591,1,27.51,sure_thing,0.03,0.72
1715,treatment,7,15,214.67,0.473,1,28.12,sure_thing,0.03,0.72
1716,treatment,15,16,464.78,0.388,1,29.15,sure_thing,0.03,0.72
1717,treatment,7,10,383.34,0.43,0,0.0,sure_thing,0.03,0.72
1718,treatment,171,2,5.0,0.223,0,0.0,lost_cause,0.02,0.18
1719,treatment,201,3,15.76,0.053,0,0.0,lost_cause,0.02,0.18
1720,treatment,269,1,31.54,0.223,0,0.0,lost_cause,0.02,0.18
1721,control,229,5,5.03,0.062,0,0.0,lost_cause,0.02,0.18
1722,control,229,1,5.0,0.239,0,0.0,lost_cause,0.02,0.18
1723,treatment,93,11,188.22,0.013,0,0.0,persuadable,0.58,13.34
1724,control,250,3,30.26,0.23,0,0.0,lost_cause,0.02,0.18
1725,treatment,361,3,5.0,0.104,0,0.0,lost_cause,0.02,0.18
1726,control,15,22,424.2,0.317,1,30.18,sure_thing,0.03,0.72
1727,treatment,336,2,66.82,0.21,0,0.0,lost_cause,0.02,0.18
1728,treatment,341,4,51.71,0.219,0,0.0,lost_cause,0.02,0.18
1729,control,249,4,63.83,0.129,0,0.0,lost_cause,0.02,0.18
1730,treatment,19,18,470.66,0.515,1,21.29,sure_thing,0.03,0.72
1731,treatment,10,23,337.25,0.399,1,22.72,sure_thing,0.03,0.72
1732,treatment,60,3,195.86,0.101,1,43.72,sleeping_dog,-0.11,-4.84
1733,control,70,9,220.75,0.274,1,26.28,persuadable,0.58,13.34
1734,treatment,146,0,62.87,0.18,0,0.0,lost_cause,0.02,0.18
1735,treatment,21,18,486.01,0.854,1,23.31,sure_thing,0.03,0.72
1736,control,111,2,54.15,0.158,0,0.0,lost_cause,0.02,0.18
1737,treatment,228,3,17.32,0.0,0,0.0,lost_cause,0.02,0.18
1738,control,37,0,188.66,0.119,0,0.0,sleeping_dog,-0.11,-4.84
1739,control,127,2,48.59,0.117,0,0.0,lost_cause,0.02,0.18
1740,control,43,2,47.85,0.406,0,0.0,lost_cause,0.02,0.18
1741,treatment,0,19,425.98,0.327,1,24.61,sure_thing,0.03,0.72
1742,control,11,20,433.63,0.661,0,0.0,sure_thing,0.03,0.72
1743,treatment,188,3,40.34,0.214,0,0.0,lost_cause,0.02,0.18
1744,treatment,48,2,170.14,0.065,0,0.0,sleeping_dog,-0.11,-4.84
1745,control,400,1,21.61,0.0,0,0.0,lost_cause,0.02,0.18
1746,control,11,26,445.34,0.474,1,29.69,sure_thing,0.03,0.72
1747,treatment,217,1,5.0,0.204,0,0.0,lost_cause,0.02,0.18
1748,control,73,5,232.73,0.321,0,0.0,persuadable,0.58,13.34
1749,treatment,229,4,46.25,0.222,0,0.0,lost_cause,0.02,0.18
1750,treatment,210,2,31.48,0.185,0,0.0,lost_cause,0.02,0.18
1751,control,69,4,142.29,0.413,1,20.92,persuadable,0.58,13.34
1752,treatment,17,6,210.38,0.191,1,43.45,sleeping_dog,-0.11,-4.84
1753,treatment,56,0,107.55,0.576,1,23.75,persuadable,0.58,13.34
1754,treatment,87,10,166.5,0.26,1,25.34,persuadable,0.58,13.34
1755,treatment,230,4,51.15,0.235,0,0.0,lost_cause,0.02,0.18
1756,treatment,98,0,5.17,0.274,0,0.0,lost_cause,0.02,0.18
1757,control,0,17,570.81,0.642,1,22.11,sure_thing,0.03,0.72
1758,treatment,239,0,14.23,0.367,0,0.0,lost_cause,0.02,0.18
1759,treatment,16,2,156.86,0.158,0,0.0,sleeping_dog,-0.11,-4.84
1760,treatment,286,0,7.2,0.308,1,6.45,lost_cause,0.02,0.18
1761,treatment,239,2,33.07,0.186,0,0.0,lost_cause,0.02,0.18
1762,treatment,242,4,46.11,0.0,0,0.0,lost_cause,0.02,0.18
1763,treatment,219,0,32.82,0.0,0,0.0,lost_cause,0.02,0.18
1764,control,8,19,463.33,0.395,1,31.16,sure_thing,0.03,0.72
1765,control,280,2,65.49,0.24,0,0.0,lost_cause,0.02,0.18
1766,treatment,87,7,161.62,0.307,1,26.68,persuadable,0.58,13.34
1767,control,1,21,545.42,0.701,1,19.42,sure_thing,0.03,0.72
1768,control,115,4,57.94,0.194,0,0.0,lost_cause,0.02,0.18
1769,treatment,38,10,194.68,0.385,0,0.0,persuadable,0.58,13.34
1770,control,28,14,145.09,0.311,0,0.0,persuadable,0.58,13.34
1771,treatment,41,0,47.49,0.161,0,0.0,lost_cause,0.02,0.18
1772,treatment,25,8,146.23,0.34,1,28.82,persuadable,0.58,13.34
1773,control,30,9,184.15,0.241,1,15.34,persuadable,0.58,13.34
1774,treatment,6,19,280.45,0.643,0,0.0,sure_thing,0.03,0.72
1775,control,173,5,57.42,0.305,0,0.0,lost_cause,0.02,0.18
1776,control,59,6,33.09,0.537,0,0.0,persuadable,0.58,13.34
1777,treatment,35,2,150.55,0.033,0,0.0,sleeping_dog,-0.11,-4.84
1778,control,214,0,22.87,0.05,0,0.0,lost_cause,0.02,0.18
1779,control,270,1,39.88,0.043,0,0.0,lost_cause,0.02,0.18
1780,treatment,26,7,175.51,0.399,1,21.35,persuadable,0.58,13.34
1781,control,9,17,369.25,0.792,1,33.07,sure_thing,0.03,0.72
1782,control,150,0,63.18,0.087,0,0.0,lost_cause,0.02,0.18
1783,treatment,28,17,558.9,0.267,1,29.57,sure_thing,0.03,0.72
1784,control,231,3,21.19,0.18,0,0.0,lost_cause,0.02,0.18
1785,control,74,13,109.7,0.365,0,0.0,persuadable,0.58,13.34
1786,control,212,0,53.81,0.055,0,0.0,lost_cause,0.02,0.18
1787,control,280,2,69.57,0.166,0,0.0,lost_cause,0.02,0.18
1788,control,175,2,53.67,0.13,0,0.0,lost_cause,0.02,0.18
1789,treatment,271,1,84.51,0.147,0,0.0,lost_cause,0.02,0.18
1790,treatment,49,4,55.42,0.054,0,0.0,sleeping_dog,-0.11,-4.84
1791,treatment,282,1,27.32,0.137,0,0.0,lost_cause,0.02,0.18
1792,control,3,16,475.06,0.7,1,28.92,sure_thing,0.03,0.72
1793,treatment,10,4,48.95,0.127,0,0.0,sleeping_dog,-0.11,-4.84
1794,control,191,1,35.4,0.008,0,0.0,lost_cause,0.02,0.18
1795,treatment,202,3,18.84,0.226,1,12.64,lost_cause,0.02,0.18
1796,treatment,64,11,216.09,0.583,1,25.7,persuadable,0.58,13.34
1797,control,175,1,60.12,0.253,1,4.17,lost_cause,0.02,0.18
1798,control,35,7,229.89,0.64,0,0.0,persuadable,0.58,13.34
1799,treatment,25,7,129.67,0.546,1,20.79,persuadable,0.58,13.34
1800,treatment,153,1,40.8,0.0,0,0.0,lost_cause,0.02,0.18
1801,treatment,0,21,516.99,0.65,1,12.3,sure_thing,0.03,0.72
1802,control,21,22,494.25,0.417,1,20.21,sure_thing,0.03,0.72
1803,control,22,17,506.02,0.599,1,20.18,sure_thing,0.03,0.72
1804,control,160,0,36.82,0.106,0,0.0,lost_cause,0.02,0.18
1805,treatment,120,4,64.04,0.204,1,10.2,lost_cause,0.02,0.18
1806,treatment,279,4,21.18,0.182,0,0.0,lost_cause,0.02,0.18
1807,control,251,3,43.09,0.003,0,0.0,lost_cause,0.02,0.18
1808,treatment,204,0,57.87,0.16,0,0.0,lost_cause,0.02,0.18
1809,control,29,6,116.83,0.415,0,0.0,persuadable,0.58,13.34
1810,treatment,70,4,193.37,0.363,0,0.0,persuadable,0.58,13.34
1811,control,225,2,5.0,0.086,0,0.0,lost_cause,0.02,0.18
1812,treatment,20,22,530.21,0.703,1,18.06,sure_thing,0.03,0.72
1813,control,0,9,640.57,0.589,1,22.05,sure_thing,0.03,0.72
1814,treatment,219,3,46.18,0.289,1,6.18,lost_cause,0.02,0.18
1815,control,348,3,51.84,0.232,0,0.0,lost_cause,0.02,0.18
1816,control,33,0,181.08,0.133,1,46.84,sleeping_dog,-0.11,-4.84
1817,control,293,2,7.03,0.308,0,0.0,lost_cause,0.02,0.18
1818,treatment,13,18,340.26,0.768,1,32.67,sure_thing,0.03,0.72
1819,control,49,4,227.94,0.177,1,51.98,sleeping_dog,-0.11,-4.84
1820,treatment,186,1,66.37,0.085,0,0.0,lost_cause,0.02,0.18
1821,control,50,10,113.5,0.558,0,0.0,persuadable,0.58,13.34
1822,treatment,276,5,43.93,0.223,0,0.0,lost_cause,0.02,0.18
1823,treatment,79,8,270.34,0.582,1,19.67,persuadable,0.58,13.34
1824,treatment,83,5,250.51,0.572,1,25.4,persuadable,0.58,13.34
1825,control,69,4,159.61,0.618,0,0.0,persuadable,0.58,13.34
1826,control,50,4,85.0,0.124,1,43.83,sleeping_dog,-0.11,-4.84
1827,treatment,46,8,124.16,0.391,1,23.53,persuadable,0.58,13.34
1828,treatment,20,5,160.24,0.127,1,44.04,sleeping_dog,-0.11,-4.84
1829,treatment,70,2,26.24,0.091,0,0.0,lost_cause,0.02,0.18
1830,control,13,27,287.07,0.553,1,21.37,sure_thing,0.03,0.72
1831,treatment,172,1,36.6,0.227,0,0.0,lost_cause,0.02,0.18
1832,treatment,147,3,27.93,0.147,0,0.0,lost_cause,0.02,0.18
1833,control,243,4,51.67,0.058,0,0.0,lost_cause,0.02,0.18
1834,treatment,38,11,72.62,0.345,1,23.74,persuadable,0.58,13.34
1835,control,56,3,120.79,0.357,0,0.0,persuadable,0.58,13.34
1836,treatment,166,1,61.86,0.092,0,0.0,lost_cause,0.02,0.18
1837,control,27,2,241.84,0.286,1,42.68,sleeping_dog,-0.11,-4.84
1838,treatment,145,3,40.88,0.141,1,7.71,lost_cause,0.02,0.18
1839,control,150,2,24.85,0.24,0,0.0,lost_cause,0.02,0.18
1840,treatment,68,8,144.6,0.384,1,25.98,persuadable,0.58,13.34
1841,treatment,11,7,94.31,0.212,1,21.9,persuadable,0.58,13.34
1842,control,76,4,158.9,0.357,0,0.0,persuadable,0.58,13.34
1843,control,88,2,26.58,0.023,0,0.0,lost_cause,0.02,0.18
1844,treatment,23,18,391.99,0.526,0,0.0,sure_thing,0.03,0.72
1845,control,69,11,83.62,0.415,0,0.0,persuadable,0.58,13.34
1846,control,98,2,36.43,0.407,1,6.61,lost_cause,0.02,0.18
1847,control,68,7,124.79,0.454,1,15.26,persuadable,0.58,13.34
1848,treatment,93,3,75.35,0.306,1,27.4,persuadable,0.58,13.34
1849,control,6,9,410.53,0.337,1,25.74,sure_thing,0.03,0.72
1850,control,31,12,104.22,0.479,0,0.0,persuadable,0.58,13.34
1851,control,128,2,37.11,0.201,0,0.0,lost_cause,0.02,0.18
1852,control,55,7,170.72,0.156,0,0.0,persuadable,0.58,13.34
1853,control,16,23,195.23,0.035,1,23.9,sure_thing,0.03,0.72
1854,treatment,246,0,23.81,0.178,0,0.0,lost_cause,0.02,0.18
1855,treatment,0,24,478.11,0.82,1,27.56,sure_thing,0.03,0.72
1856,treatment,2,22,293.34,0.494,1,26.87,sure_thing,0.03,0.72
1857,control,10,24,351.16,0.804,1,17.46,sure_thing,0.03,0.72
1858,control,237,2,65.05,0.193,0,0.0,lost_cause,0.02,0.18
1859,control,2,3,160.87,0.275,1,55.2,sleeping_dog,-0.11,-4.84
1860,control,8,5,232.83,0.108,1,46.92,sleeping_dog,-0.11,-4.84
1861,treatment,280,0,5.0,0.121,0,0.0,lost_cause,0.02,0.18
1862,treatment,36,2,201.95,0.091,0,0.0,sleeping_dog,-0.11,-4.84
1863,treatment,3,20,403.15,0.579,1,30.51,sure_thing,0.03,0.72
1864,treatment,361,0,45.55,0.153,0,0.0,lost_cause,0.02,0.18
1865,treatment,57,9,110.78,0.067,0,0.0,persuadable,0.58,13.34
1866,treatment,294,3,67.59,0.295,0,0.0,lost_cause,0.02,0.18
1867,treatment,30,8,185.0,0.777,1,25.31,persuadable,0.58,13.34
1868,treatment,55,6,127.37,0.269,1,23.34,persuadable,0.58,13.34
1869,treatment,18,31,416.75,0.471,1,25.64,sure_thing,0.03,0.72
1870,treatment,54,1,23.08,0.019,0,0.0,lost_cause,0.02,0.18
1871,control,108,5,162.0,0.277,0,0.0,persuadable,0.58,13.34
1872,control,4,26,392.31,0.321,0,0.0,sure_thing,0.03,0.72
1873,control,72,6,156.98,0.245,1,25.44,persuadable,0.58,13.34
1874,control,159,2,73.83,0.197,0,0.0,lost_cause,0.02,0.18
1875,control,17,9,84.01,0.288,0,0.0,persuadable,0.58,13.34
1876,control,32,8,160.03,0.559,0,0.0,persuadable,0.58,13.34
1877,control,347,2,28.17,0.258,0,0.0,lost_cause,0.02,0.18
1878,treatment,228,0,50.53,0.29,0,0.0,lost_cause,0.02,0.18
1879,treatment,247,0,44.27,0.0,0,0.0,lost_cause,0.02,0.18
1880,treatment,232,4,16.28,0.197,1,11.25,lost_cause,0.02,0.18
1881,control,92,0,43.06,0.0,0,0.0,lost_cause,0.02,0.18
1882,treatment,250,1,39.14,0.108,0,0.0,lost_cause,0.02,0.18
1883,control,200,3,57.95,0.173,0,0.0,lost_cause,0.02,0.18
1884,control,14,5,177.76,0.259,0,0.0,persuadable,0.58,13.34
1885,control,126,2,45.82,0.166,0,0.0,lost_cause,0.02,0.18
1886,control,9,17,385.29,0.336,1,17.57,sure_thing,0.03,0.72
1887,control,246,2,30.86,0.132,0,0.0,lost_cause,0.02,0.18
1888,control,364,0,52.1,0.222,0,0.0,lost_cause,0.02,0.18
1889,treatment,83,4,60.2,0.303,0,0.0,persuadable,0.58,13.34
1890,control,17,18,398.37,0.747,1,31.61,sure_thing,0.03,0.72
1891,control,11,18,231.65,0.604,1,24.67,sure_thing,0.03,0.72
1892,control,197,0,80.13,0.249,0,0.0,lost_cause,0.02,0.18
1893,treatment,0,14,654.65,0.43,0,0.0,sure_thing,0.03,0.72
1894,treatment,71,7,79.22,0.324,1,24.09,persuadable,0.58,13.34
1895,control,100,2,50.81,0.183,0,0.0,lost_cause,0.02,0.18
1896,control,9,16,461.51,0.498,1,18.48,sure_thing,0.03,0.72
1897,control,11,16,597.83,0.497,1,7.52,sure_thing,0.03,0.72
1898,treatment,202,2,33.82,0.084,0,0.0,lost_cause,0.02,0.18
1899,control,20,5,243.05,0.186,1,40.93,sleeping_dog,-0.11,-4.84
1900,treatment,12,20,441.97,0.43,1,18.1,sure_thing,0.03,0.72
1901,control,134,4,40.06,0.123,0,0.0,lost_cause,0.02,0.18
1902,control,119,10,202.93,0.53,0,0.0,persuadable,0.58,13.34
1903,control,63,4,231.02,0.396,0,0.0,persuadable,0.58,13.34
1904,treatment,38,9,472.35,0.748,1,22.87,sure_thing,0.03,0.72
1905,treatment,34,3,131.03,0.59,1,23.51,persuadable,0.58,13.34
1906,control,0,3,38.76,0.199,0,0.0,lost_cause,0.02,0.18
1907,control,10,17,419.83,0.477,0,0.0,sure_thing,0.03,0.72
1908,treatment,34,9,195.5,0.247,0,0.0,persuadable,0.58,13.34
1909,treatment,13,6,62.23,0.441,1,24.32,persuadable,0.58,13.34
1910,control,21,24,632.02,0.604,1,32.41,sure_thing,0.03,0.72
1911,control,13,21,285.22,0.48,0,0.0,sure_thing,0.03,0.72
1912,treatment,169,1,26.59,0.227,0,0.0,lost_cause,0.02,0.18
1913,control,10,18,636.26,0.684,1,24.03,sure_thing,0.03,0.72
1914,control,32,20,520.39,0.561,1,25.68,sure_thing,0.03,0.72
1915,control,94,1,146.11,0.58,0,0.0,persuadable,0.58,13.34
1916,treatment,95,12,164.88,0.38,1,16.73,persuadable,0.58,13.34
1917,control,95,10,133.62,0.302,0,0.0,persuadable,0.58,13.34
1918,treatment,110,2,85.55,0.508,1,20.55,persuadable,0.58,13.34
1919,treatment,246,2,5.27,0.175,0,0.0,lost_cause,0.02,0.18
1920,treatment,53,6,198.84,0.34,0,0.0,persuadable,0.58,13.34
1921,treatment,7,15,579.24,0.391,1,30.13,sure_thing,0.03,0.72
1922,treatment,55,9,7.05,0.519,1,22.8,persuadable,0.58,13.34
1923,treatment,128,1,21.92,0.036,0,0.0,lost_cause,0.02,0.18
1924,treatment,21,17,257.72,0.618,1,21.87,sure_thing,0.03,0.72
1925,treatment,63,11,201.83,0.295,1,21.96,persuadable,0.58,13.34
1926,treatment,203,3,69.09,0.11,1,4.96,lost_cause,0.02,0.18
1927,treatment,200,1,61.23,0.182,0,0.0,lost_cause,0.02,0.18
1928,control,5,20,234.04,0.662,1,24.64,sure_thing,0.03,0.72
1929,control,54,6,130.61,0.432,0,0.0,persuadable,0.58,13.34
1930,control,171,3,46.48,0.024,0,0.0,lost_cause,0.02,0.18
1931,treatment,82,9,160.07,0.23,0,0.0,persuadable,0.58,13.34
1932,control,176,3,45.64,0.133,0,0.0,lost_cause,0.02,0.18
1933,treatment,183,4,71.91,0.114,0,0.0,lost_cause,0.02,0.18
1934,treatment,14,25,407.9,0.27,1,25.86,sure_thing,0.03,0.72
1935,treatment,9,15,382.48,0.374,1,19.49,sure_thing,0.03,0.72
1936,treatment,67,4,172.93,0.448,1,28.83,persuadable,0.58,13.34
1937,treatment,89,0,84.56,0.395,1,20.44,persuadable,0.58,13.34
1938,treatment,187,1,64.14,0.245,0,0.0,lost_cause,0.02,0.18
1939,control,36,7,200.0,0.152,0,0.0,persuadable,0.58,13.34
1940,control,20,15,482.06,0.52,1,21.77,sure_thing,0.03,0.72
1941,treatment,199,2,33.15,0.268,0,0.0,lost_cause,0.02,0.18
1942,control,77,3,135.7,0.212,1,28.18,persuadable,0.58,13.34
1943,treatment,16,5,128.01,0.416,1,25.12,persuadable,0.58,13.34
1944,control,12,16,323.69,0.7,1,22.93,sure_thing,0.03,0.72
1945,control,53,7,54.9,0.423,0,0.0,persuadable,0.58,13.34
1946,control,256,0,38.37,0.06,0,0.0,lost_cause,0.02,0.18
1947,control,168,3,50.69,0.303,0,0.0,lost_cause,0.02,0.18
1948,treatment,11,6,188.43,0.46,1,32.5,persuadable,0.58,13.34
1949,treatment,138,2,24.65,0.319,0,0.0,lost_cause,0.02,0.18
1950,control,26,21,471.51,0.649,1,13.95,sure_thing,0.03,0.72
1951,control,13,19,390.55,0.56,1,27.93,sure_thing,0.03,0.72
1952,treatment,254,1,45.19,0.113,0,0.0,lost_cause,0.02,0.18
1953,treatment,73,4,199.78,0.433,1,22.99,persuadable,0.58,13.34
1954,treatment,76,4,169.83,0.117,1,15.92,persuadable,0.58,13.34
1955,control,152,0,45.38,0.142,0,0.0,lost_cause,0.02,0.18
1956,treatment,398,1,42.75,0.102,0,0.0,lost_cause,0.02,0.18
1957,treatment,66,12,5.0,0.43,0,0.0,persuadable,0.58,13.34
1958,control,40,10,277.23,0.507,0,0.0,persuadable,0.58,13.34
1959,treatment,11,9,158.26,0.292,1,19.17,persuadable,0.58,13.34
1960,treatment,8,13,166.66,0.664,1,28.06,sure_thing,0.03,0.72
1961,control,189,1,43.22,0.086,0,0.0,lost_cause,0.02,0.18
1962,treatment,385,1,44.65,0.01,0,0.0,lost_cause,0.02,0.18
1963,treatment,233,4,41.2,0.0,1,9.66,lost_cause,0.02,0.18
1964,treatment,12,17,339.8,0.726,1,25.16,sure_thing,0.03,0.72
1965,control,238,2,39.67,0.173,0,0.0,lost_cause,0.02,0.18
1966,treatment,290,2,39.06,0.322,0,0.0,lost_cause,0.02,0.18
1967,treatment,248,0,32.63,0.04,0,0.0,lost_cause,0.02,0.18
1968,treatment,200,1,42.48,0.218,0,0.0,lost_cause,0.02,0.18
1969,treatment,25,31,397.06,0.386,1,29.11,sure_thing,0.03,0.72
1970,control,20,14,556.85,0.616,0,0.0,sure_thing,0.03,0.72
1971,treatment,0,21,748.78,0.501,1,16.27,sure_thing,0.03,0.72
1972,treatment,15,5,360.38,0.064,1,41.35,sleeping_dog,-0.11,-4.84
1973,treatment,70,3,146.99,0.131,0,0.0,persuadable,0.58,13.34
1974,control,23,10,141.04,0.521,1,21.04,sure_thing,0.03,0.72
1975,treatment,66,10,179.87,0.363,0,0.0,persuadable,0.58,13.34
1976,control,181,5,28.35,0.093,0,0.0,lost_cause,0.02,0.18
1977,control,59,5,65.32,0.661,0,0.0,persuadable,0.58,13.34
1978,treatment,130,5,36.11,0.172,0,0.0,lost_cause,0.02,0.18
1979,treatment,0,18,478.01,0.624,1,28.1,sure_thing,0.03,0.72
1980,control,0,8,87.54,0.0,0,0.0,sleeping_dog,-0.11,-4.84
1981,treatment,17,25,628.82,0.515,1,18.66,sure_thing,0.03,0.72
1982,treatment,18,22,287.44,0.725,1,29.52,sure_thing,0.03,0.72
1983,control,0,6,136.95,0.399,0,0.0,persuadable,0.58,13.34
1984,control,127,0,33.02,0.136,0,0.0,lost_cause,0.02,0.18
1985,control,23,4,212.99,0.308,0,0.0,persuadable,0.58,13.34
1986,control,285,4,42.01,0.207,0,0.0,lost_cause,0.02,0.18
1987,treatment,0,2,38.92,0.211,0,0.0,lost_cause,0.02,0.18
1988,treatment,361,0,19.97,0.221,0,0.0,lost_cause,0.02,0.18
1989,treatment,293,3,61.25,0.24,0,0.0,lost_cause,0.02,0.18
1990,control,32,3,188.97,0.097,0,0.0,sleeping_dog,-0.11,-4.84
1991,treatment,183,3,8.89,0.291,0,0.0,lost_cause,0.02,0.18
1992,treatment,363,3,32.16,0.053,0,0.0,lost_cause,0.02,0.18
1993,control,13,17,464.74,0.585,1,14.44,sure_thing,0.03,0.72
1994,treatment,60,9,173.32,0.516,1,22.48,persuadable,0.58,13.34
1995,control,74,6,110.62,0.755,1,23.92,persuadable,0.58,13.34
1996,control,375,3,40.23,0.103,0,0.0,lost_cause,0.02,0.18
1997,treatment,308,4,34.14,0.272,0,0.0,lost_cause,0.02,0.18
1998,treatment,72,9,216.36,0.52,0,0.0,persuadable,0.58,13.34
1999,treatment,0,2,52.84,0.068,0,0.0,lost_cause,0.02,0.18
2000,treatment,34,3,44.01,0.261,0,0.0,lost_cause,0.02,0.18
2001,control,267,6,64.86,0.174,0,0.0,lost_cause,0.02,0.18
2002,control,15,16,293.62,0.68,1,23.89,sure_thing,0.03,0.72
2003,treatment,38,3,203.2,0.22,0,0.0,sleeping_dog,-0.11,-4.84
2004,treatment,85,9,205.13,0.403,1,26.17,persuadable,0.58,13.34
2005,control,12,13,435.49,0.624,1,22.27,sure_thing,0.03,0.72
2006,treatment,7,22,345.75,0.642,0,0.0,sure_thing,0.03,0.72
2007,treatment,0,26,329.02,0.578,1,26.78,sure_thing,0.03,0.72
2008,control,5,17,196.1,0.697,1,17.61,sure_thing,0.03,0.72
2009,control,105,2,5.0,0.277,0,0.0,lost_cause,0.02,0.18
2010,control,245,0,43.32,0.184,0,0.0,lost_cause,0.02,0.18
2011,treatment,173,4,51.35,0.153,0,0.0,lost_cause,0.02,0.18
2012,control,90,5,114.47,0.345,1,25.6,persuadable,0.58,13.34
2013,treatment,7,14,430.93,0.533,1,26.96,sure_thing,0.03,0.72
2014,control,32,11,169.15,0.46,0,0.0,persuadable,0.58,13.34
2015,treatment,243,2,40.47,0.168,0,0.0,lost_cause,0.02,0.18
2016,treatment,53,7,137.41,0.47,1,27.19,persuadable,0.58,13.34
2017,control,180,0,5.0,0.0,0,0.0,lost_cause,0.02,0.18
2018,control,53,6,76.49,0.435,0,0.0,persuadable,0.58,13.34
2019,control,9,18,548.89,0.491,1,19.7,sure_thing,0.03,0.72
2020,control,0,21,188.64,0.369,1,21.56,sure_thing,0.03,0.72
2021,control,0,8,160.17,0.334,0,0.0,persuadable,0.58,13.34
2022,control,26,9,292.55,0.444,1,25.03,sure_thing,0.03,0.72
2023,treatment,24,23,443.48,0.871,1,21.28,sure_thing,0.03,0.72
2024,control,209,5,54.65,0.209,0,0.0,lost_cause,0.02,0.18
2025,control,32,13,209.15,0.581,1,28.59,sure_thing,0.03,0.72
2026,treatment,59,4,50.32,0.172,0,0.0,lost_cause,0.02,0.18
2027,treatment,204,2,10.96,0.263,0,0.0,lost_cause,0.02,0.18
2028,treatment,130,2,47.83,0.213,0,0.0,lost_cause,0.02,0.18
2029,treatment,14,17,192.43,0.591,1,22.17,sure_thing,0.03,0.72
2030,control,299,0,5.0,0.065,0,0.0,lost_cause,0.02,0.18
2031,control,19,5,208.86,0.252,1,19.37,persuadable,0.58,13.34
2032,control,148,2,48.44,0.162,1,5.75,lost_cause,0.02,0.18
2033,control,247,0,36.99,0.212,1,3.49,lost_cause,0.02,0.18
2034,control,32,6,200.91,0.127,1,44.41,sleeping_dog,-0.11,-4.84
2035,treatment,258,0,33.96,0.168,0,0.0,lost_cause,0.02,0.18
2036,control,25,23,408.07,0.589,0,0.0,sure_thing,0.03,0.72
2037,treatment,193,4,34.74,0.257,0,0.0,lost_cause,0.02,0.18
2038,control,133,2,23.32,0.17,0,0.0,lost_cause,0.02,0.18
2039,control,218,0,24.11,0.18,0,0.0,lost_cause,0.02,0.18
2040,treatment,60,12,101.75,0.354,0,0.0,persuadable,0.58,13.34
2041,treatment,194,1,48.28,0.017,0,0.0,lost_cause,0.02,0.18
2042,treatment,75,5,196.52,0.347,1,16.18,persuadable,0.58,13.34
2043,treatment,0,4,321.77,0.025,0,0.0,sleeping_dog,-0.11,-4.84
2044,treatment,7,24,707.9,0.618,1,22.82,sure_thing,0.03,0.72
2045,treatment,274,3,5.0,0.238,0,0.0,lost_cause,0.02,0.18
2046,treatment,124,2,47.68,0.282,0,0.0,lost_cause,0.02,0.18
2047,treatment,103,2,38.47,0.102,0,0.0,lost_cause,0.02,0.18
2048,control,267,2,62.25,0.068,0,0.0,lost_cause,0.02,0.18
2049,treatment,49,11,167.63,0.484,1,24.95,persuadable,0.58,13.34
2050,treatment,227,0,46.54,0.134,0,0.0,lost_cause,0.02,0.18
2051,control,2,8,174.55,0.422,0,0.0,persuadable,0.58,13.34
2052,treatment,16,22,344.98,0.767,1,21.62,sure_thing,0.03,0.72
2053,control,309,4,78.21,0.349,0,0.0,lost_cause,0.02,0.18
2054,treatment,324,0,72.68,0.346,0,0.0,lost_cause,0.02,0.18
2055,control,23,10,160.76,0.218,0,0.0,persuadable,0.58,13.34
2056,treatment,13,13,390.07,0.919,0,0.0,sure_thing,0.03,0.72
2057,control,42,1,30.9,0.179,0,0.0,lost_cause,0.02,0.18
2058,treatment,25,3,184.53,0.257,1,20.66,persuadable,0.58,13.34
2059,control,227,0,50.82,0.066,0,0.0,lost_cause,0.02,0.18
2060,treatment,218,2,21.9,0.095,0,0.0,lost_cause,0.02,0.18
2061,treatment,211,2,46.67,0.04,0,0.0,lost_cause,0.02,0.18
2062,control,1,21,408.55,0.678,1,18.01,sure_thing,0.03,0.72
2063,treatment,287,2,43.69,0.069,0,0.0,lost_cause,0.02,0.18
2064,control,375,2,30.6,0.217,0,0.0,lost_cause,0.02,0.18
2065,treatment,93,12,223.36,0.41,1,20.38,persuadable,0.58,13.34
2066,treatment,10,21,394.44,0.64,1,26.92,sure_thing,0.03,0.72
2067,treatment,11,21,253.76,0.46,0,0.0,sure_thing,0.03,0.72
2068,treatment,109,8,61.03,0.686,1,29.17,persuadable,0.58,13.34
2069,control,2,22,404.95,0.527,1,23.31,sure_thing,0.03,0.72
2070,treatment,188,3,58.62,0.19,0,0.0,lost_cause,0.02,0.18
2071,treatment,16,23,596.62,0.769,1,19.5,sure_thing,0.03,0.72
2072,control,193,0,26.97,0.116,0,0.0,lost_cause,0.02,0.18
2073,treatment,262,2,43.48,0.204,0,0.0,lost_cause,0.02,0.18
2074,control,270,4,54.59,0.211,0,0.0,lost_cause,0.02,0.18
2075,control,193,4,30.46,0.339,0,0.0,lost_cause,0.02,0.18
2076,treatment,280,3,22.36,0.087,0,0.0,lost_cause,0.02,0.18
2077,treatment,14,9,451.53,0.526,1,25.84,sure_thing,0.03,0.72
2078,control,81,6,126.99,0.524,1,21.25,persuadable,0.58,13.34
2079,control,324,0,34.71,0.332,0,0.0,lost_cause,0.02,0.18
2080,control,157,1,21.3,0.281,0,0.0,lost_cause,0.02,0.18
2081,control,315,3,64.32,0.1,0,0.0,lost_cause,0.02,0.18
2082,treatment,4,22,379.84,0.437,1,23.09,sure_thing,0.03,0.72
2083,treatment,0,12,524.12,0.46,0,0.0,sure_thing,0.03,0.72
2084,treatment,57,2,108.96,0.168,0,0.0,sleeping_dog,-0.11,-4.84
2085,control,135,4,45.19,0.226,0,0.0,lost_cause,0.02,0.18
2086,control,4,10,189.69,0.199,1,11.62,persuadable,0.58,13.34
2087,treatment,2,4,190.91,0.057,1,20.16,sleeping_dog,-0.11,-4.84
2088,control,317,1,52.79,0.119,0,0.0,lost_cause,0.02,0.18
2089,control,45,7,188.44,0.494,0,0.0,persuadable,0.58,13.34
2090,treatment,78,4,168.59,0.464,1,16.2,persuadable,0.58,13.34
2091,control,23,23,432.69,0.597,0,0.0,sure_thing,0.03,0.72
2092,treatment,125,1,30.17,0.286,0,0.0,lost_cause,0.02,0.18
2093,treatment,20,17,593.31,0.351,0,0.0,sure_thing,0.03,0.72
2094,control,64,7,167.2,0.355,0,0.0,persuadable,0.58,13.34
2095,treatment,129,3,17.08,0.21,1,7.18,lost_cause,0.02,0.18
2096,control,9,20,321.48,0.525,1,25.51,sure_thing,0.03,0.72
2097,control,83,4,45.8,0.125,0,0.0,lost_cause,0.02,0.18
2098,treatment,32,8,276.08,0.082,0,0.0,persuadable,0.58,13.34
2099,control,46,9,190.39,0.615,0,0.0,persuadable,0.58,13.34
2100,control,175,1,22.18,0.285,0,0.0,lost_cause,0.02,0.18
2101,treatment,0,11,105.37,0.263,1,22.54,persuadable,0.58,13.34
2102,control,18,20,618.99,0.44,1,21.31,sure_thing,0.03,0.72
2103,treatment,198,0,40.14,0.195,0,0.0,lost_cause,0.02,0.18
2104,control,16,22,283.05,0.738,1,25.8,sure_thing,0.03,0.72
2105,control,2,18,456.11,0.526,1,26.68,sure_thing,0.03,0.72
2106,control,189,0,18.49,0.085,0,0.0,lost_cause,0.02,0.18
2107,treatment,14,13,245.1,0.543,1,19.02,sure_thing,0.03,0.72
2108,treatment,28,3,231.42,0.027,1,62.56,sleeping_dog,-0.11,-4.84
2109,treatment,10,17,614.11,0.524,1,19.45,sure_thing,0.03,0.72
2110,control,17,10,489.14,0.541,1,22.32,sure_thing,0.03,0.72
2111,control,169,1,13.7,0.163,0,0.0,lost_cause,0.02,0.18
2112,treatment,180,0,51.08,0.271,0,0.0,lost_cause,0.02,0.18
2113,control,75,11,128.84,0.442,1,19.06,persuadable,0.58,13.34
2114,treatment,79,10,136.92,0.287,1,27.06,persuadable,0.58,13.34
2115,control,12,7,219.25,0.136,0,0.0,persuadable,0.58,13.34
2116,treatment,5,16,383.34,0.657,1,19.47,sure_thing,0.03,0.72
2117,treatment,0,22,460.72,0.61,1,29.73,sure_thing,0.03,0.72
2118,control,2,25,356.21,0.714,1,22.64,sure_thing,0.03,0.72
2119,treatment,0,7,52.99,0.397,1,11.42,persuadable,0.58,13.34
2120,control,158,1,31.88,0.195,0,0.0,lost_cause,0.02,0.18
2121,control,0,21,546.66,0.636,1,25.76,sure_thing,0.03,0.72
2122,treatment,15,16,431.28,0.664,1,19.17,sure_thing,0.03,0.72
2123,control,0,21,415.47,0.734,1,28.9,sure_thing,0.03,0.72
2124,control,167,4,28.55,0.115,0,0.0,lost_cause,0.02,0.18
2125,treatment,213,3,55.94,0.149,0,0.0,lost_cause,0.02,0.18
2126,treatment,151,1,5.0,0.241,0,0.0,lost_cause,0.02,0.18
2127,control,214,3,56.5,0.314,0,0.0,lost_cause,0.02,0.18
2128,treatment,119,6,132.41,0.427,1,27.78,persuadable,0.58,13.34
2129,treatment,21,3,291.01,0.541,0,0.0,persuadable,0.58,13.34
2130,treatment,71,9,184.68,0.532,1,26.38,persuadable,0.58,13.34
2131,control,106,0,34.99,0.117,0,0.0,lost_cause,0.02,0.18
2132,treatment,83,3,8.68,0.228,1,12.46,lost_cause,0.02,0.18
2133,control,19,18,356.98,0.392,1,31.51,sure_thing,0.03,0.72
2134,control,41,9,74.08,0.41,1,23.28,persuadable,0.58,13.34
2135,treatment,12,16,743.47,0.442,0,0.0,sure_thing,0.03,0.72
2136,control,25,17,483.13,0.611,1,26.74,sure_thing,0.03,0.72
2137,control,268,1,8.45,0.248,0,0.0,lost_cause,0.02,0.18
2138,treatment,130,3,21.93,0.276,0,0.0,lost_cause,0.02,0.18
2139,control,23,19,428.36,0.576,1,21.67,sure_thing,0.03,0.72
2140,treatment,6,15,390.56,0.509,1,25.82,sure_thing,0.03,0.72
2141,treatment,209,4,41.34,0.319,0,0.0,lost_cause,0.02,0.18
2142,treatment,112,0,5.0,0.069,0,0.0,lost_cause,0.02,0.18
2143,treatment,21,20,329.28,0.316,1,27.86,sure_thing,0.03,0.72
2144,treatment,68,3,50.59,0.169,0,0.0,lost_cause,0.02,0.18
2145,treatment,24,14,582.64,0.523,1,23.38,sure_thing,0.03,0.72
2146,treatment,80,2,33.0,0.197,0,0.0,lost_cause,0.02,0.18
2147,control,91,8,67.15,0.586,0,0.0,persuadable,0.58,13.34
2148,treatment,122,2,38.92,0.233,0,0.0,lost_cause,0.02,0.18
2149,treatment,19,20,448.98,0.568,1,23.46,sure_thing,0.03,0.72
2150,control,61,10,135.31,0.349,0,0.0,persuadable,0.58,13.34
2151,treatment,49,7,197.08,0.389,1,21.91,persuadable,0.58,13.34
2152,control,45,6,258.61,0.491,0,0.0,persuadable,0.58,13.34
2153,treatment,313,0,23.75,0.268,0,0.0,lost_cause,0.02,0.18
2154,control,48,2,208.6,0.184,0,0.0,persuadable,0.58,13.34
2155,control,137,2,28.82,0.252,0,0.0,lost_cause,0.02,0.18
2156,treatment,28,4,108.97,0.116,1,50.44,sleeping_dog,-0.11,-4.84
2157,control,68,6,196.51,0.377,0,0.0,persuadable,0.58,13.34
2158,control,18,15,449.15,0.261,1,18.78,sure_thing,0.03,0.72
2159,treatment,12,8,94.94,0.555,1,20.1,persuadable,0.58,13.34
2160,treatment,9,14,558.45,0.472,0,0.0,sure_thing,0.03,0.72
2161,treatment,72,9,147.07,0.288,1,24.87,persuadable,0.58,13.34
2162,control,220,2,47.08,0.088,1,9.84,lost_cause,0.02,0.18
2163,treatment,84,5,135.27,0.162,1,66.08,sleeping_dog,-0.11,-4.84
2164,treatment,34,6,157.13,0.438,1,29.82,persuadable,0.58,13.34
2165,control,165,2,47.09,0.056,0,0.0,lost_cause,0.02,0.18
2166,control,209,2,15.77,0.169,0,0.0,lost_cause,0.02,0.18
2167,control,13,17,511.59,0.939,1,16.84,sure_thing,0.03,0.72
2168,treatment,42,6,90.6,0.351,1,18.72,persuadable,0.58,13.34
2169,control,92,0,17.08,0.225,0,0.0,lost_cause,0.02,0.18
2170,treatment,44,2,56.98,0.123,0,0.0,sleeping_dog,-0.11,-4.84
2171,treatment,295,4,24.76,0.023,1,10.64,lost_cause,0.02,0.18
2172,treatment,14,6,110.39,0.185,0,0.0,sleeping_dog,-0.11,-4.84
2173,control,63,6,198.44,0.146,0,0.0,persuadable,0.58,13.34
2174,control,31,14,433.74,0.634,1,9.38,sure_thing,0.03,0.72
2175,control,217,2,68.23,0.136,0,0.0,lost_cause,0.02,0.18
2176,treatment,159,4,24.8,0.194,1,7.05,lost_cause,0.02,0.18
2177,treatment,270,1,60.44,0.175,0,0.0,lost_cause,0.02,0.18
2178,treatment,3,10,509.99,0.579,1,17.99,sure_thing,0.03,0.72
2179,treatment,26,8,51.64,0.523,1,9.18,persuadable,0.58,13.34
2180,control,17,6,105.65,0.596,0,0.0,persuadable,0.58,13.34
2181,treatment,64,1,34.16,0.265,0,0.0,lost_cause,0.02,0.18
2182,treatment,68,4,248.95,0.051,0,0.0,sleeping_dog,-0.11,-4.84
2183,treatment,135,4,69.91,0.068,0,0.0,lost_cause,0.02,0.18
2184,control,62,6,183.19,0.066,1,54.57,sleeping_dog,-0.11,-4.84
2185,treatment,29,6,71.26,0.413,1,16.88,persuadable,0.58,13.34
2186,control,229,4,52.8,0.201,0,0.0,lost_cause,0.02,0.18
2187,treatment,53,5,212.32,0.471,1,23.23,persuadable,0.58,13.34
2188,treatment,56,6,136.68,0.43,1,28.61,persuadable,0.58,13.34
2189,control,7,6,231.51,0.735,1,27.91,persuadable,0.58,13.34
2190,control,41,6,247.93,0.37,0,0.0,persuadable,0.58,13.34
2191,treatment,20,14,620.97,0.688,0,0.0,sure_thing,0.03,0.72
2192,treatment,11,21,604.74,0.395,0,0.0,sure_thing,0.03,0.72
2193,control,337,1,42.59,0.148,0,0.0,lost_cause,0.02,0.18
2194,control,16,12,100.26,0.497,1,19.17,persuadable,0.58,13.34
2195,treatment,0,7,86.8,0.345,1,22.8,persuadable,0.58,13.34
2196,control,154,2,34.85,0.366,0,0.0,lost_cause,0.02,0.18
2197,control,104,1,262.18,0.18,0,0.0,persuadable,0.58,13.34
2198,control,359,3,52.98,0.0,0,0.0,lost_cause,0.02,0.18
2199,treatment,303,0,61.21,0.28,1,8.53,lost_cause,0.02,0.18
2200,treatment,121,1,25.74,0.009,0,0.0,lost_cause,0.02,0.18
2201,treatment,0,19,456.13,0.519,1,29.24,sure_thing,0.03,0.72
2202,control,245,0,43.77,0.212,0,0.0,lost_cause,0.02,0.18
2203,treatment,300,3,9.27,0.181,0,0.0,lost_cause,0.02,0.18
2204,control,115,0,12.9,0.042,0,0.0,lost_cause,0.02,0.18
2205,control,331,2,25.1,0.083,0,0.0,lost_cause,0.02,0.18
2206,control,69,6,68.62,0.285,0,0.0,persuadable,0.58,13.34
2207,treatment,63,0,64.16,0.185,0,0.0,lost_cause,0.02,0.18
2208,treatment,20,11,545.8,0.394,1,29.51,sure_thing,0.03,0.72
2209,control,31,15,227.01,0.413,1,18.78,sure_thing,0.03,0.72
2210,control,322,2,43.17,0.252,0,0.0,lost_cause,0.02,0.18
2211,control,302,2,28.76,0.196,0,0.0,lost_cause,0.02,0.18
2212,control,109,7,160.37,0.404,1,21.29,persuadable,0.58,13.34
2213,control,22,2,250.43,0.115,0,0.0,sleeping_dog,-0.11,-4.84
2214,treatment,97,10,283.64,0.262,0,0.0,persuadable,0.58,13.34
2215,treatment,347,1,72.18,0.041,0,0.0,lost_cause,0.02,0.18
2216,control,11,13,145.06,0.208,0,0.0,persuadable,0.58,13.34
2217,treatment,25,15,301.35,0.446,1,23.72,sure_thing,0.03,0.72
2218,treatment,275,3,16.86,0.116,0,0.0,lost_cause,0.02,0.18
2219,control,36,22,502.54,0.645,1,28.25,sure_thing,0.03,0.72
2220,control,37,5,223.29,0.135,0,0.0,persuadable,0.58,13.34
2221,control,78,7,178.46,0.256,0,0.0,persuadable,0.58,13.34
2222,treatment,225,1,24.57,0.323,0,0.0,lost_cause,0.02,0.18
2223,treatment,61,3,29.01,0.142,0,0.0,lost_cause,0.02,0.18
2224,treatment,78,6,133.47,0.283,1,14.26,persuadable,0.58,13.34
2225,treatment,0,2,219.89,0.062,0,0.0,sleeping_dog,-0.11,-4.84
2226,control,25,18,295.35,0.427,1,26.07,sure_thing,0.03,0.72
2227,control,357,2,30.88,0.0,0,0.0,lost_cause,0.02,0.18
2228,treatment,28,11,498.25,0.786,1,21.74,sure_thing,0.03,0.72
2229,treatment,13,23,368.99,0.597,1,30.98,sure_thing,0.03,0.72
2230,treatment,11,18,418.16,0.613,1,23.06,sure_thing,0.03,0.72
2231,treatment,259,0,36.62,0.082,0,0.0,lost_cause,0.02,0.18
2232,control,276,1,27.6,0.021,0,0.0,lost_cause,0.02,0.18
2233,control,151,2,47.44,0.03,0,0.0,lost_cause,0.02,0.18
2234,control,5,3,33.21,0.274,0,0.0,lost_cause,0.02,0.18
2235,control,245,4,34.41,0.1,0,0.0,lost_cause,0.02,0.18
2236,control,18,3,168.27,0.053,0,0.0,sleeping_dog,-0.11,-4.84
2237,control,123,2,22.15,0.104,0,0.0,lost_cause,0.02,0.18
2238,control,58,7,151.74,0.574,0,0.0,persuadable,0.58,13.34
2239,treatment,28,9,180.39,0.512,1,26.1,persuadable,0.58,13.34
2240,control,199,2,22.67,0.17,0,0.0,lost_cause,0.02,0.18
2241,control,13,26,472.28,0.482,1,17.49,sure_thing,0.03,0.72
2242,treatment,251,2,46.76,0.124,1,7.76,lost_cause,0.02,0.18
2243,treatment,14,14,305.12,0.224,1,21.4,sure_thing,0.03,0.72
2244,treatment,98,9,193.25,0.366,1,22.82,persuadable,0.58,13.34
2245,control,73,7,156.0,0.246,0,0.0,persuadable,0.58,13.34
2246,control,11,21,425.1,0.577,1,26.45,sure_thing,0.03,0.72
2247,treatment,26,1,247.77,0.0,0,0.0,sleeping_dog,-0.11,-4.84
2248,treatment,86,7,113.91,0.502,1,18.17,persuadable,0.58,13.34
2249,treatment,11,13,606.34,0.76,1,28.14,sure_thing,0.03,0.72
2250,treatment,14,16,289.83,0.522,0,0.0,sure_thing,0.03,0.72
2251,treatment,87,2,31.45,0.102,0,0.0,lost_cause,0.02,0.18
2252,control,61,4,251.11,0.18,1,51.0,sleeping_dog,-0.11,-4.84
2253,treatment,11,11,527.13,0.502,1,24.01,sure_thing,0.03,0.72
2254,control,44,6,83.48,0.199,0,0.0,persuadable,0.58,13.34
2255,control,242,0,35.99,0.0,0,0.0,lost_cause,0.02,0.18
2256,control,31,2,158.84,0.08,0,0.0,sleeping_dog,-0.11,-4.84
2257,treatment,134,1,25.32,0.078,0,0.0,lost_cause,0.02,0.18
2258,treatment,1,23,337.04,0.716,0,0.0,sure_thing,0.03,0.72
2259,control,151,3,5.0,0.211,0,0.0,lost_cause,0.02,0.18
2260,treatment,269,4,26.45,0.205,1,8.12,lost_cause,0.02,0.18
2261,treatment,47,12,198.61,0.37,1,25.45,persuadable,0.58,13.34
2262,control,72,2,5.0,0.103,0,0.0,lost_cause,0.02,0.18
2263,treatment,151,1,37.13,0.036,0,0.0,lost_cause,0.02,0.18
2264,treatment,180,3,54.75,0.066,0,0.0,lost_cause,0.02,0.18
2265,control,69,6,106.46,0.335,1,29.38,persuadable,0.58,13.34
2266,treatment,291,1,14.72,0.202,0,0.0,lost_cause,0.02,0.18
2267,treatment,194,4,7.79,0.106,0,0.0,lost_cause,0.02,0.18
2268,treatment,93,7,198.31,0.358,1,19.19,persuadable,0.58,13.34
2269,treatment,0,13,498.43,0.475,1,29.97,sure_thing,0.03,0.72
2270,control,98,11,125.34,0.34,0,0.0,persuadable,0.58,13.34
2271,control,22,4,74.79,0.047,0,0.0,sleeping_dog,-0.11,-4.84
2272,control,260,0,15.96,0.142,0,0.0,lost_cause,0.02,0.18
2273,treatment,10,20,430.8,0.247,1,19.71,sure_thing,0.03,0.72
2274,control,47,9,174.87,0.499,0,0.0,persuadable,0.58,13.34
2275,treatment,77,8,146.36,0.515,1,26.23,persuadable,0.58,13.34
2276,treatment,50,8,173.9,0.483,1,36.05,persuadable,0.58,13.34
2277,treatment,104,2,39.18,0.244,0,0.0,lost_cause,0.02,0.18
2278,control,68,4,31.92,0.028,0,0.0,lost_cause,0.02,0.18
2279,treatment,81,10,259.15,0.349,1,22.58,persuadable,0.58,13.34
2280,treatment,33,12,445.32,0.808,1,23.14,sure_thing,0.03,0.72
2281,treatment,187,1,32.15,0.07,0,0.0,lost_cause,0.02,0.18
2282,treatment,339,1,5.0,0.074,0,0.0,lost_cause,0.02,0.18
2283,control,25,24,742.75,0.668,0,0.0,sure_thing,0.03,0.72
2284,treatment,247,1,37.06,0.299,0,0.0,lost_cause,0.02,0.18
2285,treatment,47,9,64.1,0.372,1,30.14,persuadable,0.58,13.34
2286,control,163,2,28.89,0.119,0,0.0,lost_cause,0.02,0.18
2287,control,48,6,14.35,0.371,0,0.0,persuadable,0.58,13.34
2288,treatment,145,4,35.87,0.123,0,0.0,lost_cause,0.02,0.18
2289,treatment,13,19,598.6,0.393,1,29.08,sure_thing,0.03,0.72
2290,treatment,320,2,45.75,0.001,0,0.0,lost_cause,0.02,0.18
2291,control,24,14,37.94,0.496,0,0.0,persuadable,0.58,13.34
2292,control,13,15,470.78,0.448,1,24.66,sure_thing,0.03,0.72
2293,treatment,257,3,49.33,0.232,0,0.0,lost_cause,0.02,0.18
2294,treatment,13,4,316.12,0.024,1,50.3,sleeping_dog,-0.11,-4.84
2295,treatment,22,12,313.27,0.63,0,0.0,sure_thing,0.03,0.72
2296,control,74,3,35.5,0.174,1,10.97,lost_cause,0.02,0.18
2297,control,66,5,188.14,0.547,0,0.0,persuadable,0.58,13.34
2298,control,27,2,12.5,0.168,0,0.0,lost_cause,0.02,0.18
2299,control,47,4,272.67,0.168,0,0.0,sleeping_dog,-0.11,-4.84
2300,control,372,3,47.17,0.138,0,0.0,lost_cause,0.02,0.18
2301,control,35,2,166.54,0.0,1,44.06,sleeping_dog,-0.11,-4.84
2302,control,215,3,43.57,0.0,0,0.0,lost_cause,0.02,0.18
2303,control,88,8,90.59,0.498,0,0.0,persuadable,0.58,13.34
2304,treatment,202,3,36.58,0.194,0,0.0,lost_cause,0.02,0.18
2305,control,233,1,56.4,0.266,0,0.0,lost_cause,0.02,0.18
2306,control,0,15,550.54,0.442,0,0.0,sure_thing,0.03,0.72
2307,treatment,193,1,11.34,0.111,0,0.0,lost_cause,0.02,0.18
2308,treatment,188,1,35.15,0.164,0,0.0,lost_cause,0.02,0.18
2309,control,195,5,50.55,0.22,0,0.0,lost_cause,0.02,0.18
2310,treatment,60,7,82.23,0.504,1,27.24,persuadable,0.58,13.34
2311,control,24,2,22.86,0.085,0,0.0,lost_cause,0.02,0.18
2312,control,30,32,464.76,0.569,1,29.44,sure_thing,0.03,0.72
2313,treatment,172,1,36.64,0.166,0,0.0,lost_cause,0.02,0.18
2314,control,159,4,32.45,0.294,1,5.29,lost_cause,0.02,0.18
2315,control,15,5,192.39,0.019,1,22.51,sleeping_dog,-0.11,-4.84
2316,control,0,23,301.46,0.946,1,24.21,sure_thing,0.03,0.72
2317,control,16,19,339.01,0.678,1,19.65,sure_thing,0.03,0.72
2318,treatment,45,6,163.94,0.224,1,27.42,persuadable,0.58,13.34
2319,treatment,73,8,48.8,0.402,1,16.78,persuadable,0.58,13.34
2320,control,296,3,42.52,0.034,0,0.0,lost_cause,0.02,0.18
2321,control,288,1,18.47,0.343,0,0.0,lost_cause,0.02,0.18
2322,treatment,1,28,544.99,0.721,0,0.0,sure_thing,0.03,0.72
2323,control,167,4,71.21,0.256,0,0.0,lost_cause,0.02,0.18
2324,treatment,190,1,7.14,0.01,0,0.0,lost_cause,0.02,0.18
2325,treatment,68,5,141.84,0.367,1,15.01,persuadable,0.58,13.34
2326,treatment,31,14,297.83,0.478,1,28.57,sure_thing,0.03,0.72
2327,control,208,0,36.34,0.023,0,0.0,lost_cause,0.02,0.18
2328,control,375,1,21.74,0.202,1,3.0,lost_cause,0.02,0.18
2329,treatment,63,11,203.08,0.235,0,0.0,persuadable,0.58,13.34
2330,treatment,18,16,471.27,0.377,1,21.13,sure_thing,0.03,0.72
2331,control,296,4,54.19,0.175,0,0.0,lost_cause,0.02,0.18
2332,control,53,2,68.13,0.247,0,0.0,sleeping_dog,-0.11,-4.84
2333,control,53,4,268.65,0.201,1,45.61,sleeping_dog,-0.11,-4.84
2334,control,0,9,107.37,0.443,1,18.2,persuadable,0.58,13.34
2335,treatment,56,4,96.63,0.402,1,18.63,persuadable,0.58,13.34
2336,control,25,20,440.71,0.441,0,0.0,sure_thing,0.03,0.72
2337,treatment,141,2,5.45,0.085,0,0.0,lost_cause,0.02,0.18
2338,treatment,0,15,418.1,0.529,1,19.01,sure_thing,0.03,0.72
2339,control,329,4,12.3,0.293,0,0.0,lost_cause,0.02,0.18
2340,treatment,10,10,450.54,0.412,1,25.54,sure_thing,0.03,0.72
2341,treatment,118,0,42.15,0.263,0,0.0,lost_cause,0.02,0.18
2342,control,301,0,9.7,0.252,0,0.0,lost_cause,0.02,0.18
2343,treatment,65,6,223.02,0.424,1,29.1,persuadable,0.58,13.34
2344,control,210,2,19.39,0.0,0,0.0,lost_cause,0.02,0.18
2345,control,25,16,410.5,0.687,0,0.0,sure_thing,0.03,0.72
2346,control,35,7,132.48,0.258,0,0.0,persuadable,0.58,13.34
2347,control,76,4,117.09,0.361,1,21.73,persuadable,0.58,13.34
2348,treatment,0,16,567.34,0.576,0,0.0,sure_thing,0.03,0.72
2349,treatment,10,8,86.7,0.266,0,0.0,persuadable,0.58,13.34
2350,control,28,22,285.49,0.414,1,25.74,sure_thing,0.03,0.72
2351,treatment,44,9,155.9,0.356,1,18.07,persuadable,0.58,13.34
2352,treatment,68,3,240.38,0.282,0,0.0,persuadable,0.58,13.34
2353,control,97,1,23.54,0.122,1,7.79,lost_cause,0.02,0.18
2354,control,162,0,40.85,0.373,0,0.0,lost_cause,0.02,0.18
2355,control,185,2,45.34,0.013,0,0.0,lost_cause,0.02,0.18
2356,control,296,5,5.0,0.187,0,0.0,lost_cause,0.02,0.18
2357,treatment,317,2,36.59,0.215,0,0.0,lost_cause,0.02,0.18
2358,control,53,6,183.84,0.467,0,0.0,persuadable,0.58,13.34
2359,control,46,0,66.93,0.239,0,0.0,lost_cause,0.02,0.18
2360,control,158,1,60.57,0.116,0,0.0,lost_cause,0.02,0.18
2361,control,84,5,121.05,0.268,1,28.56,persuadable,0.58,13.34
2362,control,297,1,45.14,0.0,0,0.0,lost_cause,0.02,0.18
2363,treatment,246,0,8.27,0.112,0,0.0,lost_cause,0.02,0.18
2364,treatment,12,5,142.75,0.099,1,57.57,sleeping_dog,-0.11,-4.84
2365,control,84,5,180.78,0.216,0,0.0,persuadable,0.58,13.34
2366,treatment,247,0,53.17,0.266,0,0.0,lost_cause,0.02,0.18
2367,treatment,259,0,20.27,0.244,0,0.0,lost_cause,0.02,0.18
2368,treatment,269,1,38.45,0.109,0,0.0,lost_cause,0.02,0.18
2369,control,38,4,304.46,0.122,0,0.0,sleeping_dog,-0.11,-4.84
2370,control,56,3,90.91,0.6,0,0.0,persuadable,0.58,13.34
2371,treatment,316,1,43.88,0.216,1,10.26,lost_cause,0.02,0.18
2372,treatment,118,8,141.91,0.374,1,25.06,persuadable,0.58,13.34
2373,treatment,167,2,32.03,0.246,0,0.0,lost_cause,0.02,0.18
2374,treatment,28,4,211.99,0.45,1,25.17,persuadable,0.58,13.34
2375,control,3,3,51.38,0.086,0,0.0,lost_cause,0.02,0.18
2376,treatment,244,3,37.27,0.083,0,0.0,lost_cause,0.02,0.18
2377,treatment,145,2,29.61,0.145,0,0.0,lost_cause,0.02,0.18
2378,control,54,1,22.59,0.178,1,12.9,lost_cause,0.02,0.18
2379,treatment,62,7,274.43,0.18,1,29.92,persuadable,0.58,13.34
2380,control,29,16,140.87,0.342,0,0.0,persuadable,0.58,13.34
2381,control,16,12,463.83,0.491,1,16.67,sure_thing,0.03,0.72
2382,treatment,49,11,251.01,0.49,1,22.61,persuadable,0.58,13.34
2383,treatment,205,2,28.21,0.346,0,0.0,lost_cause,0.02,0.18
2384,control,135,2,20.29,0.198,0,0.0,lost_cause,0.02,0.18
2385,control,80,8,207.99,0.461,1,14.78,persuadable,0.58,13.34
2386,control,0,6,97.82,0.143,1,48.05,sleeping_dog,-0.11,-4.84
2387,control,195,7,12.11,0.138,0,0.0,lost_cause,0.02,0.18
2388,treatment,48,9,157.45,0.229,1,27.15,persuadable,0.58,13.34
2389,treatment,48,6,134.27,0.125,0,0.0,sleeping_dog,-0.11,-4.84
2390,treatment,36,6,261.29,0.188,0,0.0,sleeping_dog,-0.11,-4.84
2391,control,19,1,54.76,0.294,0,0.0,lost_cause,0.02,0.18
2392,treatment,12,15,511.27,0.691,1,22.4,sure_thing,0.03,0.72
2393,control,247,2,63.18,0.105,0,0.0,lost_cause,0.02,0.18
2394,treatment,34,20,384.53,0.532,1,27.39,sure_thing,0.03,0.72
2395,control,5,17,230.67,0.656,1,21.02,sure_thing,0.03,0.72
2396,control,196,3,36.72,0.061,0,0.0,lost_cause,0.02,0.18
2397,control,217,3,10.52,0.16,0,0.0,lost_cause,0.02,0.18
2398,control,31,11,134.76,0.68,0,0.0,persuadable,0.58,13.34
2399,control,15,14,591.71,0.596,1,31.22,sure_thing,0.03,0.72
2400,control,79,4,182.87,0.32,1,27.37,persuadable,0.58,13.34
2401,control,136,0,23.44,0.049,0,0.0,lost_cause,0.02,0.18
2402,treatment,129,2,33.29,0.0,0,0.0,lost_cause,0.02,0.18
2403,treatment,10,13,573.19,0.292,0,0.0,sure_thing,0.03,0.72
2404,control,48,0,270.79,0.171,1,43.39,sleeping_dog,-0.11,-4.84
2405,control,3,25,265.95,0.779,1,23.81,sure_thing,0.03,0.72
2406,treatment,285,0,13.84,0.192,1,6.56,lost_cause,0.02,0.18
2407,control,32,15,188.96,0.495,1,18.32,sure_thing,0.03,0.72
2408,control,39,6,112.81,0.015,1,51.65,sleeping_dog,-0.11,-4.84
2409,treatment,31,5,174.95,0.298,1,16.01,persuadable,0.58,13.34
2410,treatment,79,7,132.0,0.441,1,26.62,persuadable,0.58,13.34
2411,control,256,3,32.58,0.05,0,0.0,lost_cause,0.02,0.18
2412,control,177,0,40.87,0.062,0,0.0,lost_cause,0.02,0.18
2413,treatment,41,7,105.79,0.352,1,21.16,persuadable,0.58,13.34
2414,control,94,8,220.57,0.499,0,0.0,persuadable,0.58,13.34
2415,control,50,5,180.54,0.592,0,0.0,persuadable,0.58,13.34
2416,treatment,93,0,9.2,0.168,0,0.0,lost_cause,0.02,0.18
2417,control,245,1,5.0,0.279,0,0.0,lost_cause,0.02,0.18
2418,treatment,156,5,49.45,0.166,0,0.0,lost_cause,0.02,0.18
2419,control,13,4,161.76,0.519,1,26.91,persuadable,0.58,13.34
2420,control,62,7,207.46,0.372,0,0.0,persuadable,0.58,13.34
2421,control,275,3,41.14,0.125,0,0.0,lost_cause,0.02,0.18
2422,treatment,45,7,94.14,0.549,1,23.43,persuadable,0.58,13.34
2423,treatment,138,3,49.7,0.015,1,9.87,lost_cause,0.02,0.18
2424,control,216,1,24.44,0.107,1,11.22,lost_cause,0.02,0.18
2425,treatment,0,15,623.72,0.638,1,21.49,sure_thing,0.03,0.72
2426,control,232,2,25.7,0.161,0,0.0,lost_cause,0.02,0.18
2427,control,151,1,70.74,0.254,0,0.0,lost_cause,0.02,0.18
2428,treatment,247,2,50.12,0.256,0,0.0,lost_cause,0.02,0.18
2429,control,79,4,56.47,0.245,0,0.0,lost_cause,0.02,0.18
2430,treatment,13,16,342.37,0.265,1,26.38,sure_thing,0.03,0.72
2431,treatment,315,4,53.55,0.125,0,0.0,lost_cause,0.02,0.18
2432,treatment,100,13,97.96,0.269,0,0.0,persuadable,0.58,13.34
2433,treatment,163,2,21.28,0.07,0,0.0,lost_cause,0.02,0.18
2434,treatment,162,1,38.83,0.062,1,8.46,lost_cause,0.02,0.18
2435,treatment,21,11,487.2,0.488,1,16.09,sure_thing,0.03,0.72
2436,treatment,184,1,5.0,0.191,0,0.0,lost_cause,0.02,0.18
2437,treatment,168,0,59.82,0.032,1,6.97,lost_cause,0.02,0.18
2438,treatment,0,16,495.16,0.684,1,24.19,sure_thing,0.03,0.72
2439,treatment,13,17,412.69,0.712,1,25.89,sure_thing,0.03,0.72
2440,control,28,6,192.26,0.366,0,0.0,persuadable,0.58,13.34
2441,treatment,55,3,74.61,0.421,0,0.0,persuadable,0.58,13.34
2442,treatment,138,0,5.0,0.133,0,0.0,lost_cause,0.02,0.18
2443,control,6,10,119.19,0.254,0,0.0,persuadable,0.58,13.34
2444,treatment,10,16,202.07,0.463,1,19.66,sure_thing,0.03,0.72
2445,treatment,8,18,336.5,0.684,0,0.0,sure_thing,0.03,0.72
2446,treatment,216,1,43.88,0.225,0,0.0,lost_cause,0.02,0.18
2447,control,3,15,444.44,0.48,1,33.07,sure_thing,0.03,0.72
2448,treatment,36,21,471.72,0.671,1,19.94,sure_thing,0.03,0.72
2449,treatment,86,7,125.29,0.597,0,0.0,persuadable,0.58,13.34
2450,control,60,3,168.56,0.713,0,0.0,persuadable,0.58,13.34
2451,control,145,3,26.63,0.191,0,0.0,lost_cause,0.02,0.18
2452,treatment,50,6,69.58,0.415,1,23.03,persuadable,0.58,13.34
2453,treatment,14,21,301.46,0.724,1,24.78,sure_thing,0.03,0.72
2454,treatment,17,26,557.56,0.622,1,20.93,sure_thing,0.03,0.72
2455,control,65,2,282.31,0.137,0,0.0,persuadable,0.58,13.34
2456,control,173,4,55.11,0.161,1,12.85,lost_cause,0.02,0.18
2457,control,46,6,93.53,0.288,0,0.0,persuadable,0.58,13.34
2458,treatment,32,11,98.2,0.44,1,16.24,persuadable,0.58,13.34
2459,control,32,8,182.36,0.285,0,0.0,persuadable,0.58,13.34
2460,control,214,4,47.72,0.049,0,0.0,lost_cause,0.02,0.18
2461,treatment,0,6,392.94,0.683,1,21.15,sure_thing,0.03,0.72
2462,treatment,181,2,36.72,0.196,0,0.0,lost_cause,0.02,0.18
2463,control,75,10,96.67,0.66,0,0.0,persuadable,0.58,13.34
2464,treatment,87,10,110.52,0.43,0,0.0,persuadable,0.58,13.34
2465,control,129,3,33.67,0.198,0,0.0,lost_cause,0.02,0.18
2466,treatment,55,6,190.88,0.212,1,32.09,persuadable,0.58,13.34
2467,control,1,17,341.24,0.729,1,18.48,sure_thing,0.03,0.72
2468,control,269,0,39.05,0.223,0,0.0,lost_cause,0.02,0.18
2469,control,57,5,126.12,0.296,1,23.6,persuadable,0.58,13.34
2470,control,0,21,303.96,0.361,1,20.03,sure_thing,0.03,0.72
2471,treatment,372,3,42.33,0.13,1,7.62,lost_cause,0.02,0.18
2472,control,147,6,39.7,0.118,0,0.0,lost_cause,0.02,0.18
2473,control,38,3,199.75,0.452,0,0.0,persuadable,0.58,13.34
2474,treatment,276,3,51.48,0.042,0,0.0,lost_cause,0.02,0.18
2475,treatment,5,14,386.6,0.747,1,22.52,sure_thing,0.03,0.72
2476,control,137,4,59.99,0.015,0,0.0,lost_cause,0.02,0.18
2477,control,9,11,244.24,0.651,0,0.0,sure_thing,0.03,0.72
2478,treatment,176,3,19.27,0.167,0,0.0,lost_cause,0.02,0.18
2479,control,45,6,145.35,0.605,1,29.57,persuadable,0.58,13.34
2480,control,27,20,386.52,0.756,1,28.61,sure_thing,0.03,0.72
2481,treatment,34,6,165.86,0.263,1,24.66,persuadable,0.58,13.34
2482,control,104,3,63.57,0.154,0,0.0,lost_cause,0.02,0.18
2483,control,149,4,12.44,0.132,0,0.0,lost_cause,0.02,0.18
2484,control,92,7,155.8,0.482,1,12.58,persuadable,0.58,13.34
2485,treatment,34,4,103.57,0.171,0,0.0,sleeping_dog,-0.11,-4.84
2486,control,8,19,300.96,0.755,0,0.0,sure_thing,0.03,0.72
2487,control,60,8,227.87,0.176,1,24.21,persuadable,0.58,13.34
2488,treatment,79,10,171.5,0.227,1,26.23,persuadable,0.58,13.34
2489,control,14,30,564.53,0.504,1,27.07,sure_thing,0.03,0.72
2490,treatment,133,0,50.16,0.07,0,0.0,lost_cause,0.02,0.18
2491,treatment,191,1,18.5,0.303,1,6.22,lost_cause,0.02,0.18
2492,control,18,19,357.77,0.363,1,32.23,sure_thing,0.03,0.72
2493,control,171,4,73.58,0.024,1,6.64,lost_cause,0.02,0.18
2494,control,390,1,42.1,0.21,0,0.0,lost_cause,0.02,0.18
2495,treatment,49,23,314.1,0.596,0,0.0,sure_thing,0.03,0.72
2496,control,123,4,52.28,0.112,0,0.0,lost_cause,0.02,0.18
2497,treatment,254,1,76.26,0.165,0,0.0,lost_cause,0.02,0.18
2498,control,273,2,58.9,0.161,0,0.0,lost_cause,0.02,0.18
2499,treatment,7,29,320.67,0.734,1,25.69,sure_thing,0.03,0.72
2500,control,57,11,155.05,0.178,0,0.0,persuadable,0.58,13.34
2501,control,9,15,519.93,0.557,0,0.0,sure_thing,0.03,0.72
2502,control,34,16,421.01,0.382,1,27.67,sure_thing,0.03,0.72
2503,control,20,7,510.6,0.601,1,22.31,sure_thing,0.03,0.72
2504,control,46,1,68.46,0.08,0,0.0,lost_cause,0.02,0.18
2505,control,51,3,10.27,0.235,0,0.0,lost_cause,0.02,0.18
2506,treatment,15,2,101.59,0.444,1,24.15,persuadable,0.58,13.34
2507,treatment,54,7,96.16,0.144,1,46.85,sleeping_dog,-0.11,-4.84
2508,control,276,2,23.71,0.162,0,0.0,lost_cause,0.02,0.18
2509,control,98,0,40.55,0.167,0,0.0,lost_cause,0.02,0.18
2510,control,40,7,151.25,0.053,1,46.48,sleeping_dog,-0.11,-4.84
2511,treatment,36,6,37.54,0.632,1,19.43,persuadable,0.58,13.34
2512,treatment,6,27,333.44,0.746,1,27.53,sure_thing,0.03,0.72
2513,treatment,20,4,153.52,0.358,1,23.59,persuadable,0.58,13.34
2514,control,16,10,496.8,0.539,1,18.62,sure_thing,0.03,0.72
2515,control,62,4,175.55,0.367,0,0.0,persuadable,0.58,13.34
2516,treatment,173,0,29.25,0.154,0,0.0,lost_cause,0.02,0.18
2517,control,0,0,27.02,0.074,0,0.0,lost_cause,0.02,0.18
2518,control,7,11,204.55,0.667,1,20.55,sure_thing,0.03,0.72
2519,treatment,106,3,27.09,0.41,0,0.0,lost_cause,0.02,0.18
2520,control,63,4,160.91,0.471,0,0.0,persuadable,0.58,13.34
2521,treatment,179,3,15.91,0.118,1,9.55,lost_cause,0.02,0.18
2522,control,20,10,152.92,0.357,0,0.0,persuadable,0.58,13.34
2523,control,0,6,46.29,0.218,0,0.0,persuadable,0.58,13.34
2524,control,300,0,66.14,0.102,1,10.5,lost_cause,0.02,0.18
2525,treatment,19,3,207.95,0.0,0,0.0,sleeping_dog,-0.11,-4.84
2526,control,21,21,738.73,0.572,1,32.3,sure_thing,0.03,0.72
2527,treatment,70,5,173.22,0.551,1,19.13,persuadable,0.58,13.34
2528,treatment,380,3,59.52,0.389,0,0.0,lost_cause,0.02,0.18
2529,treatment,147,4,37.85,0.048,0,0.0,lost_cause,0.02,0.18
2530,treatment,51,4,42.28,0.616,1,22.0,persuadable,0.58,13.34
2531,treatment,41,4,106.13,0.149,0,0.0,sleeping_dog,-0.11,-4.84
2532,treatment,0,15,280.42,0.3,0,0.0,sure_thing,0.03,0.72
2533,control,97,8,196.42,0.283,0,0.0,persuadable,0.58,13.34
2534,control,329,2,61.08,0.223,0,0.0,lost_cause,0.02,0.18
2535,control,90,9,231.49,0.54,0,0.0,persuadable,0.58,13.34
2536,control,33,6,172.41,0.284,1,18.01,persuadable,0.58,13.34
2537,treatment,6,24,371.38,0.301,1,17.94,sure_thing,0.03,0.72
2538,treatment,202,3,16.22,0.386,0,0.0,lost_cause,0.02,0.18
2539,treatment,41,2,78.68,0.399,1,14.41,persuadable,0.58,13.34
2540,control,182,8,100.74,0.198,0,0.0,lost_cause,0.02,0.18
2541,control,0,19,407.89,0.32,0,0.0,sure_thing,0.03,0.72
2542,control,24,17,550.01,0.577,1,20.72,sure_thing,0.03,0.72
2543,treatment,27,11,364.64,0.517,0,0.0,sure_thing,0.03,0.72
2544,control,183,2,28.78,0.198,0,0.0,lost_cause,0.02,0.18
2545,treatment,182,1,62.38,0.194,0,0.0,lost_cause,0.02,0.18
2546,treatment,69,3,25.47,0.002,1,5.36,lost_cause,0.02,0.18
2547,control,120,9,241.89,0.377,0,0.0,persuadable,0.58,13.34
2548,treatment,196,2,45.78,0.237,0,0.0,lost_cause,0.02,0.18
2549,control,104,0,57.18,0.273,0,0.0,lost_cause,0.02,0.18
2550,treatment,233,1,62.26,0.167,0,0.0,lost_cause,0.02,0.18
2551,treatment,29,24,130.8,0.468,0,0.0,sure_thing,0.03,0.72
2552,control,6,18,425.12,0.615,0,0.0,sure_thing,0.03,0.72
2553,control,56,14,98.34,0.338,0,0.0,persuadable,0.58,13.34
2554,control,110,8,130.11,0.468,0,0.0,persuadable,0.58,13.34
2555,treatment,9,2,157.4,0.115,0,0.0,sleeping_dog,-0.11,-4.84
2556,control,8,8,91.53,0.166,0,0.0,persuadable,0.58,13.34
2557,treatment,3,17,475.14,0.664,1,26.96,sure_thing,0.03,0.72
2558,treatment,400,0,24.07,0.072,0,0.0,lost_cause,0.02,0.18
2559,control,34,5,143.71,0.203,0,0.0,sleeping_dog,-0.11,-4.84
2560,treatment,89,4,33.73,0.215,0,0.0,lost_cause,0.02,0.18
2561,control,14,22,193.94,0.505,1,20.15,sure_thing,0.03,0.72
2562,treatment,348,0,31.73,0.294,0,0.0,lost_cause,0.02,0.18
2563,treatment,44,5,146.48,0.416,1,21.19,persuadable,0.58,13.34
2564,treatment,105,5,70.65,0.182,0,0.0,lost_cause,0.02,0.18
2565,treatment,174,1,32.38,0.082,1,7.75,lost_cause,0.02,0.18
2566,treatment,294,0,20.04,0.183,0,0.0,lost_cause,0.02,0.18
2567,control,77,7,253.97,0.489,0,0.0,persuadable,0.58,13.34
2568,treatment,10,19,293.19,0.768,0,0.0,sure_thing,0.03,0.72
2569,control,26,17,480.48,0.74,0,0.0,sure_thing,0.03,0.72
2570,control,248,2,5.0,0.081,0,0.0,lost_cause,0.02,0.18
2571,control,308,4,5.0,0.0,0,0.0,lost_cause,0.02,0.18
2572,control,77,7,88.16,0.396,1,20.88,persuadable,0.58,13.34
2573,treatment,84,11,200.76,0.485,1,32.89,persuadable,0.58,13.34
2574,treatment,37,12,213.06,0.688,1,19.57,persuadable,0.58,13.34
2575,treatment,12,3,167.32,0.097,1,42.65,sleeping_dog,-0.11,-4.84
2576,treatment,26,18,325.13,0.562,0,0.0,sure_thing,0.03,0.72
2577,control,322,2,5.0,0.214,0,0.0,lost_cause,0.02,0.18
2578,control,0,20,276.22,0.418,0,0.0,sure_thing,0.03,0.72
2579,treatment,179,4,47.22,0.079,0,0.0,lost_cause,0.02,0.18
2580,treatment,14,20,559.94,0.721,1,31.75,sure_thing,0.03,0.72
2581,treatment,10,11,360.58,0.4,0,0.0,sure_thing,0.03,0.72
2582,treatment,2,21,231.38,0.504,1,28.3,sure_thing,0.03,0.72
2583,treatment,100,8,185.44,0.343,1,13.34,persuadable,0.58,13.34
2584,control,60,4,140.92,0.187,0,0.0,persuadable,0.58,13.34
2585,control,157,3,12.42,0.0,0,0.0,lost_cause,0.02,0.18
2586,control,35,3,143.44,0.41,0,0.0,persuadable,0.58,13.34
2587,control,43,5,83.18,0.507,0,0.0,persuadable,0.58,13.34
2588,control,58,1,122.88,0.18,0,0.0,persuadable,0.58,13.34
2589,control,8,9,487.0,0.606,0,0.0,sure_thing,0.03,0.72
2590,treatment,58,3,106.74,0.333,1,16.97,persuadable,0.58,13.34
2591,control,13,32,320.7,0.729,1,30.05,sure_thing,0.03,0.72
2592,control,259,2,25.7,0.188,0,0.0,lost_cause,0.02,0.18
2593,control,248,1,21.06,0.15,0,0.0,lost_cause,0.02,0.18
2594,control,13,14,239.73,0.575,1,27.19,sure_thing,0.03,0.72
2595,treatment,354,3,12.48,0.17,0,0.0,lost_cause,0.02,0.18
2596,control,16,2,18.47,0.233,0,0.0,lost_cause,0.02,0.18
2597,control,294,1,44.69,0.116,0,0.0,lost_cause,0.02,0.18
2598,treatment,248,2,27.41,0.178,0,0.0,lost_cause,0.02,0.18
2599,treatment,178,3,49.66,0.201,0,0.0,lost_cause,0.02,0.18
2600,treatment,133,2,37.75,0.234,0,0.0,lost_cause,0.02,0.18
2601,control,4,22,548.75,0.562,1,25.84,sure_thing,0.03,0.72
2602,treatment,135,4,5.74,0.068,0,0.0,lost_cause,0.02,0.18
2603,control,0,15,378.04,0.719,0,0.0,sure_thing,0.03,0.72
2604,control,38,4,181.58,0.0,1,35.07,sleeping_dog,-0.11,-4.84
2605,control,5,7,558.08,0.712,0,0.0,sure_thing,0.03,0.72
2606,control,29,8,141.57,0.256,0,0.0,persuadable,0.58,13.34
2607,control,109,9,154.43,0.23,0,0.0,persuadable,0.58,13.34
2608,treatment,11,8,209.21,0.022,0,0.0,sleeping_dog,-0.11,-4.84
2609,treatment,135,5,27.7,0.083,1,3.0,lost_cause,0.02,0.18
2610,control,346,3,53.47,0.255,0,0.0,lost_cause,0.02,0.18
2611,treatment,33,6,219.5,0.046,1,40.58,sleeping_dog,-0.11,-4.84
2612,treatment,0,19,348.31,0.459,1,24.04,sure_thing,0.03,0.72
2613,treatment,11,5,253.88,0.124,0,0.0,sleeping_dog,-0.11,-4.84
2614,control,207,3,68.32,0.34,0,0.0,lost_cause,0.02,0.18
2615,control,181,3,8.61,0.183,0,0.0,lost_cause,0.02,0.18
2616,treatment,57,11,174.45,0.635,1,19.45,persuadable,0.58,13.34
2617,treatment,209,3,45.23,0.178,0,0.0,lost_cause,0.02,0.18
2618,treatment,25,13,245.3,0.535,0,0.0,sure_thing,0.03,0.72
2619,treatment,54,5,231.66,0.186,1,39.64,sleeping_dog,-0.11,-4.84
2620,treatment,254,2,58.66,0.0,0,0.0,lost_cause,0.02,0.18
2621,control,30,5,142.44,0.134,1,44.36,sleeping_dog,-0.11,-4.84
2622,control,271,1,82.25,0.281,0,0.0,lost_cause,0.02,0.18
2623,treatment,203,1,30.96,0.186,0,0.0,lost_cause,0.02,0.18
2624,control,187,1,55.2,0.09,0,0.0,lost_cause,0.02,0.18
2625,treatment,30,19,323.66,0.593,1,17.62,sure_thing,0.03,0.72
2626,treatment,9,21,404.87,0.476,1,33.25,sure_thing,0.03,0.72
2627,control,0,9,31.64,0.13,0,0.0,persuadable,0.58,13.34
2628,control,137,3,16.24,0.215,0,0.0,lost_cause,0.02,0.18
2629,control,201,0,58.16,0.11,0,0.0,lost_cause,0.02,0.18
2630,treatment,193,2,51.28,0.135,0,0.0,lost_cause,0.02,0.18
2631,control,5,24,335.79,0.63,0,0.0,sure_thing,0.03,0.72
2632,control,68,6,182.38,0.486,0,0.0,persuadable,0.58,13.34
2633,control,14,21,642.86,0.538,1,22.26,sure_thing,0.03,0.72
2634,control,27,21,473.05,0.478,1,18.89,sure_thing,0.03,0.72
2635,control,11,24,337.93,0.634,1,26.81,sure_thing,0.03,0.72
2636,treatment,150,1,5.42,0.159,0,0.0,lost_cause,0.02,0.18
2637,control,178,1,23.19,0.215,0,0.0,lost_cause,0.02,0.18
2638,control,36,4,88.19,0.128,0,0.0,sleeping_dog,-0.11,-4.84
2639,treatment,315,3,30.45,0.348,1,4.04,lost_cause,0.02,0.18
2640,treatment,1,2,255.17,0.079,1,49.91,sleeping_dog,-0.11,-4.84
2641,treatment,0,15,381.06,0.476,1,26.12,sure_thing,0.03,0.72
2642,treatment,275,2,42.37,0.17,0,0.0,lost_cause,0.02,0.18
2643,treatment,230,3,38.33,0.073,0,0.0,lost_cause,0.02,0.18
2644,treatment,310,1,42.69,0.19,0,0.0,lost_cause,0.02,0.18
2645,control,216,1,44.89,0.092,0,0.0,lost_cause,0.02,0.18
2646,treatment,307,2,14.18,0.056,0,0.0,lost_cause,0.02,0.18
2647,control,204,3,9.86,0.052,0,0.0,lost_cause,0.02,0.18
2648,treatment,20,20,639.0,0.562,0,0.0,sure_thing,0.03,0.72
2649,control,0,19,479.37,0.468,1,24.91,sure_thing,0.03,0.72
2650,control,332,3,42.85,0.101,0,0.0,lost_cause,0.02,0.18
2651,treatment,253,4,13.17,0.0,1,9.66,lost_cause,0.02,0.18
2652,treatment,28,4,250.35,0.207,1,33.72,sleeping_dog,-0.11,-4.84
2653,treatment,178,0,25.3,0.166,0,0.0,lost_cause,0.02,0.18
2654,control,71,9,93.48,0.494,0,0.0,persuadable,0.58,13.34
2655,control,0,24,520.45,0.65,1,28.02,sure_thing,0.03,0.72
2656,treatment,75,1,131.03,0.444,1,8.31,persuadable,0.58,13.34
2657,control,101,2,33.18,0.084,0,0.0,lost_cause,0.02,0.18
2658,treatment,217,1,69.06,0.254,1,6.13,lost_cause,0.02,0.18
2659,control,11,14,306.47,0.518,1,22.54,sure_thing,0.03,0.72
2660,control,102,7,125.5,0.25,1,30.17,persuadable,0.58,13.34
2661,treatment,218,5,38.89,0.027,0,0.0,lost_cause,0.02,0.18
2662,treatment,110,0,65.27,0.124,0,0.0,lost_cause,0.02,0.18
2663,control,187,1,51.94,0.028,0,0.0,lost_cause,0.02,0.18
2664,treatment,56,3,152.51,0.121,1,26.85,persuadable,0.58,13.34
2665,control,153,4,17.26,0.138,0,0.0,lost_cause,0.02,0.18
2666,control,229,1,70.19,0.112,0,0.0,lost_cause,0.02,0.18
2667,treatment,9,19,438.76,0.62,1,24.86,sure_thing,0.03,0.72
2668,control,77,6,174.41,0.0,0,0.0,persuadable,0.58,13.34
2669,treatment,9,14,587.49,0.701,1,19.11,sure_thing,0.03,0.72
2670,control,93,0,27.65,0.231,0,0.0,lost_cause,0.02,0.18
2671,control,204,4,59.99,0.18,0,0.0,lost_cause,0.02,0.18
2672,control,374,3,43.32,0.193,0,0.0,lost_cause,0.02,0.18
2673,treatment,291,1,25.82,0.075,0,0.0,lost_cause,0.02,0.18
2674,control,29,2,212.65,0.162,1,49.74,sleeping_dog,-0.11,-4.84
2675,treatment,19,25,588.49,0.512,1,24.87,sure_thing,0.03,0.72
2676,treatment,203,1,5.0,0.134,1,7.3,lost_cause,0.02,0.18
2677,control,24,5,158.25,0.178,0,0.0,persuadable,0.58,13.34
2678,treatment,34,3,167.58,0.21,1,40.03,sleeping_dog,-0.11,-4.84
2679,treatment,81,5,113.54,0.382,0,0.0,persuadable,0.58,13.34
2680,control,340,2,46.32,0.072,0,0.0,lost_cause,0.02,0.18
2681,control,172,1,33.65,0.078,0,0.0,lost_cause,0.02,0.18
2682,control,32,17,284.87,0.506,1,16.24,sure_thing,0.03,0.72
2683,control,23,24,433.17,0.407,0,0.0,sure_thing,0.03,0.72
2684,control,0,6,103.2,0.17,0,0.0,persuadable,0.58,13.34
2685,control,42,4,164.51,0.085,0,0.0,sleeping_dog,-0.11,-4.84
2686,treatment,14,5,186.72,0.375,1,19.64,persuadable,0.58,13.34
2687,control,279,1,83.1,0.056,0,0.0,lost_cause,0.02,0.18
2688,treatment,19,14,474.86,0.378,1,18.82,sure_thing,0.03,0.72
2689,control,232,3,25.2,0.094,0,0.0,lost_cause,0.02,0.18
2690,treatment,24,13,410.48,0.924,0,0.0,sure_thing,0.03,0.72
2691,control,168,1,36.61,0.125,0,0.0,lost_cause,0.02,0.18
2692,treatment,249,2,25.35,0.0,0,0.0,lost_cause,0.02,0.18
2693,treatment,400,1,22.38,0.176,1,9.83,lost_cause,0.02,0.18
2694,control,130,3,61.92,0.114,0,0.0,lost_cause,0.02,0.18
2695,control,128,2,61.15,0.135,0,0.0,lost_cause,0.02,0.18
2696,control,47,11,178.05,0.245,0,0.0,persuadable,0.58,13.34
2697,control,355,4,12.88,0.3,0,0.0,lost_cause,0.02,0.18
2698,treatment,149,0,25.04,0.467,0,0.0,lost_cause,0.02,0.18
2699,control,18,20,166.19,0.476,1,15.71,sure_thing,0.03,0.72
2700,treatment,31,21,364.72,0.623,1,22.13,sure_thing,0.03,0.72
2701,treatment,103,8,158.44,0.312,1,23.32,persuadable,0.58,13.34
2702,control,53,15,116.1,0.459,0,0.0,persuadable,0.58,13.34
2703,control,13,14,421.39,0.529,1,25.62,sure_thing,0.03,0.72
2704,control,22,24,442.87,0.441,1,20.45,sure_thing,0.03,0.72
2705,treatment,38,5,101.52,0.337,1,20.15,persuadable,0.58,13.34
2706,treatment,196,1,28.77,0.0,0,0.0,lost_cause,0.02,0.18
2707,treatment,166,2,18.74,0.084,0,0.0,lost_cause,0.02,0.18
2708,control,61,10,243.56,0.507,0,0.0,persuadable,0.58,13.34
2709,treatment,140,2,54.33,0.12,0,0.0,lost_cause,0.02,0.18
2710,treatment,26,14,472.57,0.352,1,18.08,sure_thing,0.03,0.72
2711,treatment,248,1,36.7,0.056,0,0.0,lost_cause,0.02,0.18
2712,treatment,117,5,27.73,0.178,0,0.0,lost_cause,0.02,0.18
2713,control,30,11,215.55,0.202,0,0.0,persuadable,0.58,13.34
2714,treatment,16,19,418.13,0.608,0,0.0,sure_thing,0.03,0.72
2715,control,115,1,39.82,0.14,0,0.0,lost_cause,0.02,0.18
2716,treatment,184,1,43.43,0.176,0,0.0,lost_cause,0.02,0.18
2717,treatment,60,4,151.48,0.338,0,0.0,persuadable,0.58,13.34
2718,control,21,13,313.22,0.681,1,22.96,sure_thing,0.03,0.72
2719,treatment,254,0,30.99,0.196,0,0.0,lost_cause,0.02,0.18
2720,treatment,74,14,268.6,0.147,0,0.0,persuadable,0.58,13.34
2721,control,11,10,398.2,0.522,0,0.0,sure_thing,0.03,0.72
2722,treatment,35,6,195.09,0.12,0,0.0,sleeping_dog,-0.11,-4.84
2723,control,15,14,388.55,0.218,1,21.41,sure_thing,0.03,0.72
2724,treatment,38,7,241.56,0.324,1,17.32,persuadable,0.58,13.34
2725,control,0,22,415.91,0.498,1,21.22,sure_thing,0.03,0.72
2726,control,46,8,213.71,0.151,0,0.0,persuadable,0.58,13.34
2727,control,32,7,147.06,0.477,0,0.0,persuadable,0.58,13.34
2728,control,332,1,32.69,0.226,0,0.0,lost_cause,0.02,0.18
2729,control,12,19,377.59,0.548,1,20.36,sure_thing,0.03,0.72
2730,treatment,12,12,487.5,0.377,1,27.56,sure_thing,0.03,0.72
2731,treatment,203,5,47.4,0.191,0,0.0,lost_cause,0.02,0.18
2732,control,60,6,227.91,0.123,1,24.22,persuadable,0.58,13.34
2733,treatment,44,6,170.68,0.33,1,26.41,persuadable,0.58,13.34
2734,treatment,21,5,124.94,0.09,1,41.59,sleeping_dog,-0.11,-4.84
2735,control,287,2,48.4,0.173,0,0.0,lost_cause,0.02,0.18
2736,control,9,21,390.65,0.765,1,25.06,sure_thing,0.03,0.72
2737,control,101,0,91.15,0.369,0,0.0,persuadable,0.58,13.34
2738,control,327,1,22.15,0.105,0,0.0,lost_cause,0.02,0.18
2739,treatment,133,9,66.43,0.625,1,13.6,persuadable,0.58,13.34
2740,treatment,247,3,48.56,0.181,0,0.0,lost_cause,0.02,0.18
2741,control,280,1,5.0,0.235,0,0.0,lost_cause,0.02,0.18
2742,treatment,188,3,31.56,0.125,0,0.0,lost_cause,0.02,0.18
2743,control,65,0,57.31,0.158,1,9.54,lost_cause,0.02,0.18
2744,control,275,1,79.07,0.169,0,0.0,lost_cause,0.02,0.18
2745,treatment,106,4,50.02,0.179,1,10.44,lost_cause,0.02,0.18
2746,control,13,11,134.99,0.453,0,0.0,persuadable,0.58,13.34
2747,treatment,29,6,196.0,0.064,0,0.0,sleeping_dog,-0.11,-4.84
2748,treatment,256,2,44.88,0.009,0,0.0,lost_cause,0.02,0.18
2749,control,133,2,85.47,0.153,0,0.0,lost_cause,0.02,0.18
2750,control,102,3,67.23,0.172,0,0.0,lost_cause,0.02,0.18
2751,treatment,12,3,46.67,0.23,0,0.0,sleeping_dog,-0.11,-4.84
2752,control,195,3,40.87,0.009,0,0.0,lost_cause,0.02,0.18
2753,treatment,0,16,251.06,0.725,0,0.0,sure_thing,0.03,0.72
2754,control,94,1,35.05,0.152,0,0.0,lost_cause,0.02,0.18
2755,treatment,213,0,5.0,0.17,1,9.37,lost_cause,0.02,0.18
2756,control,189,2,52.88,0.0,0,0.0,lost_cause,0.02,0.18
2757,control,0,17,610.39,0.473,1,23.78,sure_thing,0.03,0.72
2758,treatment,186,3,21.15,0.344,0,0.0,lost_cause,0.02,0.18
2759,treatment,81,9,242.41,0.332,1,12.9,persuadable,0.58,13.34
2760,control,4,25,491.46,0.817,0,0.0,sure_thing,0.03,0.72
2761,treatment,340,1,43.19,0.187,0,0.0,lost_cause,0.02,0.18
2762,treatment,278,4,9.23,0.274,0,0.0,lost_cause,0.02,0.18
2763,treatment,13,15,541.08,0.614,1,23.57,sure_thing,0.03,0.72
2764,treatment,1,22,479.99,0.65,0,0.0,sure_thing,0.03,0.72
2765,treatment,185,0,20.95,0.128,0,0.0,lost_cause,0.02,0.18
2766,control,278,1,55.72,0.172,1,10.51,lost_cause,0.02,0.18
2767,control,4,12,634.53,0.385,0,0.0,sure_thing,0.03,0.72
2768,control,79,2,168.38,0.22,0,0.0,persuadable,0.58,13.34
2769,treatment,20,23,597.2,0.507,1,33.67,sure_thing,0.03,0.72
2770,control,89,5,157.52,0.482,0,0.0,persuadable,0.58,13.34
2771,treatment,22,23,559.98,0.328,1,21.37,sure_thing,0.03,0.72
2772,control,13,12,441.04,0.418,1,21.16,sure_thing,0.03,0.72
2773,treatment,0,20,390.29,0.925,1,29.12,sure_thing,0.03,0.72
2774,treatment,1,21,567.08,0.558,1,27.83,sure_thing,0.03,0.72
2775,control,7,11,250.96,0.502,0,0.0,sure_thing,0.03,0.72
2776,control,32,6,236.44,0.684,0,0.0,persuadable,0.58,13.34
2777,control,241,0,49.42,0.059,0,0.0,lost_cause,0.02,0.18
2778,control,177,0,95.0,0.125,0,0.0,lost_cause,0.02,0.18
2779,treatment,52,8,123.51,0.491,1,25.11,persuadable,0.58,13.34
2780,treatment,87,5,54.58,0.135,0,0.0,lost_cause,0.02,0.18
2781,control,32,6,99.46,0.545,1,21.22,persuadable,0.58,13.34
2782,control,22,4,226.11,0.185,0,0.0,sleeping_dog,-0.11,-4.84
2783,treatment,3,11,352.92,0.681,0,0.0,sure_thing,0.03,0.72
2784,control,142,2,73.36,0.208,0,0.0,lost_cause,0.02,0.18
2785,control,32,5,217.23,0.317,0,0.0,persuadable,0.58,13.34
2786,control,14,16,528.27,0.391,0,0.0,sure_thing,0.03,0.72
2787,treatment,378,5,45.57,0.303,0,0.0,lost_cause,0.02,0.18
2788,control,16,5,97.08,0.224,0,0.0,persuadable,0.58,13.34
2789,control,20,16,422.62,0.517,1,18.62,sure_thing,0.03,0.72
2790,control,210,3,34.17,0.0,1,8.86,lost_cause,0.02,0.18
2791,treatment,256,0,31.8,0.129,0,0.0,lost_cause,0.02,0.18
2792,control,357,4,37.81,0.269,0,0.0,lost_cause,0.02,0.18
2793,treatment,13,18,141.0,0.739,1,26.03,sure_thing,0.03,0.72
2794,treatment,59,1,168.16,0.446,0,0.0,persuadable,0.58,13.34
2795,treatment,142,3,50.6,0.131,0,0.0,lost_cause,0.02,0.18
2796,control,302,5,82.51,0.02,0,0.0,lost_cause,0.02,0.18
2797,treatment,22,20,388.7,0.702,1,28.37,sure_thing,0.03,0.72
2798,treatment,0,3,38.94,0.294,0,0.0,lost_cause,0.02,0.18
2799,treatment,115,2,16.96,0.318,0,0.0,lost_cause,0.02,0.18
2800,control,22,9,162.75,0.549,1,17.7,persuadable,0.58,13.34
2801,treatment,87,6,50.09,0.361,1,19.77,persuadable,0.58,13.34
2802,treatment,28,3,168.37,0.248,0,0.0,sleeping_dog,-0.11,-4.84
2803,treatment,69,9,104.02,0.399,1,26.78,persuadable,0.58,13.34
2804,control,14,3,38.67,0.24,0,0.0,lost_cause,0.02,0.18
2805,treatment,205,2,5.0,0.182,0,0.0,lost_cause,0.02,0.18
2806,treatment,14,23,477.0,0.53,1,20.96,sure_thing,0.03,0.72
2807,control,57,5,32.13,0.164,1,37.97,sleeping_dog,-0.11,-4.84
2808,treatment,207,0,45.33,0.161,0,0.0,lost_cause,0.02,0.18
2809,control,9,16,456.37,0.619,1,26.31,sure_thing,0.03,0.72
2810,treatment,141,1,5.0,0.126,0,0.0,lost_cause,0.02,0.18
2811,treatment,148,4,5.0,0.229,0,0.0,lost_cause,0.02,0.18
2812,control,400,0,45.16,0.253,0,0.0,lost_cause,0.02,0.18
2813,treatment,242,3,48.48,0.035,0,0.0,lost_cause,0.02,0.18
2814,treatment,253,4,21.11,0.28,0,0.0,lost_cause,0.02,0.18
2815,treatment,127,2,34.58,0.117,0,0.0,lost_cause,0.02,0.18
2816,control,5,17,432.47,0.599,1,18.97,sure_thing,0.03,0.72
2817,treatment,136,1,44.84,0.184,1,5.53,lost_cause,0.02,0.18
2818,treatment,81,4,137.34,0.466,1,22.0,persuadable,0.58,13.34
2819,treatment,22,16,721.83,0.5,0,0.0,sure_thing,0.03,0.72
2820,control,0,2,201.15,0.161,0,0.0,sleeping_dog,-0.11,-4.84
2821,control,223,3,46.81,0.142,0,0.0,lost_cause,0.02,0.18
2822,control,43,7,187.18,0.523,0,0.0,persuadable,0.58,13.34
2823,treatment,177,1,14.8,0.193,0,0.0,lost_cause,0.02,0.18
2824,control,13,31,450.38,0.239,0,0.0,sure_thing,0.03,0.72
2825,treatment,66,1,79.43,0.301,1,28.62,persuadable,0.58,13.34
2826,control,191,3,34.5,0.169,0,0.0,lost_cause,0.02,0.18
2827,control,180,3,5.0,0.308,0,0.0,lost_cause,0.02,0.18
2828,control,18,28,367.89,0.49,1,17.31,sure_thing,0.03,0.72
2829,control,52,2,12.68,0.109,0,0.0,lost_cause,0.02,0.18
2830,treatment,15,15,346.45,0.401,1,28.57,sure_thing,0.03,0.72
2831,control,239,1,21.25,0.195,0,0.0,lost_cause,0.02,0.18
2832,treatment,225,1,35.13,0.258,0,0.0,lost_cause,0.02,0.18
2833,control,4,16,381.61,0.33,1,27.89,sure_thing,0.03,0.72
2834,control,15,3,76.98,0.043,1,46.78,sleeping_dog,-0.11,-4.84
2835,treatment,14,3,176.6,0.085,0,0.0,sleeping_dog,-0.11,-4.84
2836,control,255,2,51.38,0.284,0,0.0,lost_cause,0.02,0.18
2837,control,268,0,31.64,0.0,0,0.0,lost_cause,0.02,0.18
2838,treatment,45,19,595.42,0.276,1,23.82,sure_thing,0.03,0.72
2839,control,367,2,28.6,0.308,0,0.0,lost_cause,0.02,0.18
2840,control,171,2,37.88,0.269,0,0.0,lost_cause,0.02,0.18
2841,treatment,60,10,115.58,0.427,1,25.91,persuadable,0.58,13.34
2842,treatment,55,7,161.13,0.296,1,28.03,persuadable,0.58,13.34
2843,treatment,22,21,735.29,0.635,1,30.38,sure_thing,0.03,0.72
2844,control,18,13,473.46,0.625,1,27.28,sure_thing,0.03,0.72
2845,control,7,21,439.85,0.502,0,0.0,sure_thing,0.03,0.72
2846,treatment,0,18,501.55,0.492,1,24.9,sure_thing,0.03,0.72
2847,control,110,9,57.69,0.462,0,0.0,persuadable,0.58,13.34
2848,control,41,5,128.77,0.043,1,26.2,sleeping_dog,-0.11,-4.84
2849,control,42,5,144.74,0.0,1,37.8,sleeping_dog,-0.11,-4.84
2850,treatment,42,10,22.99,0.573,0,0.0,persuadable,0.58,13.34
2851,treatment,224,1,31.23,0.238,0,0.0,lost_cause,0.02,0.18
2852,treatment,18,27,531.74,0.55,1,27.63,sure_thing,0.03,0.72
2853,control,29,7,154.76,0.543,0,0.0,persuadable,0.58,13.34
2854,treatment,327,3,26.89,0.099,0,0.0,lost_cause,0.02,0.18
2855,treatment,27,23,449.29,0.451,1,23.07,sure_thing,0.03,0.72
2856,treatment,173,3,58.66,0.0,0,0.0,lost_cause,0.02,0.18
2857,control,308,0,40.49,0.164,1,12.24,lost_cause,0.02,0.18
2858,treatment,163,2,52.49,0.192,0,0.0,lost_cause,0.02,0.18
2859,control,166,1,5.54,0.0,0,0.0,lost_cause,0.02,0.18
2860,control,110,1,17.19,0.129,0,0.0,lost_cause,0.02,0.18
2861,control,194,2,26.35,0.128,0,0.0,lost_cause,0.02,0.18
2862,treatment,57,8,172.06,0.415,1,28.69,persuadable,0.58,13.34
2863,treatment,390,4,20.39,0.146,1,11.97,lost_cause,0.02,0.18
2864,control,369,4,35.35,0.283,0,0.0,lost_cause,0.02,0.18
2865,control,78,2,110.45,0.37,0,0.0,persuadable,0.58,13.34
2866,treatment,16,11,353.95,0.45,1,25.03,sure_thing,0.03,0.72
2867,treatment,215,1,32.06,0.0,1,12.87,lost_cause,0.02,0.18
2868,treatment,252,2,46.62,0.128,0,0.0,lost_cause,0.02,0.18
2869,treatment,18,14,346.88,0.536,0,0.0,sure_thing,0.03,0.72
2870,control,309,2,68.01,0.082,1,6.8,lost_cause,0.02,0.18
2871,treatment,112,2,24.56,0.231,0,0.0,lost_cause,0.02,0.18
2872,treatment,14,20,410.2,0.402,1,21.13,sure_thing,0.03,0.72
2873,control,0,13,340.29,0.453,0,0.0,sure_thing,0.03,0.72
2874,treatment,170,4,39.13,0.305,0,0.0,lost_cause,0.02,0.18
2875,treatment,23,11,428.96,0.756,0,0.0,sure_thing,0.03,0.72
2876,treatment,13,19,587.06,0.468,1,16.89,sure_thing,0.03,0.72
2877,treatment,190,3,46.35,0.314,0,0.0,lost_cause,0.02,0.18
2878,control,40,0,63.26,0.133,0,0.0,lost_cause,0.02,0.18
2879,treatment,137,3,13.71,0.384,0,0.0,lost_cause,0.02,0.18
2880,control,51,3,220.1,0.501,0,0.0,persuadable,0.58,13.34
2881,treatment,151,3,39.07,0.185,1,9.95,lost_cause,0.02,0.18
2882,treatment,177,0,31.82,0.395,0,0.0,lost_cause,0.02,0.18
2883,control,187,4,48.23,0.041,0,0.0,lost_cause,0.02,0.18
2884,treatment,20,12,590.06,0.389,1,9.9,sure_thing,0.03,0.72
2885,control,35,3,232.15,0.625,0,0.0,persuadable,0.58,13.34
2886,treatment,4,3,62.46,0.061,0,0.0,lost_cause,0.02,0.18
2887,control,34,8,189.63,0.311,0,0.0,persuadable,0.58,13.34
2888,control,30,17,447.44,0.421,1,22.96,sure_thing,0.03,0.72
2889,treatment,245,4,21.46,0.14,0,0.0,lost_cause,0.02,0.18
2890,control,55,9,152.08,0.53,1,19.43,persuadable,0.58,13.34
2891,control,161,0,28.98,0.11,0,0.0,lost_cause,0.02,0.18
2892,control,65,3,199.91,0.444,0,0.0,persuadable,0.58,13.34
2893,control,247,1,44.19,0.0,0,0.0,lost_cause,0.02,0.18
2894,treatment,28,18,512.22,0.685,0,0.0,sure_thing,0.03,0.72
2895,treatment,10,24,566.62,0.381,1,19.02,sure_thing,0.03,0.72
2896,treatment,61,5,92.34,0.634,0,0.0,persuadable,0.58,13.34
2897,control,22,8,125.2,0.414,0,0.0,persuadable,0.58,13.34
2898,treatment,20,19,307.97,0.492,1,29.47,sure_thing,0.03,0.72
2899,control,258,1,47.29,0.164,0,0.0,lost_cause,0.02,0.18
2900,control,189,1,5.0,0.0,0,0.0,lost_cause,0.02,0.18
2901,control,363,1,94.37,0.082,0,0.0,lost_cause,0.02,0.18
2902,control,17,5,54.05,0.216,0,0.0,sleeping_dog,-0.11,-4.84
2903,treatment,5,31,361.3,0.833,1,22.47,sure_thing,0.03,0.72
2904,control,53,0,28.58,0.188,1,7.85,lost_cause,0.02,0.18
2905,treatment,200,2,27.39,0.022,0,0.0,lost_cause,0.02,0.18
2906,control,67,7,146.28,0.384,1,29.45,persuadable,0.58,13.34
2907,treatment,211,0,37.34,0.145,0,0.0,lost_cause,0.02,0.18
2908,treatment,16,7,200.9,0.255,0,0.0,persuadable,0.58,13.34
2909,control,3,23,378.39,0.589,1,17.56,sure_thing,0.03,0.72
2910,treatment,331,3,47.56,0.106,0,0.0,lost_cause,0.02,0.18
2911,control,41,8,54.18,0.495,0,0.0,persuadable,0.58,13.34
2912,control,195,3,35.83,0.091,0,0.0,lost_cause,0.02,0.18
2913,control,252,0,58.72,0.216,0,0.0,lost_cause,0.02,0.18
2914,treatment,220,1,37.24,0.048,0,0.0,lost_cause,0.02,0.18
2915,treatment,386,2,34.62,0.255,0,0.0,lost_cause,0.02,0.18
2916,treatment,174,6,26.29,0.013,0,0.0,lost_cause,0.02,0.18
2917,control,124,1,43.06,0.199,0,0.0,lost_cause,0.02,0.18
2918,control,49,5,180.27,0.471,0,0.0,persuadable,0.58,13.34
2919,treatment,160,4,67.07,0.107,0,0.0,lost_cause,0.02,0.18
2920,treatment,0,22,219.75,0.317,1,26.73,sure_thing,0.03,0.72
2921,treatment,39,2,237.97,0.126,1,48.85,sleeping_dog,-0.11,-4.84
2922,control,59,10,83.13,0.697,1,27.26,persuadable,0.58,13.34
2923,treatment,73,6,178.48,0.589,1,28.35,persuadable,0.58,13.34
2924,treatment,13,21,569.05,0.605,0,0.0,sure_thing,0.03,0.72
2925,treatment,25,19,348.69,0.653,1,24.39,sure_thing,0.03,0.72
2926,treatment,20,16,390.34,0.481,1,22.24,sure_thing,0.03,0.72
2927,treatment,1,19,307.48,0.772,0,0.0,sure_thing,0.03,0.72
2928,control,22,22,635.02,0.813,1,28.21,sure_thing,0.03,0.72
2929,treatment,241,5,39.25,0.158,0,0.0,lost_cause,0.02,0.18
2930,treatment,331,2,58.54,0.049,0,0.0,lost_cause,0.02,0.18
2931,treatment,0,0,36.45,0.107,0,0.0,lost_cause,0.02,0.18
2932,control,89,0,66.72,0.116,0,0.0,lost_cause,0.02,0.18
2933,treatment,79,8,140.21,0.467,0,0.0,persuadable,0.58,13.34
2934,treatment,16,12,253.31,0.603,1,26.59,sure_thing,0.03,0.72
2935,treatment,330,0,31.37,0.144,1,7.01,lost_cause,0.02,0.18
2936,treatment,88,7,150.52,0.686,1,19.73,persuadable,0.58,13.34
2937,treatment,166,2,5.0,0.137,0,0.0,lost_cause,0.02,0.18
2938,treatment,74,5,303.56,0.047,0,0.0,sleeping_dog,-0.11,-4.84
2939,treatment,15,19,445.3,0.457,1,27.31,sure_thing,0.03,0.72
2940,control,35,28,390.96,0.562,1,25.9,sure_thing,0.03,0.72
2941,treatment,138,2,22.49,0.323,0,0.0,lost_cause,0.02,0.18
2942,control,77,14,70.27,0.373,1,24.07,persuadable,0.58,13.34
2943,control,163,1,31.54,0.169,0,0.0,lost_cause,0.02,0.18
2944,control,125,4,33.75,0.021,1,10.21,lost_cause,0.02,0.18
2945,treatment,19,21,577.96,0.405,1,16.01,sure_thing,0.03,0.72
2946,control,109,1,47.13,0.261,0,0.0,lost_cause,0.02,0.18
2947,treatment,211,2,28.41,0.234,0,0.0,lost_cause,0.02,0.18
2948,treatment,19,21,280.39,0.491,1,25.23,sure_thing,0.03,0.72
2949,control,135,3,13.92,0.0,0,0.0,lost_cause,0.02,0.18
2950,treatment,32,3,161.41,0.1,0,0.0,sleeping_dog,-0.11,-4.84
2951,treatment,22,16,412.26,0.651,1,23.2,sure_thing,0.03,0.72
2952,treatment,357,3,46.07,0.317,0,0.0,lost_cause,0.02,0.18
2953,control,95,9,66.82,0.402,1,27.64,persuadable,0.58,13.34
2954,treatment,17,19,237.64,0.499,1,20.72,sure_thing,0.03,0.72
2955,control,6,12,317.66,0.416,1,23.06,sure_thing,0.03,0.72
2956,treatment,28,11,149.73,0.349,1,28.64,persuadable,0.58,13.34
2957,treatment,38,3,172.61,0.081,0,0.0,sleeping_dog,-0.11,-4.84
2958,treatment,0,3,29.79,0.154,0,0.0,lost_cause,0.02,0.18
2959,control,37,4,131.3,0.226,1,29.35,sleeping_dog,-0.11,-4.84
2960,control,0,15,399.09,0.514,0,0.0,sure_thing,0.03,0.72
2961,treatment,252,3,65.1,0.177,0,0.0,lost_cause,0.02,0.18
2962,control,141,2,40.04,0.114,0,0.0,lost_cause,0.02,0.18
2963,treatment,353,4,45.91,0.125,0,0.0,lost_cause,0.02,0.18
2964,treatment,101,7,197.51,0.589,1,28.71,persuadable,0.58,13.34
2965,treatment,9,19,432.98,0.554,1,21.56,sure_thing,0.03,0.72
2966,treatment,116,4,32.33,0.148,0,0.0,lost_cause,0.02,0.18
2967,treatment,69,3,132.45,0.422,1,18.9,persuadable,0.58,13.34
2968,treatment,11,15,583.8,0.382,1,25.24,sure_thing,0.03,0.72
2969,control,38,6,126.89,0.381,0,0.0,persuadable,0.58,13.34
2970,treatment,248,1,24.83,0.187,0,0.0,lost_cause,0.02,0.18
2971,treatment,24,7,86.93,0.654,1,22.01,persuadable,0.58,13.34
2972,treatment,61,3,178.94,0.429,1,26.21,persuadable,0.58,13.34
2973,treatment,349,3,54.5,0.288,0,0.0,lost_cause,0.02,0.18
2974,control,0,15,380.76,0.546,1,24.21,sure_thing,0.03,0.72
2975,treatment,254,2,32.98,0.231,0,0.0,lost_cause,0.02,0.18
2976,treatment,3,30,652.48,0.442,0,0.0,sure_thing,0.03,0.72
2977,control,147,2,13.78,0.204,0,0.0,lost_cause,0.02,0.18
2978,control,53,8,97.95,0.4,1,18.39,persuadable,0.58,13.34
2979,treatment,187,4,46.51,0.147,0,0.0,lost_cause,0.02,0.18
2980,treatment,16,26,331.05,0.508,1,23.11,sure_thing,0.03,0.72
2981,control,6,24,673.37,0.467,1,25.79,sure_thing,0.03,0.72
2982,treatment,221,2,33.17,0.051,0,0.0,lost_cause,0.02,0.18
2983,control,335,2,29.82,0.096,0,0.0,lost_cause,0.02,0.18
2984,treatment,33,9,227.78,0.582,0,0.0,persuadable,0.58,13.34
2985,treatment,217,4,50.95,0.245,0,0.0,lost_cause,0.02,0.18
2986,treatment,259,1,9.03,0.195,0,0.0,lost_cause,0.02,0.18
2987,control,105,1,46.17,0.085,0,0.0,lost_cause,0.02,0.18
2988,treatment,4,11,511.74,0.736,1,16.86,sure_thing,0.03,0.72
2989,treatment,209,2,38.77,0.151,0,0.0,lost_cause,0.02,0.18
2990,treatment,315,0,36.45,0.312,0,0.0,lost_cause,0.02,0.18
2991,treatment,10,19,572.45,0.357,1,22.85,sure_thing,0.03,0.72
2992,treatment,32,2,102.48,0.543,1,18.12,persuadable,0.58,13.34
2993,control,58,16,113.52,0.445,0,0.0,persuadable,0.58,13.34
2994,control,6,12,606.68,0.591,0,0.0,sure_thing,0.03,0.72
2995,control,179,2,36.04,0.217,0,0.0,lost_cause,0.02,0.18
2996,control,160,1,22.47,0.2,0,0.0,lost_cause,0.02,0.18
2997,control,11,17,560.06,0.604,1,17.78,sure_thing,0.03,0.72
2998,treatment,19,20,589.48,0.895,1,30.71,sure_thing,0.03,0.72
2999,treatment,170,2,21.89,0.293,0,0.0,lost_cause,0.02,0.18
3000,control,38,3,166.04,0.052,0,0.0,sleeping_dog,-0.11,-4.84
3001,control,307,2,39.41,0.169,0,0.0,lost_cause,0.02,0.18
3002,control,94,8,202.26,0.44,1,15.14,persuadable,0.58,13.34
3003,treatment,25,5,49.38,0.304,1,24.26,persuadable,0.58,13.34
3004,treatment,29,11,190.72,0.413,1,25.86,persuadable,0.58,13.34
3005,treatment,26,5,269.26,0.234,0,0.0,persuadable,0.58,13.34
3006,control,250,2,37.06,0.033,0,0.0,lost_cause,0.02,0.18
3007,control,26,11,198.08,0.0,0,0.0,persuadable,0.58,13.34
3008,treatment,240,3,55.54,0.14,0,0.0,lost_cause,0.02,0.18
3009,treatment,17,18,304.39,0.751,1,19.41,sure_thing,0.03,0.72
3010,control,21,8,204.21,0.149,1,39.02,sleeping_dog,-0.11,-4.84
3011,control,15,20,404.32,0.633,1,26.03,sure_thing,0.03,0.72
3012,control,20,21,472.41,0.66,0,0.0,sure_thing,0.03,0.72
3013,control,139,1,21.41,0.126,0,0.0,lost_cause,0.02,0.18
3014,control,21,13,182.24,0.532,1,18.45,sure_thing,0.03,0.72
3015,treatment,46,3,53.91,0.222,0,0.0,lost_cause,0.02,0.18
3016,treatment,298,1,71.43,0.132,0,0.0,lost_cause,0.02,0.18
3017,control,165,2,7.79,0.128,0,0.0,lost_cause,0.02,0.18
3018,control,42,3,208.27,0.073,0,0.0,sleeping_dog,-0.11,-4.84
3019,treatment,7,14,244.15,0.432,1,32.38,sure_thing,0.03,0.72
3020,control,67,4,140.72,0.559,0,0.0,persuadable,0.58,13.34
3021,treatment,280,2,63.13,0.15,0,0.0,lost_cause,0.02,0.18
3022,treatment,250,3,44.08,0.086,1,7.86,lost_cause,0.02,0.18
3023,control,33,6,191.69,0.274,1,29.31,persuadable,0.58,13.34
3024,control,151,2,33.59,0.06,0,0.0,lost_cause,0.02,0.18
3025,treatment,8,4,76.48,0.049,0,0.0,sleeping_dog,-0.11,-4.84
3026,control,105,1,35.71,0.002,0,0.0,lost_cause,0.02,0.18
3027,control,286,5,55.44,0.211,0,0.0,lost_cause,0.02,0.18
3028,control,18,18,354.25,0.289,1,25.07,sure_thing,0.03,0.72
3029,control,14,4,5.0,0.159,0,0.0,lost_cause,0.02,0.18
3030,control,20,19,434.26,0.759,1,7.62,sure_thing,0.03,0.72
3031,treatment,0,2,55.21,0.131,0,0.0,lost_cause,0.02,0.18
3032,control,35,12,270.47,0.273,1,19.93,persuadable,0.58,13.34
3033,control,343,3,43.89,0.2,0,0.0,lost_cause,0.02,0.18
3034,treatment,129,1,55.55,0.19,0,0.0,lost_cause,0.02,0.18
3035,treatment,219,3,5.0,0.0,0,0.0,lost_cause,0.02,0.18
3036,treatment,298,1,5.0,0.12,0,0.0,lost_cause,0.02,0.18
3037,control,390,3,46.05,0.0,0,0.0,lost_cause,0.02,0.18
3038,treatment,19,12,564.43,0.452,1,18.14,sure_thing,0.03,0.72
3039,control,66,7,148.06,0.565,0,0.0,persuadable,0.58,13.34
3040,treatment,113,2,8.16,0.317,0,0.0,lost_cause,0.02,0.18
3041,treatment,187,0,44.0,0.043,0,0.0,lost_cause,0.02,0.18
3042,treatment,52,6,12.93,0.615,0,0.0,persuadable,0.58,13.34
3043,treatment,284,3,31.12,0.282,1,10.48,lost_cause,0.02,0.18
3044,control,72,12,111.15,0.239,0,0.0,persuadable,0.58,13.34
3045,control,55,9,94.5,0.493,0,0.0,persuadable,0.58,13.34
3046,treatment,202,2,10.56,0.082,0,0.0,lost_cause,0.02,0.18
3047,treatment,132,1,5.0,0.102,0,0.0,lost_cause,0.02,0.18
3048,control,68,7,103.58,0.588,0,0.0,persuadable,0.58,13.34
3049,treatment,29,7,245.46,0.826,0,0.0,sure_thing,0.03,0.72
3050,control,19,16,645.84,0.665,1,20.85,sure_thing,0.03,0.72
3051,control,27,3,176.21,0.0,1,37.87,sleeping_dog,-0.11,-4.84
3052,control,10,16,243.66,0.498,1,26.1,sure_thing,0.03,0.72
3053,treatment,21,21,484.66,0.577,1,19.96,sure_thing,0.03,0.72
3054,control,38,6,76.61,0.341,1,20.18,persuadable,0.58,13.34
3055,control,288,2,54.64,0.052,0,0.0,lost_cause,0.02,0.18
3056,control,50,3,34.95,0.0,0,0.0,lost_cause,0.02,0.18
3057,control,291,2,9.19,0.285,0,0.0,lost_cause,0.02,0.18
3058,treatment,22,19,382.36,0.595,1,22.47,sure_thing,0.03,0.72
3059,treatment,11,3,131.89,0.066,0,0.0,sleeping_dog,-0.11,-4.84
3060,treatment,10,13,477.99,0.378,1,31.26,sure_thing,0.03,0.72
3061,treatment,198,1,45.35,0.0,0,0.0,lost_cause,0.02,0.18
3062,treatment,49,7,135.46,0.21,0,0.0,sleeping_dog,-0.11,-4.84
3063,control,202,1,10.3,0.111,0,0.0,lost_cause,0.02,0.18
3064,control,141,2,44.82,0.099,0,0.0,lost_cause,0.02,0.18
3065,treatment,0,21,644.81,0.502,1,24.11,sure_thing,0.03,0.72
3066,control,180,0,11.12,0.142,0,0.0,lost_cause,0.02,0.18
3067,treatment,296,1,35.08,0.271,1,10.86,lost_cause,0.02,0.18
3068,treatment,29,10,151.45,0.482,0,0.0,persuadable,0.58,13.34
3069,treatment,9,28,317.4,0.548,0,0.0,sure_thing,0.03,0.72
3070,treatment,41,5,207.35,0.016,1,28.54,sleeping_dog,-0.11,-4.84
3071,treatment,225,1,50.89,0.0,1,8.85,lost_cause,0.02,0.18
3072,control,29,4,217.93,0.197,1,20.83,persuadable,0.58,13.34
3073,treatment,101,14,227.71,0.418,1,23.44,persuadable,0.58,13.34
3074,treatment,303,0,16.58,0.158,0,0.0,lost_cause,0.02,0.18
3075,control,19,22,559.69,0.537,1,32.3,sure_thing,0.03,0.72
3076,control,5,22,462.33,0.547,0,0.0,sure_thing,0.03,0.72
3077,control,254,5,43.6,0.084,0,0.0,lost_cause,0.02,0.18
3078,treatment,168,2,13.16,0.174,0,0.0,lost_cause,0.02,0.18
3079,treatment,40,10,222.76,0.358,1,22.61,persuadable,0.58,13.34
3080,treatment,178,4,51.94,0.133,0,0.0,lost_cause,0.02,0.18
3081,treatment,9,22,378.71,0.521,1,33.94,sure_thing,0.03,0.72
3082,control,207,2,19.32,0.078,0,0.0,lost_cause,0.02,0.18
3083,control,19,12,97.48,0.567,1,27.37,persuadable,0.58,13.34
3084,treatment,16,15,498.49,0.501,1,26.12,sure_thing,0.03,0.72
3085,treatment,162,2,35.29,0.278,0,0.0,lost_cause,0.02,0.18
3086,control,21,2,427.77,0.048,1,40.99,sleeping_dog,-0.11,-4.84
3087,control,327,2,14.4,0.163,0,0.0,lost_cause,0.02,0.18
3088,treatment,107,8,152.74,0.477,1,24.28,persuadable,0.58,13.34
3089,control,99,0,54.41,0.124,0,0.0,lost_cause,0.02,0.18
3090,control,35,7,218.45,0.231,1,14.47,persuadable,0.58,13.34
3091,control,55,6,189.14,0.342,0,0.0,persuadable,0.58,13.34
3092,treatment,44,13,114.86,0.308,1,23.7,persuadable,0.58,13.34
3093,control,1,19,313.98,0.568,0,0.0,sure_thing,0.03,0.72
3094,control,356,0,99.66,0.139,0,0.0,lost_cause,0.02,0.18
3095,control,27,21,610.37,0.393,0,0.0,sure_thing,0.03,0.72
3096,control,75,1,85.99,0.356,0,0.0,persuadable,0.58,13.34
3097,treatment,140,3,25.85,0.111,0,0.0,lost_cause,0.02,0.18
3098,treatment,123,1,28.97,0.199,0,0.0,lost_cause,0.02,0.18
3099,control,200,2,27.64,0.166,0,0.0,lost_cause,0.02,0.18
3100,control,18,4,123.1,0.092,0,0.0,sleeping_dog,-0.11,-4.84
3101,control,87,2,15.74,0.118,0,0.0,lost_cause,0.02,0.18
3102,treatment,351,0,8.39,0.094,0,0.0,lost_cause,0.02,0.18
3103,treatment,348,0,53.28,0.0,0,0.0,lost_cause,0.02,0.18
3104,control,4,6,148.65,0.48,0,0.0,persuadable,0.58,13.34
3105,treatment,330,1,5.0,0.047,0,0.0,lost_cause,0.02,0.18
3106,treatment,11,22,364.78,0.696,1,21.74,sure_thing,0.03,0.72
3107,control,32,7,121.12,0.274,0,0.0,persuadable,0.58,13.34
3108,treatment,360,0,64.7,0.165,0,0.0,lost_cause,0.02,0.18
3109,control,60,11,183.47,0.0,0,0.0,persuadable,0.58,13.34
3110,treatment,22,26,377.93,0.696,1,29.1,sure_thing,0.03,0.72
3111,treatment,22,22,617.5,0.675,1,25.48,sure_thing,0.03,0.72
3112,treatment,314,0,18.41,0.165,0,0.0,lost_cause,0.02,0.18
3113,control,38,2,19.88,0.078,0,0.0,lost_cause,0.02,0.18
3114,treatment,9,15,633.19,0.287,0,0.0,sure_thing,0.03,0.72
3115,control,262,4,23.25,0.304,0,0.0,lost_cause,0.02,0.18
3116,control,138,4,15.47,0.253,0,0.0,lost_cause,0.02,0.18
3117,treatment,83,3,305.51,0.263,1,32.5,persuadable,0.58,13.34
3118,treatment,279,3,33.02,0.085,0,0.0,lost_cause,0.02,0.18
3119,control,177,1,26.74,0.234,0,0.0,lost_cause,0.02,0.18
3120,treatment,11,14,376.43,0.384,1,17.87,sure_thing,0.03,0.72
3121,treatment,28,17,417.75,0.568,1,22.99,sure_thing,0.03,0.72
3122,treatment,162,0,5.93,0.033,0,0.0,lost_cause,0.02,0.18
3123,treatment,120,4,35.52,0.193,0,0.0,lost_cause,0.02,0.18
3124,treatment,21,26,222.74,0.329,1,20.5,sure_thing,0.03,0.72
3125,treatment,254,2,25.54,0.138,0,0.0,lost_cause,0.02,0.18
3126,control,33,3,311.51,0.095,1,28.74,sleeping_dog,-0.11,-4.84
3127,treatment,31,7,159.5,0.607,1,17.4,persuadable,0.58,13.34
3128,control,6,15,402.55,0.462,1,28.2,sure_thing,0.03,0.72
3129,treatment,111,6,69.5,0.325,1,17.14,persuadable,0.58,13.34
3130,treatment,300,1,60.27,0.0,0,0.0,lost_cause,0.02,0.18
3131,control,105,0,58.53,0.27,0,0.0,lost_cause,0.02,0.18
3132,treatment,58,10,166.65,0.318,1,24.02,persuadable,0.58,13.34
3133,control,9,30,344.29,0.582,0,0.0,sure_thing,0.03,0.72
3134,treatment,236,5,5.52,0.0,0,0.0,lost_cause,0.02,0.18
3135,control,12,14,549.72,0.015,1,30.74,sure_thing,0.03,0.72
3136,treatment,40,3,26.92,0.509,1,25.49,persuadable,0.58,13.34
3137,control,5,12,372.79,0.744,1,26.19,sure_thing,0.03,0.72
3138,control,243,3,36.77,0.185,0,0.0,lost_cause,0.02,0.18
3139,control,192,2,42.06,0.137,0,0.0,lost_cause,0.02,0.18
3140,treatment,184,2,24.06,0.249,0,0.0,lost_cause,0.02,0.18
3141,control,308,2,22.47,0.243,0,0.0,lost_cause,0.02,0.18
3142,control,320,3,37.38,0.175,0,0.0,lost_cause,0.02,0.18
3143,treatment,28,27,343.78,0.769,1,25.45,sure_thing,0.03,0.72
3144,control,268,3,34.01,0.0,0,0.0,lost_cause,0.02,0.18
3145,control,265,4,9.32,0.038,0,0.0,lost_cause,0.02,0.18
3146,treatment,47,12,262.43,0.545,1,29.25,persuadable,0.58,13.34
3147,treatment,270,0,34.08,0.405,0,0.0,lost_cause,0.02,0.18
3148,treatment,62,13,140.93,0.362,1,23.29,persuadable,0.58,13.34
3149,control,21,11,573.99,0.338,1,24.47,sure_thing,0.03,0.72
3150,treatment,28,15,469.92,0.443,1,16.6,sure_thing,0.03,0.72
3151,control,150,3,32.25,0.224,0,0.0,lost_cause,0.02,0.18
3152,treatment,21,14,286.79,0.461,1,18.42,sure_thing,0.03,0.72
3153,treatment,196,2,45.73,0.06,0,0.0,lost_cause,0.02,0.18
3154,control,206,3,27.49,0.269,0,0.0,lost_cause,0.02,0.18
3155,treatment,54,5,124.42,0.527,1,21.64,persuadable,0.58,13.34
3156,control,120,3,5.02,0.284,0,0.0,lost_cause,0.02,0.18
3157,control,274,0,31.17,0.141,0,0.0,lost_cause,0.02,0.18
3158,treatment,29,7,102.28,0.207,1,22.47,persuadable,0.58,13.34
3159,treatment,371,2,42.07,0.2,0,0.0,lost_cause,0.02,0.18
3160,control,385,4,10.63,0.243,0,0.0,lost_cause,0.02,0.18
3161,control,44,8,116.37,0.646,1,26.49,persuadable,0.58,13.34
3162,control,182,3,35.12,0.344,0,0.0,lost_cause,0.02,0.18
3163,treatment,160,1,42.42,0.074,0,0.0,lost_cause,0.02,0.18
3164,control,77,6,171.42,0.426,1,25.86,persuadable,0.58,13.34
3165,control,131,0,22.02,0.182,0,0.0,lost_cause,0.02,0.18
3166,control,264,4,7.48,0.007,0,0.0,lost_cause,0.02,0.18
3167,control,0,6,167.09,0.099,0,0.0,persuadable,0.58,13.34
3168,control,196,2,45.33,0.231,0,0.0,lost_cause,0.02,0.18
3169,treatment,0,3,202.53,0.133,1,35.72,sleeping_dog,-0.11,-4.84
3170,control,61,8,166.61,0.633,0,0.0,persuadable,0.58,13.34
3171,treatment,41,11,155.33,0.317,1,22.09,persuadable,0.58,13.34
3172,treatment,306,3,75.88,0.115,0,0.0,lost_cause,0.02,0.18
3173,treatment,105,1,71.91,0.0,0,0.0,lost_cause,0.02,0.18
3174,control,11,4,155.77,0.246,0,0.0,persuadable,0.58,13.34
3175,treatment,52,9,124.28,0.26,1,13.2,persuadable,0.58,13.34
3176,control,217,4,24.11,0.236,0,0.0,lost_cause,0.02,0.18
3177,treatment,149,2,20.42,0.25,1,3.0,lost_cause,0.02,0.18
3178,control,226,2,10.16,0.345,0,0.0,lost_cause,0.02,0.18
3179,control,183,0,38.01,0.183,0,0.0,lost_cause,0.02,0.18
3180,control,37,2,27.98,0.0,0,0.0,lost_cause,0.02,0.18
3181,treatment,17,22,366.73,0.533,1,25.89,sure_thing,0.03,0.72
3182,control,24,20,654.33,0.53,0,0.0,sure_thing,0.03,0.72
3183,treatment,276,2,26.25,0.007,0,0.0,lost_cause,0.02,0.18
3184,control,207,1,52.75,0.284,0,0.0,lost_cause,0.02,0.18
3185,treatment,217,1,30.88,0.16,0,0.0,lost_cause,0.02,0.18
3186,control,195,3,72.53,0.034,0,0.0,lost_cause,0.02,0.18
3187,treatment,118,0,31.03,0.128,0,0.0,lost_cause,0.02,0.18
3188,treatment,12,5,272.04,0.006,0,0.0,sleeping_dog,-0.11,-4.84
3189,control,205,3,31.3,0.1,0,0.0,lost_cause,0.02,0.18
3190,control,272,3,21.19,0.277,0,0.0,lost_cause,0.02,0.18
3191,treatment,43,26,471.01,0.441,1,29.6,sure_thing,0.03,0.72
3192,treatment,25,6,207.11,0.192,0,0.0,sleeping_dog,-0.11,-4.84
3193,treatment,83,5,221.17,0.575,0,0.0,persuadable,0.58,13.34
3194,control,18,16,473.5,0.528,0,0.0,sure_thing,0.03,0.72
3195,treatment,352,2,64.01,0.238,0,0.0,lost_cause,0.02,0.18
3196,control,222,0,39.08,0.045,0,0.0,lost_cause,0.02,0.18
3197,control,155,2,57.27,0.19,0,0.0,lost_cause,0.02,0.18
3198,control,78,8,139.64,0.22,1,16.06,persuadable,0.58,13.34
3199,treatment,57,8,104.27,0.395,1,21.77,persuadable,0.58,13.34
3200,control,11,19,445.41,0.544,1,27.53,sure_thing,0.03,0.72
3201,treatment,62,5,248.48,0.319,0,0.0,persuadable,0.58,13.34
3202,control,6,20,305.31,0.472,1,20.21,sure_thing,0.03,0.72
3203,treatment,3,13,439.14,0.609,0,0.0,sure_thing,0.03,0.72
3204,treatment,308,4,20.61,0.261,0,0.0,lost_cause,0.02,0.18
3205,control,184,2,35.24,0.099,0,0.0,lost_cause,0.02,0.18
3206,treatment,182,0,49.43,0.139,0,0.0,lost_cause,0.02,0.18
3207,treatment,80,6,192.67,0.506,1,19.09,persuadable,0.58,13.34
3208,treatment,45,7,47.4,0.41,1,19.69,persuadable,0.58,13.34
3209,treatment,54,7,185.7,0.467,1,29.37,persuadable,0.58,13.34
3210,control,62,13,171.6,0.432,0,0.0,persuadable,0.58,13.34
3211,control,83,6,142.92,0.521,0,0.0,persuadable,0.58,13.34
3212,control,202,3,5.0,0.046,0,0.0,lost_cause,0.02,0.18
3213,treatment,29,5,224.66,0.428,1,21.41,persuadable,0.58,13.34
3214,control,258,3,43.09,0.215,0,0.0,lost_cause,0.02,0.18
3215,control,8,16,440.61,0.287,1,29.75,sure_thing,0.03,0.72
3216,control,95,4,46.51,0.001,0,0.0,lost_cause,0.02,0.18
3217,control,30,6,144.5,0.109,0,0.0,sleeping_dog,-0.11,-4.84
3218,control,64,7,281.35,0.464,1,29.68,persuadable,0.58,13.34
3219,control,213,4,11.66,0.117,0,0.0,lost_cause,0.02,0.18
3220,treatment,73,9,151.56,0.471,0,0.0,persuadable,0.58,13.34
3221,control,56,4,176.7,0.417,0,0.0,persuadable,0.58,13.34
3222,control,198,3,45.93,0.144,0,0.0,lost_cause,0.02,0.18
3223,control,12,12,528.94,0.857,0,0.0,sure_thing,0.03,0.72
3224,treatment,164,2,18.81,0.117,0,0.0,lost_cause,0.02,0.18
3225,treatment,0,10,503.56,0.644,1,23.79,sure_thing,0.03,0.72
3226,control,73,6,135.22,0.448,0,0.0,persuadable,0.58,13.34
3227,treatment,60,8,123.12,0.472,1,23.73,persuadable,0.58,13.34
3228,control,353,0,24.94,0.202,0,0.0,lost_cause,0.02,0.18
3229,control,0,25,463.1,0.665,1,25.93,sure_thing,0.03,0.72
3230,control,6,18,489.44,0.408,1,31.28,sure_thing,0.03,0.72
3231,treatment,63,0,25.21,0.163,0,0.0,lost_cause,0.02,0.18
3232,control,200,2,53.27,0.215,0,0.0,lost_cause,0.02,0.18
3233,treatment,221,1,20.87,0.262,0,0.0,lost_cause,0.02,0.18
3234,treatment,222,2,27.6,0.264,0,0.0,lost_cause,0.02,0.18
3235,treatment,335,0,40.71,0.411,0,0.0,lost_cause,0.02,0.18
3236,control,6,14,311.87,0.394,1,26.06,sure_thing,0.03,0.72
3237,control,37,1,173.04,0.158,0,0.0,sleeping_dog,-0.11,-4.84
3238,control,16,20,219.18,0.557,1,20.57,sure_thing,0.03,0.72
3239,treatment,20,9,503.2,0.649,1,24.4,sure_thing,0.03,0.72
3240,control,28,3,236.32,0.27,0,0.0,persuadable,0.58,13.34
3241,control,21,21,292.13,0.792,1,26.16,sure_thing,0.03,0.72
3242,control,0,19,588.05,0.586,1,22.77,sure_thing,0.03,0.72
3243,control,17,0,22.91,0.1,0,0.0,lost_cause,0.02,0.18
3244,control,45,5,182.18,0.293,0,0.0,persuadable,0.58,13.34
3245,treatment,173,3,51.4,0.277,0,0.0,lost_cause,0.02,0.18
3246,control,125,2,21.44,0.078,0,0.0,lost_cause,0.02,0.18
3247,control,11,18,485.11,0.623,1,19.37,sure_thing,0.03,0.72
3248,control,18,16,148.8,0.629,1,16.7,sure_thing,0.03,0.72
3249,control,40,7,144.91,0.496,0,0.0,persuadable,0.58,13.34
3250,control,78,2,29.52,0.09,0,0.0,lost_cause,0.02,0.18
3251,treatment,20,2,156.65,0.139,1,45.96,sleeping_dog,-0.11,-4.84
3252,treatment,1,16,441.47,0.434,1,22.38,sure_thing,0.03,0.72
3253,treatment,1,7,129.24,0.522,1,30.74,persuadable,0.58,13.34
3254,control,13,19,381.74,0.207,1,21.27,sure_thing,0.03,0.72
3255,treatment,150,4,35.66,0.087,0,0.0,lost_cause,0.02,0.18
3256,control,239,1,39.19,0.209,0,0.0,lost_cause,0.02,0.18
3257,treatment,1,21,452.58,0.722,1,24.81,sure_thing,0.03,0.72
3258,control,178,3,39.32,0.091,0,0.0,lost_cause,0.02,0.18
3259,control,375,1,67.82,0.106,0,0.0,lost_cause,0.02,0.18
3260,treatment,68,1,18.2,0.129,0,0.0,lost_cause,0.02,0.18
3261,treatment,233,2,53.83,0.142,0,0.0,lost_cause,0.02,0.18
3262,control,9,23,488.55,0.676,1,26.7,sure_thing,0.03,0.72
3263,control,230,2,84.03,0.353,0,0.0,lost_cause,0.02,0.18
3264,control,34,7,179.04,0.585,0,0.0,persuadable,0.58,13.34
3265,treatment,214,1,45.18,0.15,0,0.0,lost_cause,0.02,0.18
3266,treatment,59,3,248.97,0.055,1,34.46,sleeping_dog,-0.11,-4.84
3267,treatment,98,4,131.35,0.168,1,22.23,persuadable,0.58,13.34
3268,treatment,261,1,39.31,0.118,0,0.0,lost_cause,0.02,0.18
3269,treatment,40,7,187.71,0.447,0,0.0,persuadable,0.58,13.34
3270,control,39,21,550.99,0.448,1,17.74,sure_thing,0.03,0.72
3271,treatment,16,22,278.82,0.437,0,0.0,sure_thing,0.03,0.72
3272,treatment,36,7,38.05,0.516,1,18.72,persuadable,0.58,13.34
3273,treatment,77,3,293.55,0.433,0,0.0,persuadable,0.58,13.34
3274,treatment,182,3,32.53,0.157,0,0.0,lost_cause,0.02,0.18
3275,control,47,11,106.53,0.242,0,0.0,persuadable,0.58,13.34
3276,treatment,249,1,38.92,0.073,1,13.41,lost_cause,0.02,0.18
3277,control,183,0,49.39,0.066,0,0.0,lost_cause,0.02,0.18
3278,control,0,26,563.76,0.57,0,0.0,sure_thing,0.03,0.72
3279,treatment,162,4,48.66,0.159,0,0.0,lost_cause,0.02,0.18
3280,treatment,124,0,21.73,0.211,0,0.0,lost_cause,0.02,0.18
3281,treatment,7,30,369.15,0.349,1,26.69,sure_thing,0.03,0.72
3282,control,15,15,337.04,0.603,1,27.55,sure_thing,0.03,0.72
3283,treatment,73,7,82.1,0.525,0,0.0,persuadable,0.58,13.34
3284,treatment,0,6,182.46,0.431,1,23.83,persuadable,0.58,13.34
3285,control,168,1,53.75,0.108,0,0.0,lost_cause,0.02,0.18
3286,control,269,0,35.93,0.097,1,8.95,lost_cause,0.02,0.18
3287,control,17,24,376.51,0.612,1,24.51,sure_thing,0.03,0.72
3288,treatment,162,1,7.85,0.247,0,0.0,lost_cause,0.02,0.18
3289,control,270,3,5.0,0.0,0,0.0,lost_cause,0.02,0.18
3290,control,0,7,102.58,0.322,0,0.0,persuadable,0.58,13.34
3291,treatment,189,3,49.03,0.022,0,0.0,lost_cause,0.02,0.18
3292,treatment,81,4,231.33,0.505,1,15.14,persuadable,0.58,13.34
3293,treatment,50,4,192.3,0.527,1,17.02,persuadable,0.58,13.34
3294,treatment,206,1,33.37,0.152,0,0.0,lost_cause,0.02,0.18
3295,treatment,321,4,46.84,0.353,0,0.0,lost_cause,0.02,0.18
3296,treatment,5,30,515.33,0.618,1,26.94,sure_thing,0.03,0.72
3297,treatment,104,1,8.26,0.111,0,0.0,lost_cause,0.02,0.18
3298,treatment,118,4,186.62,0.375,1,27.39,persuadable,0.58,13.34
3299,control,16,22,462.93,0.389,1,17.64,sure_thing,0.03,0.72
3300,control,200,4,58.54,0.308,0,0.0,lost_cause,0.02,0.18
3301,treatment,121,5,33.02,0.321,1,22.08,persuadable,0.58,13.34
3302,control,19,26,538.85,0.617,1,25.86,sure_thing,0.03,0.72
3303,treatment,287,3,26.76,0.139,0,0.0,lost_cause,0.02,0.18
3304,control,258,3,5.0,0.0,0,0.0,lost_cause,0.02,0.18
3305,control,13,12,548.17,0.373,1,27.34,sure_thing,0.03,0.72
3306,control,40,3,125.92,0.199,1,35.53,sleeping_dog,-0.11,-4.84
3307,treatment,241,2,17.32,0.31,0,0.0,lost_cause,0.02,0.18
3308,treatment,331,3,56.39,0.235,0,0.0,lost_cause,0.02,0.18
3309,treatment,15,6,206.63,0.082,1,40.06,sleeping_dog,-0.11,-4.84
3310,treatment,169,2,68.25,0.089,0,0.0,lost_cause,0.02,0.18
3311,treatment,50,4,205.29,0.276,1,20.46,persuadable,0.58,13.34
3312,treatment,219,0,38.86,0.105,0,0.0,lost_cause,0.02,0.18
3313,control,364,5,24.5,0.283,0,0.0,lost_cause,0.02,0.18
3314,treatment,107,3,64.28,0.157,1,10.07,lost_cause,0.02,0.18
3315,control,25,10,113.51,0.39,0,0.0,persuadable,0.58,13.34
3316,control,0,27,272.41,0.381,1,25.42,sure_thing,0.03,0.72
3317,control,258,2,60.33,0.259,0,0.0,lost_cause,0.02,0.18
3318,treatment,262,2,5.0,0.233,0,0.0,lost_cause,0.02,0.18
3319,treatment,239,1,36.9,0.125,0,0.0,lost_cause,0.02,0.18
3320,control,248,1,46.26,0.125,0,0.0,lost_cause,0.02,0.18
3321,treatment,0,14,666.06,0.547,0,0.0,sure_thing,0.03,0.72
3322,control,50,7,241.97,0.594,0,0.0,persuadable,0.58,13.34
3323,treatment,137,2,32.45,0.238,0,0.0,lost_cause,0.02,0.18
3324,treatment,224,3,73.96,0.368,0,0.0,lost_cause,0.02,0.18
3325,treatment,201,2,23.82,0.176,0,0.0,lost_cause,0.02,0.18
3326,treatment,244,2,53.0,0.016,1,5.17,lost_cause,0.02,0.18
3327,treatment,80,5,75.42,0.328,1,22.44,persuadable,0.58,13.34
3328,control,225,3,30.4,0.181,0,0.0,lost_cause,0.02,0.18
3329,control,113,9,191.55,0.254,1,25.87,persuadable,0.58,13.34
3330,treatment,374,1,38.73,0.022,0,0.0,lost_cause,0.02,0.18
3331,control,107,5,166.02,0.712,0,0.0,persuadable,0.58,13.34
3332,treatment,73,8,219.51,0.202,0,0.0,persuadable,0.58,13.34
3333,treatment,300,3,44.23,0.152,0,0.0,lost_cause,0.02,0.18
3334,control,67,7,146.78,0.649,1,16.77,persuadable,0.58,13.34
3335,control,11,5,231.05,0.244,0,0.0,sleeping_dog,-0.11,-4.84
3336,treatment,8,11,307.31,0.272,1,19.58,sure_thing,0.03,0.72
3337,control,17,20,221.06,0.382,1,26.83,sure_thing,0.03,0.72
3338,control,398,1,52.51,0.19,0,0.0,lost_cause,0.02,0.18
3339,treatment,301,3,19.2,0.11,0,0.0,lost_cause,0.02,0.18
3340,treatment,79,7,100.71,0.493,0,0.0,persuadable,0.58,13.34
3341,control,25,1,147.15,0.389,1,23.33,persuadable,0.58,13.34
3342,treatment,251,1,59.72,0.096,0,0.0,lost_cause,0.02,0.18
3343,control,278,3,45.88,0.097,0,0.0,lost_cause,0.02,0.18
3344,control,329,0,69.36,0.196,0,0.0,lost_cause,0.02,0.18
3345,control,9,12,184.87,0.373,0,0.0,sure_thing,0.03,0.72
3346,treatment,143,5,8.3,0.211,0,0.0,lost_cause,0.02,0.18
3347,treatment,24,4,168.16,0.0,0,0.0,sleeping_dog,-0.11,-4.84
3348,control,81,9,187.87,0.523,0,0.0,persuadable,0.58,13.34
3349,control,57,3,152.4,0.093,0,0.0,persuadable,0.58,13.34
3350,treatment,26,23,376.12,0.61,1,19.4,sure_thing,0.03,0.72
3351,treatment,41,9,113.88,0.221,1,27.18,persuadable,0.58,13.34
3352,control,26,2,307.65,0.094,1,53.24,sleeping_dog,-0.11,-4.84
3353,treatment,82,1,21.89,0.146,0,0.0,lost_cause,0.02,0.18
3354,treatment,32,14,447.96,0.493,1,20.52,sure_thing,0.03,0.72
3355,treatment,88,1,44.97,0.115,1,10.29,lost_cause,0.02,0.18
3356,treatment,39,8,123.07,0.17,1,24.42,persuadable,0.58,13.34
3357,control,280,1,32.58,0.0,0,0.0,lost_cause,0.02,0.18
3358,control,11,4,150.47,0.588,0,0.0,persuadable,0.58,13.34
3359,treatment,183,0,5.0,0.0,0,0.0,lost_cause,0.02,0.18
3360,control,5,5,336.23,0.377,1,25.84,sure_thing,0.03,0.72
3361,treatment,9,17,507.93,0.704,1,26.07,sure_thing,0.03,0.72
3362,treatment,38,8,142.53,0.422,0,0.0,persuadable,0.58,13.34
3363,treatment,57,2,160.64,0.245,0,0.0,persuadable,0.58,13.34
3364,treatment,188,2,6.14,0.121,0,0.0,lost_cause,0.02,0.18
3365,treatment,2,20,412.82,0.423,1,37.36,sure_thing,0.03,0.72
3366,treatment,223,0,5.0,0.227,0,0.0,lost_cause,0.02,0.18
3367,treatment,283,3,31.85,0.0,0,0.0,lost_cause,0.02,0.18
3368,control,40,5,215.76,0.524,0,0.0,persuadable,0.58,13.34
3369,control,23,6,227.49,0.416,0,0.0,persuadable,0.58,13.34
3370,treatment,43,2,123.87,0.463,1,20.42,persuadable,0.58,13.34
3371,treatment,13,18,384.75,0.5,1,16.64,sure_thing,0.03,0.72
3372,treatment,9,17,555.53,0.404,1,24.26,sure_thing,0.03,0.72
3373,treatment,36,7,121.14,0.266,1,23.1,persuadable,0.58,13.34
3374,control,18,18,483.4,0.521,0,0.0,sure_thing,0.03,0.72
3375,control,179,2,42.05,0.171,1,4.43,lost_cause,0.02,0.18
3376,treatment,47,9,206.62,0.195,0,0.0,persuadable,0.58,13.34
3377,control,142,0,5.0,0.175,1,11.54,lost_cause,0.02,0.18
3378,control,0,7,194.13,0.45,1,20.82,persuadable,0.58,13.34
3379,control,78,9,194.53,0.287,0,0.0,persuadable,0.58,13.34
3380,control,53,6,189.14,0.392,0,0.0,persuadable,0.58,13.34
3381,control,40,5,231.35,0.238,0,0.0,persuadable,0.58,13.34
3382,control,48,1,218.17,0.048,0,0.0,sleeping_dog,-0.11,-4.84
3383,control,40,5,132.91,0.083,0,0.0,sleeping_dog,-0.11,-4.84
3384,control,15,14,346.83,0.695,0,0.0,sure_thing,0.03,0.72
3385,control,170,2,35.99,0.228,0,0.0,lost_cause,0.02,0.18
3386,treatment,30,12,125.59,0.284,1,18.5,persuadable,0.58,13.34
3387,control,50,4,157.83,0.072,0,0.0,sleeping_dog,-0.11,-4.84
3388,control,7,16,503.92,0.666,0,0.0,sure_thing,0.03,0.72
3389,control,280,3,52.36,0.244,0,0.0,lost_cause,0.02,0.18
3390,treatment,197,2,22.26,0.155,0,0.0,lost_cause,0.02,0.18
3391,control,22,10,448.86,0.688,1,16.95,sure_thing,0.03,0.72
3392,treatment,55,10,140.78,0.573,1,20.19,persuadable,0.58,13.34
3393,control,85,8,159.79,0.413,1,22.22,persuadable,0.58,13.34
3394,treatment,265,1,22.44,0.313,0,0.0,lost_cause,0.02,0.18
3395,control,12,15,502.25,0.585,0,0.0,sure_thing,0.03,0.72
3396,treatment,4,25,639.87,0.615,1,26.38,sure_thing,0.03,0.72
3397,treatment,302,2,57.16,0.171,0,0.0,lost_cause,0.02,0.18
3398,treatment,189,0,5.0,0.021,0,0.0,lost_cause,0.02,0.18
3399,control,0,25,325.17,0.453,1,21.93,sure_thing,0.03,0.72
3400,control,4,14,311.22,0.553,1,13.77,sure_thing,0.03,0.72
3401,control,54,1,5.0,0.228,0,0.0,persuadable,0.58,13.34
3402,control,141,0,41.55,0.125,0,0.0,lost_cause,0.02,0.18
3403,control,10,9,160.74,0.187,0,0.0,persuadable,0.58,13.34
3404,control,105,0,52.17,0.157,0,0.0,lost_cause,0.02,0.18
3405,treatment,22,21,253.89,0.54,0,0.0,sure_thing,0.03,0.72
3406,treatment,12,9,147.95,0.543,1,27.79,persuadable,0.58,13.34
3407,control,166,0,35.57,0.253,0,0.0,lost_cause,0.02,0.18
3408,treatment,3,4,169.29,0.014,1,57.4,sleeping_dog,-0.11,-4.84
3409,control,19,8,231.06,0.176,1,48.18,sleeping_dog,-0.11,-4.84
3410,treatment,15,7,211.93,0.065,0,0.0,sleeping_dog,-0.11,-4.84
3411,control,121,3,49.4,0.17,0,0.0,lost_cause,0.02,0.18
3412,treatment,9,16,383.51,0.436,1,21.49,sure_thing,0.03,0.72
3413,treatment,23,10,525.79,0.503,1,21.12,sure_thing,0.03,0.72
3414,control,78,13,5.0,0.15,0,0.0,persuadable,0.58,13.34
3415,treatment,229,4,63.75,0.177,0,0.0,lost_cause,0.02,0.18
3416,treatment,97,4,29.41,0.036,0,0.0,lost_cause,0.02,0.18
3417,control,61,7,101.87,0.605,0,0.0,persuadable,0.58,13.34
3418,treatment,226,1,48.21,0.118,0,0.0,lost_cause,0.02,0.18
3419,control,175,2,39.37,0.204,0,0.0,lost_cause,0.02,0.18
3420,treatment,279,1,38.03,0.0,0,0.0,lost_cause,0.02,0.18
3421,control,1,17,476.45,0.513,0,0.0,sure_thing,0.03,0.72
3422,control,6,8,747.68,0.653,0,0.0,sure_thing,0.03,0.72
3423,control,84,17,235.58,0.271,0,0.0,persuadable,0.58,13.34
3424,treatment,53,9,38.3,0.517,1,24.89,persuadable,0.58,13.34
3425,treatment,115,2,53.86,0.221,1,7.71,lost_cause,0.02,0.18
3426,control,48,6,111.21,0.033,1,36.84,sleeping_dog,-0.11,-4.84
3427,control,79,9,262.17,0.561,0,0.0,persuadable,0.58,13.34
3428,control,7,6,168.5,0.0,0,0.0,sleeping_dog,-0.11,-4.84
3429,control,23,6,144.47,0.526,0,0.0,persuadable,0.58,13.34
3430,control,219,2,74.59,0.213,0,0.0,lost_cause,0.02,0.18
3431,control,272,1,22.7,0.095,0,0.0,lost_cause,0.02,0.18
3432,control,0,6,72.37,0.738,0,0.0,persuadable,0.58,13.34
3433,control,70,4,58.98,0.198,0,0.0,lost_cause,0.02,0.18
3434,control,0,21,333.7,0.69,1,23.28,sure_thing,0.03,0.72
3435,treatment,11,17,414.42,0.469,0,0.0,sure_thing,0.03,0.72
3436,control,0,9,398.59,0.5,1,29.33,sure_thing,0.03,0.72
3437,treatment,5,24,352.87,0.77,1,19.82,sure_thing,0.03,0.72
3438,control,21,16,423.18,0.745,0,0.0,sure_thing,0.03,0.72
3439,control,27,19,638.74,0.605,1,27.52,sure_thing,0.03,0.72
3440,control,48,8,215.41,0.409,0,0.0,persuadable,0.58,13.34
3441,treatment,240,1,10.45,0.237,0,0.0,lost_cause,0.02,0.18
3442,control,161,1,50.78,0.232,0,0.0,lost_cause,0.02,0.18
3443,control,144,8,81.71,0.567,0,0.0,persuadable,0.58,13.34
3444,treatment,60,4,199.68,0.163,1,22.22,persuadable,0.58,13.34
3445,treatment,66,10,147.49,0.175,1,15.11,persuadable,0.58,13.34
3446,control,129,1,59.57,0.256,1,7.05,lost_cause,0.02,0.18
3447,treatment,77,1,22.51,0.082,0,0.0,lost_cause,0.02,0.18
3448,control,66,9,218.63,0.425,0,0.0,persuadable,0.58,13.34
3449,control,1,3,148.46,0.155,0,0.0,sleeping_dog,-0.11,-4.84
3450,treatment,214,0,5.0,0.109,0,0.0,lost_cause,0.02,0.18
3451,treatment,29,14,325.97,0.644,1,30.81,sure_thing,0.03,0.72
3452,treatment,156,2,38.55,0.049,0,0.0,lost_cause,0.02,0.18
3453,treatment,175,2,18.92,0.0,0,0.0,lost_cause,0.02,0.18
3454,control,71,5,183.4,0.384,0,0.0,persuadable,0.58,13.34
3455,treatment,273,3,59.35,0.221,0,0.0,lost_cause,0.02,0.18
3456,treatment,37,6,149.18,0.498,0,0.0,persuadable,0.58,13.34
3457,control,60,4,63.68,0.175,1,11.24,persuadable,0.58,13.34
3458,treatment,0,1,69.14,0.183,0,0.0,lost_cause,0.02,0.18
3459,treatment,2,12,424.52,0.472,1,30.13,sure_thing,0.03,0.72
3460,control,286,4,52.99,0.017,0,0.0,lost_cause,0.02,0.18
3461,control,400,1,48.69,0.219,0,0.0,lost_cause,0.02,0.18
3462,control,201,1,17.02,0.201,0,0.0,lost_cause,0.02,0.18
3463,control,17,14,430.46,0.706,1,17.96,sure_thing,0.03,0.72
3464,treatment,33,7,86.16,0.541,0,0.0,persuadable,0.58,13.34
3465,treatment,41,3,144.97,0.562,1,20.63,persuadable,0.58,13.34
3466,control,172,0,25.86,0.113,0,0.0,lost_cause,0.02,0.18
3467,control,198,4,44.18,0.0,0,0.0,lost_cause,0.02,0.18
3468,treatment,36,4,182.17,0.046,0,0.0,sleeping_dog,-0.11,-4.84
3469,treatment,10,12,537.62,0.549,1,21.5,sure_thing,0.03,0.72
3470,control,10,24,503.7,0.338,1,19.37,sure_thing,0.03,0.72
3471,treatment,285,4,15.98,0.13,0,0.0,lost_cause,0.02,0.18
3472,control,21,6,76.37,0.475,1,17.02,persuadable,0.58,13.34
3473,treatment,20,17,583.21,0.509,0,0.0,sure_thing,0.03,0.72
3474,treatment,4,13,761.38,0.848,0,0.0,sure_thing,0.03,0.72
3475,treatment,400,4,56.39,0.109,0,0.0,lost_cause,0.02,0.18
3476,treatment,43,12,223.64,0.172,1,14.88,persuadable,0.58,13.34
3477,treatment,135,0,13.77,0.239,0,0.0,lost_cause,0.02,0.18
3478,control,0,3,40.73,0.141,0,0.0,lost_cause,0.02,0.18
3479,control,0,15,337.97,0.57,1,23.13,sure_thing,0.03,0.72
3480,treatment,107,12,136.48,0.484,1,26.18,persuadable,0.58,13.34
3481,treatment,233,0,30.75,0.087,0,0.0,lost_cause,0.02,0.18
3482,control,200,4,42.48,0.218,0,0.0,lost_cause,0.02,0.18
3483,control,192,2,5.0,0.234,0,0.0,lost_cause,0.02,0.18
3484,treatment,25,18,326.76,0.303,1,22.75,sure_thing,0.03,0.72
3485,treatment,49,7,165.2,0.593,0,0.0,persuadable,0.58,13.34
3486,control,187,1,39.68,0.279,0,0.0,lost_cause,0.02,0.18
3487,control,26,6,452.91,0.674,1,27.76,sure_thing,0.03,0.72
3488,control,0,23,463.01,0.456,1,31.3,sure_thing,0.03,0.72
3489,control,15,2,20.77,0.239,1,9.55,lost_cause,0.02,0.18
3490,control,13,24,502.47,0.84,0,0.0,sure_thing,0.03,0.72
3491,treatment,234,2,8.9,0.002,0,0.0,lost_cause,0.02,0.18
3492,treatment,143,4,26.04,0.128,0,0.0,lost_cause,0.02,0.18
3493,treatment,35,2,225.79,0.162,0,0.0,sleeping_dog,-0.11,-4.84
3494,control,232,4,12.33,0.202,0,0.0,lost_cause,0.02,0.18
3495,treatment,164,0,47.84,0.001,0,0.0,lost_cause,0.02,0.18
3496,control,18,14,559.16,0.759,1,34.13,sure_thing,0.03,0.72
3497,control,127,3,5.0,0.062,0,0.0,lost_cause,0.02,0.18
3498,control,46,0,47.71,0.052,0,0.0,lost_cause,0.02,0.18
3499,treatment,65,8,55.56,0.295,1,20.57,persuadable,0.58,13.34
3500,treatment,328,5,65.42,0.193,1,7.94,lost_cause,0.02,0.18
3501,control,199,1,28.93,0.041,0,0.0,lost_cause,0.02,0.18
3502,treatment,62,11,219.1,0.592,1,26.06,persuadable,0.58,13.34
3503,control,41,3,133.96,0.079,0,0.0,sleeping_dog,-0.11,-4.84
3504,control,71,9,259.3,0.225,0,0.0,persuadable,0.58,13.34
3505,control,237,2,32.0,0.26,0,0.0,lost_cause,0.02,0.18
3506,treatment,90,7,121.53,0.631,0,0.0,persuadable,0.58,13.34
3507,control,0,11,75.6,0.441,0,0.0,persuadable,0.58,13.34
3508,control,342,2,29.45,0.205,0,0.0,lost_cause,0.02,0.18
3509,treatment,10,4,133.73,0.056,1,40.15,sleeping_dog,-0.11,-4.84
3510,treatment,250,5,42.8,0.274,0,0.0,lost_cause,0.02,0.18
3511,treatment,25,21,342.75,0.289,1,30.2,sure_thing,0.03,0.72
3512,treatment,228,3,37.76,0.145,0,0.0,lost_cause,0.02,0.18
3513,treatment,3,2,16.9,0.217,0,0.0,lost_cause,0.02,0.18
3514,treatment,307,3,44.72,0.047,0,0.0,lost_cause,0.02,0.18
3515,treatment,41,1,177.89,0.044,0,0.0,sleeping_dog,-0.11,-4.84
3516,control,284,1,35.15,0.081,0,0.0,lost_cause,0.02,0.18
3517,treatment,74,5,195.42,0.553,1,18.02,persuadable,0.58,13.34
3518,treatment,108,3,16.95,0.185,0,0.0,lost_cause,0.02,0.18
3519,treatment,72,1,40.34,0.162,0,0.0,lost_cause,0.02,0.18
3520,control,240,1,43.19,0.221,0,0.0,lost_cause,0.02,0.18
3521,treatment,11,4,231.39,0.181,1,37.14,sleeping_dog,-0.11,-4.84
3522,control,191,1,25.35,0.202,0,0.0,lost_cause,0.02,0.18
3523,control,73,11,163.61,0.244,0,0.0,persuadable,0.58,13.34
3524,control,333,4,60.39,0.183,0,0.0,lost_cause,0.02,0.18
3525,control,39,5,135.1,0.157,0,0.0,sleeping_dog,-0.11,-4.84
3526,treatment,63,10,198.74,0.504,0,0.0,persuadable,0.58,13.34
3527,control,90,2,14.97,0.0,0,0.0,lost_cause,0.02,0.18
3528,control,14,16,419.21,0.452,1,27.59,sure_thing,0.03,0.72
3529,control,200,2,7.9,0.313,0,0.0,lost_cause,0.02,0.18
3530,control,262,0,76.41,0.071,0,0.0,lost_cause,0.02,0.18
3531,treatment,245,3,5.0,0.253,0,0.0,lost_cause,0.02,0.18
3532,treatment,10,22,482.78,0.615,1,24.52,sure_thing,0.03,0.72
3533,control,16,19,511.55,0.588,1,28.73,sure_thing,0.03,0.72
3534,treatment,97,1,5.0,0.049,0,0.0,lost_cause,0.02,0.18
3535,control,80,2,43.26,0.232,0,0.0,lost_cause,0.02,0.18
3536,treatment,23,3,71.8,0.146,0,0.0,sleeping_dog,-0.11,-4.84
3537,treatment,165,2,28.26,0.246,1,7.02,lost_cause,0.02,0.18
3538,control,393,2,33.05,0.108,0,0.0,lost_cause,0.02,0.18
3539,control,135,2,5.0,0.108,0,0.0,lost_cause,0.02,0.18
3540,control,165,0,7.27,0.026,0,0.0,lost_cause,0.02,0.18
3541,control,282,0,5.0,0.102,0,0.0,lost_cause,0.02,0.18
3542,treatment,19,20,187.57,0.612,1,22.14,sure_thing,0.03,0.72
3543,treatment,246,2,21.65,0.132,0,0.0,lost_cause,0.02,0.18
3544,control,326,0,20.04,0.075,0,0.0,lost_cause,0.02,0.18
3545,treatment,70,11,191.23,0.307,1,20.21,persuadable,0.58,13.34
3546,control,145,3,49.42,0.034,0,0.0,lost_cause,0.02,0.18
3547,control,147,2,32.36,0.0,0,0.0,lost_cause,0.02,0.18
3548,treatment,14,18,488.44,0.499,0,0.0,sure_thing,0.03,0.72
3549,treatment,278,4,49.53,0.095,0,0.0,lost_cause,0.02,0.18
3550,treatment,75,12,89.0,0.345,1,17.14,persuadable,0.58,13.34
3551,treatment,185,3,33.38,0.155,0,0.0,lost_cause,0.02,0.18
3552,control,204,3,5.0,0.308,0,0.0,lost_cause,0.02,0.18
3553,control,116,1,41.91,0.052,0,0.0,lost_cause,0.02,0.18
3554,treatment,137,2,5.0,0.008,0,0.0,lost_cause,0.02,0.18
3555,treatment,15,7,210.47,0.341,1,23.17,persuadable,0.58,13.34
3556,treatment,136,3,46.39,0.139,0,0.0,lost_cause,0.02,0.18
3557,treatment,150,3,53.15,0.142,0,0.0,lost_cause,0.02,0.18
3558,control,19,21,391.82,0.516,0,0.0,sure_thing,0.03,0.72
3559,treatment,39,7,99.13,0.451,1,28.79,persuadable,0.58,13.34
3560,control,143,2,17.94,0.296,0,0.0,lost_cause,0.02,0.18
3561,treatment,69,7,47.17,0.268,1,27.86,persuadable,0.58,13.34
3562,treatment,17,5,167.71,0.12,0,0.0,sleeping_dog,-0.11,-4.84
3563,treatment,177,2,62.8,0.251,0,0.0,lost_cause,0.02,0.18
3564,control,175,1,48.33,0.176,0,0.0,lost_cause,0.02,0.18
3565,treatment,15,7,188.41,0.419,1,29.97,persuadable,0.58,13.34
3566,treatment,300,1,32.87,0.18,0,0.0,lost_cause,0.02,0.18
3567,treatment,361,1,35.85,0.149,1,8.52,lost_cause,0.02,0.18
3568,treatment,176,4,29.48,0.212,0,0.0,lost_cause,0.02,0.18
3569,control,23,16,321.67,0.701,0,0.0,sure_thing,0.03,0.72
3570,control,45,5,146.34,0.013,1,50.31,sleeping_dog,-0.11,-4.84
3571,control,57,9,87.93,0.63,0,0.0,persuadable,0.58,13.34
3572,treatment,20,19,296.29,0.45,0,0.0,sure_thing,0.03,0.72
3573,treatment,342,4,60.34,0.276,0,0.0,lost_cause,0.02,0.18
3574,treatment,33,4,153.52,0.188,1,46.56,sleeping_dog,-0.11,-4.84
3575,treatment,33,21,613.28,0.563,1,29.33,sure_thing,0.03,0.72
3576,control,34,3,208.24,0.167,0,0.0,sleeping_dog,-0.11,-4.84
3577,treatment,21,18,358.33,0.865,1,16.89,sure_thing,0.03,0.72
3578,control,0,23,208.6,0.632,1,27.78,sure_thing,0.03,0.72
3579,treatment,0,7,303.69,0.219,1,23.12,persuadable,0.58,13.34
3580,treatment,248,2,35.2,0.0,0,0.0,lost_cause,0.02,0.18
3581,treatment,9,1,58.07,0.112,0,0.0,lost_cause,0.02,0.18
3582,control,229,3,53.46,0.234,0,0.0,lost_cause,0.02,0.18
3583,control,6,6,101.32,0.151,0,0.0,sleeping_dog,-0.11,-4.84
3584,control,23,5,224.11,0.234,0,0.0,sleeping_dog,-0.11,-4.84
3585,control,14,19,310.57,0.619,1,16.3,sure_thing,0.03,0.72
3586,control,79,4,22.87,0.033,0,0.0,lost_cause,0.02,0.18
3587,control,301,3,42.37,0.0,0,0.0,lost_cause,0.02,0.18
3588,control,160,0,33.29,0.211,0,0.0,lost_cause,0.02,0.18
3589,control,344,0,70.02,0.038,0,0.0,lost_cause,0.02,0.18
3590,control,330,4,24.92,0.083,0,0.0,lost_cause,0.02,0.18
3591,control,162,3,31.93,0.178,0,0.0,lost_cause,0.02,0.18
3592,control,18,12,455.03,0.501,0,0.0,sure_thing,0.03,0.72
3593,control,77,4,118.07,0.42,0,0.0,persuadable,0.58,13.34
3594,control,120,1,34.84,0.283,0,0.0,lost_cause,0.02,0.18
3595,treatment,300,2,6.28,0.024,0,0.0,lost_cause,0.02,0.18
3596,treatment,129,2,26.12,0.23,0,0.0,lost_cause,0.02,0.18
3597,control,14,13,489.42,0.801,1,36.88,sure_thing,0.03,0.72
3598,control,10,25,378.32,0.514,1,19.21,sure_thing,0.03,0.72
3599,treatment,198,2,37.11,0.145,0,0.0,lost_cause,0.02,0.18
3600,control,40,0,87.25,0.485,0,0.0,persuadable,0.58,13.34
3601,treatment,292,0,5.0,0.066,1,10.04,lost_cause,0.02,0.18
3602,treatment,195,3,53.84,0.188,0,0.0,lost_cause,0.02,0.18
3603,control,80,5,114.43,0.334,0,0.0,persuadable,0.58,13.34
3604,control,61,8,57.98,0.441,1,24.96,persuadable,0.58,13.34
3605,control,56,4,37.77,0.294,0,0.0,persuadable,0.58,13.34
3606,treatment,269,1,12.68,0.099,0,0.0,lost_cause,0.02,0.18
3607,control,376,0,69.28,0.125,0,0.0,lost_cause,0.02,0.18
3608,treatment,8,20,561.62,0.468,0,0.0,sure_thing,0.03,0.72
3609,control,1,6,247.71,0.073,1,58.52,sleeping_dog,-0.11,-4.84
3610,control,6,19,575.77,0.654,0,0.0,sure_thing,0.03,0.72
3611,treatment,14,17,139.33,0.554,1,27.94,sure_thing,0.03,0.72
3612,control,237,4,50.76,0.358,0,0.0,lost_cause,0.02,0.18
3613,control,14,4,93.22,0.08,1,49.62,sleeping_dog,-0.11,-4.84
3614,control,268,2,34.87,0.188,0,0.0,lost_cause,0.02,0.18
3615,treatment,10,15,460.21,0.773,1,17.48,sure_thing,0.03,0.72
3616,control,10,11,624.67,0.776,1,22.61,sure_thing,0.03,0.72
3617,treatment,87,7,162.26,0.381,1,28.05,persuadable,0.58,13.34
3618,treatment,0,7,178.75,0.506,1,25.08,persuadable,0.58,13.34
3619,treatment,156,4,39.34,0.178,0,0.0,lost_cause,0.02,0.18
3620,control,0,2,5.0,0.262,0,0.0,lost_cause,0.02,0.18
3621,control,36,5,144.61,0.216,1,39.91,sleeping_dog,-0.11,-4.84
3622,control,6,21,410.87,0.404,1,27.89,sure_thing,0.03,0.72
3623,treatment,221,3,5.0,0.0,0,0.0,lost_cause,0.02,0.18
3624,treatment,208,4,63.27,0.299,0,0.0,lost_cause,0.02,0.18
3625,control,65,8,167.94,0.357,0,0.0,persuadable,0.58,13.34
3626,treatment,48,11,93.89,0.55,1,22.56,persuadable,0.58,13.34
3627,control,11,11,386.61,0.357,1,28.38,sure_thing,0.03,0.72
3628,control,254,2,43.53,0.189,0,0.0,lost_cause,0.02,0.18
3629,treatment,13,11,379.02,0.428,1,30.88,sure_thing,0.03,0.72
3630,control,31,4,337.48,0.2,1,41.63,sleeping_dog,-0.11,-4.84
3631,control,17,15,269.87,0.438,0,0.0,sure_thing,0.03,0.72
3632,treatment,14,7,136.67,0.418,1,21.29,persuadable,0.58,13.34
3633,control,54,6,130.3,0.541,0,0.0,persuadable,0.58,13.34
3634,treatment,47,7,166.62,0.273,1,22.29,persuadable,0.58,13.34
3635,control,8,20,324.94,0.677,0,0.0,sure_thing,0.03,0.72
3636,control,210,4,24.27,0.163,0,0.0,lost_cause,0.02,0.18
3637,treatment,0,12,259.82,0.494,1,24.67,sure_thing,0.03,0.72
3638,treatment,61,11,141.14,0.43,1,23.24,persuadable,0.58,13.34
3639,treatment,30,4,121.29,0.056,0,0.0,sleeping_dog,-0.11,-4.84
3640,treatment,153,1,28.33,0.069,0,0.0,lost_cause,0.02,0.18
3641,control,154,3,59.82,0.239,0,0.0,lost_cause,0.02,0.18
3642,treatment,14,15,543.33,0.4,1,26.88,sure_thing,0.03,0.72
3643,control,60,9,164.65,0.424,0,0.0,persuadable,0.58,13.34
3644,treatment,214,0,51.19,0.103,0,0.0,lost_cause,0.02,0.18
3645,treatment,10,18,575.23,0.886,0,0.0,sure_thing,0.03,0.72
3646,control,129,2,25.56,0.074,0,0.0,lost_cause,0.02,0.18
3647,control,17,7,209.24,0.188,1,47.0,sleeping_dog,-0.11,-4.84
3648,control,86,1,17.84,0.0,0,0.0,lost_cause,0.02,0.18
3649,control,229,0,47.8,0.272,0,0.0,lost_cause,0.02,0.18
3650,treatment,53,9,119.92,0.245,1,23.43,persuadable,0.58,13.34
3651,control,204,3,35.22,0.074,0,0.0,lost_cause,0.02,0.18
3652,control,257,2,40.47,0.1,0,0.0,lost_cause,0.02,0.18
3653,treatment,159,3,33.61,0.188,0,0.0,lost_cause,0.02,0.18
3654,control,195,0,28.33,0.207,0,0.0,lost_cause,0.02,0.18
3655,treatment,126,2,68.88,0.305,0,0.0,lost_cause,0.02,0.18
3656,control,172,5,49.97,0.093,0,0.0,lost_cause,0.02,0.18
3657,treatment,14,10,736.94,0.298,1,25.77,sure_thing,0.03,0.72
3658,control,280,3,25.81,0.028,0,0.0,lost_cause,0.02,0.18
3659,treatment,0,16,247.21,0.364,0,0.0,sure_thing,0.03,0.72
3660,control,18,1,139.13,0.748,0,0.0,persuadable,0.58,13.34
3661,treatment,0,7,276.11,0.532,1,29.65,sure_thing,0.03,0.72
3662,control,357,0,50.32,0.11,0,0.0,lost_cause,0.02,0.18
3663,control,52,2,321.13,0.23,1,36.21,sleeping_dog,-0.11,-4.84
3664,treatment,182,3,45.46,0.062,0,0.0,lost_cause,0.02,0.18
3665,treatment,246,2,5.0,0.071,0,0.0,lost_cause,0.02,0.18
3666,control,0,30,470.98,0.231,1,28.34,sure_thing,0.03,0.72
3667,control,3,15,568.38,0.323,1,22.84,sure_thing,0.03,0.72
3668,treatment,143,1,30.41,0.047,0,0.0,lost_cause,0.02,0.18
3669,control,79,1,43.48,0.186,0,0.0,lost_cause,0.02,0.18
3670,control,7,17,448.25,0.477,1,31.01,sure_thing,0.03,0.72
3671,treatment,0,16,274.39,0.752,1,21.76,sure_thing,0.03,0.72
3672,treatment,157,2,51.76,0.241,0,0.0,lost_cause,0.02,0.18
3673,treatment,186,0,32.29,0.206,0,0.0,lost_cause,0.02,0.18
3674,control,180,3,48.6,0.0,0,0.0,lost_cause,0.02,0.18
3675,treatment,137,3,9.32,0.0,0,0.0,lost_cause,0.02,0.18
3676,control,0,18,445.18,0.542,1,24.25,sure_thing,0.03,0.72
3677,control,10,21,413.76,0.338,1,20.91,sure_thing,0.03,0.72
3678,control,222,3,57.07,0.254,0,0.0,lost_cause,0.02,0.18
3679,control,118,4,169.24,0.594,0,0.0,persuadable,0.58,13.34
3680,treatment,45,8,132.35,0.171,1,13.04,persuadable,0.58,13.34
3681,treatment,4,19,403.4,0.511,1,27.66,sure_thing,0.03,0.72
3682,control,306,3,69.35,0.004,1,6.81,lost_cause,0.02,0.18
3683,control,25,4,284.31,0.039,1,53.62,sleeping_dog,-0.11,-4.84
3684,control,160,4,22.59,0.236,0,0.0,lost_cause,0.02,0.18
3685,treatment,25,4,142.69,0.208,1,28.58,persuadable,0.58,13.34
3686,treatment,242,0,33.1,0.055,0,0.0,lost_cause,0.02,0.18
3687,control,257,2,81.32,0.113,0,0.0,lost_cause,0.02,0.18
3688,treatment,57,9,113.33,0.665,1,19.18,persuadable,0.58,13.34
3689,treatment,1,11,704.09,0.837,1,32.7,sure_thing,0.03,0.72
3690,control,17,6,207.52,0.217,1,38.95,sleeping_dog,-0.11,-4.84
3691,control,44,5,105.23,0.565,0,0.0,persuadable,0.58,13.34
3692,control,294,3,23.94,0.398,0,0.0,lost_cause,0.02,0.18
3693,control,28,22,490.28,0.641,1,16.15,sure_thing,0.03,0.72
3694,control,29,6,106.1,0.548,1,34.9,persuadable,0.58,13.34
3695,treatment,265,3,28.13,0.209,0,0.0,lost_cause,0.02,0.18
3696,treatment,18,21,275.61,0.559,1,25.5,sure_thing,0.03,0.72
3697,control,0,5,156.33,0.215,0,0.0,sleeping_dog,-0.11,-4.84
3698,treatment,294,1,56.43,0.107,0,0.0,lost_cause,0.02,0.18
3699,treatment,214,2,5.0,0.343,0,0.0,lost_cause,0.02,0.18
3700,control,96,3,5.0,0.106,0,0.0,lost_cause,0.02,0.18
3701,treatment,113,3,8.87,0.082,0,0.0,lost_cause,0.02,0.18
3702,control,169,5,84.55,0.199,0,0.0,lost_cause,0.02,0.18
3703,control,123,0,5.0,0.29,0,0.0,lost_cause,0.02,0.18
3704,treatment,32,7,100.96,0.398,1,20.76,persuadable,0.58,13.34
3705,control,7,13,364.13,0.757,1,19.18,sure_thing,0.03,0.72
3706,control,13,14,419.59,0.471,1,27.0,sure_thing,0.03,0.72
3707,treatment,141,2,21.99,0.217,0,0.0,lost_cause,0.02,0.18
3708,control,190,2,41.92,0.32,0,0.0,lost_cause,0.02,0.18
3709,treatment,0,0,165.56,0.15,1,33.43,sleeping_dog,-0.11,-4.84
3710,treatment,205,2,5.0,0.281,1,11.01,lost_cause,0.02,0.18
3711,treatment,30,6,248.61,0.17,0,0.0,sleeping_dog,-0.11,-4.84
3712,treatment,172,2,16.45,0.281,1,9.65,lost_cause,0.02,0.18
3713,control,18,27,268.55,0.529,1,27.22,sure_thing,0.03,0.72
3714,treatment,4,24,256.31,0.2,1,22.03,sure_thing,0.03,0.72
3715,control,238,1,30.12,0.179,0,0.0,lost_cause,0.02,0.18
3716,control,376,2,63.48,0.119,0,0.0,lost_cause,0.02,0.18
3717,treatment,122,0,21.69,0.08,0,0.0,lost_cause,0.02,0.18
3718,treatment,160,0,59.24,0.141,1,11.0,lost_cause,0.02,0.18
3719,treatment,107,0,24.58,0.09,1,8.98,lost_cause,0.02,0.18
3720,treatment,306,2,41.62,0.124,0,0.0,lost_cause,0.02,0.18
3721,treatment,284,3,50.12,0.0,0,0.0,lost_cause,0.02,0.18
3722,control,0,19,337.73,0.727,1,22.9,sure_thing,0.03,0.72
3723,treatment,93,4,12.56,0.0,1,10.44,lost_cause,0.02,0.18
3724,treatment,249,0,43.93,0.413,0,0.0,lost_cause,0.02,0.18
3725,treatment,24,23,311.84,0.654,1,28.36,sure_thing,0.03,0.72
3726,treatment,10,20,408.99,0.465,1,27.09,sure_thing,0.03,0.72
3727,control,87,2,50.93,0.309,0,0.0,lost_cause,0.02,0.18
3728,control,18,3,42.62,0.097,0,0.0,sleeping_dog,-0.11,-4.84
3729,control,242,4,67.54,0.16,0,0.0,lost_cause,0.02,0.18
3730,treatment,31,10,197.13,0.354,1,28.63,persuadable,0.58,13.34
3731,control,210,2,38.55,0.245,0,0.0,lost_cause,0.02,0.18
3732,control,214,4,61.63,0.228,0,0.0,lost_cause,0.02,0.18
3733,treatment,55,4,54.38,0.143,0,0.0,lost_cause,0.02,0.18
3734,treatment,56,10,165.31,0.431,1,19.63,persuadable,0.58,13.34
3735,treatment,225,1,28.23,0.032,0,0.0,lost_cause,0.02,0.18
3736,control,56,14,191.89,0.552,0,0.0,persuadable,0.58,13.34
3737,control,7,18,318.6,0.547,0,0.0,sure_thing,0.03,0.72
3738,control,225,1,49.75,0.264,0,0.0,lost_cause,0.02,0.18
3739,treatment,323,2,34.01,0.203,0,0.0,lost_cause,0.02,0.18
3740,treatment,220,1,66.54,0.039,0,0.0,lost_cause,0.02,0.18
3741,treatment,31,20,419.87,0.562,1,29.09,sure_thing,0.03,0.72
3742,treatment,66,2,162.2,0.503,1,19.99,persuadable,0.58,13.34
3743,control,205,2,9.62,0.217,0,0.0,lost_cause,0.02,0.18
3744,control,0,4,184.56,0.476,0,0.0,persuadable,0.58,13.34
3745,treatment,18,27,519.88,0.648,1,38.76,sure_thing,0.03,0.72
3746,control,148,2,61.08,0.13,0,0.0,lost_cause,0.02,0.18
3747,control,7,20,724.3,0.479,0,0.0,sure_thing,0.03,0.72
3748,treatment,256,5,30.08,0.368,0,0.0,lost_cause,0.02,0.18
3749,treatment,2,6,198.76,0.665,1,28.98,persuadable,0.58,13.34
3750,control,280,2,48.19,0.0,0,0.0,lost_cause,0.02,0.18
3751,control,16,15,539.33,0.464,0,0.0,sure_thing,0.03,0.72
3752,treatment,275,1,46.53,0.199,0,0.0,lost_cause,0.02,0.18
3753,treatment,288,2,5.0,0.057,0,0.0,lost_cause,0.02,0.18
3754,control,71,11,258.29,0.392,0,0.0,persuadable,0.58,13.34
3755,control,10,18,654.64,0.723,1,35.73,sure_thing,0.03,0.72
3756,treatment,195,2,18.76,0.151,0,0.0,lost_cause,0.02,0.18
3757,treatment,91,9,123.0,0.31,1,22.46,persuadable,0.58,13.34
3758,control,63,4,201.65,0.495,0,0.0,persuadable,0.58,13.34
3759,control,87,0,22.35,0.0,0,0.0,lost_cause,0.02,0.18
3760,control,58,3,236.22,0.139,0,0.0,sleeping_dog,-0.11,-4.84
3761,treatment,216,0,68.79,0.171,0,0.0,lost_cause,0.02,0.18
3762,treatment,0,16,477.89,0.349,1,22.16,sure_thing,0.03,0.72
3763,treatment,336,0,19.59,0.132,0,0.0,lost_cause,0.02,0.18
3764,control,318,2,48.92,0.0,0,0.0,lost_cause,0.02,0.18
3765,treatment,40,30,454.98,0.526,1,17.58,sure_thing,0.03,0.72
3766,control,1,25,482.68,0.403,0,0.0,sure_thing,0.03,0.72
3767,treatment,151,3,60.37,0.186,0,0.0,lost_cause,0.02,0.18
3768,treatment,86,4,141.07,0.57,0,0.0,persuadable,0.58,13.34
3769,control,38,6,88.42,0.063,1,38.78,sleeping_dog,-0.11,-4.84
3770,treatment,389,1,44.81,0.165,0,0.0,lost_cause,0.02,0.18
3771,treatment,330,0,5.0,0.042,0,0.0,lost_cause,0.02,0.18
3772,control,7,16,471.14,0.601,1,27.03,sure_thing,0.03,0.72
3773,control,283,3,15.19,0.257,0,0.0,lost_cause,0.02,0.18
3774,treatment,125,1,39.34,0.127,0,0.0,lost_cause,0.02,0.18
3775,treatment,12,11,455.03,0.802,1,21.73,sure_thing,0.03,0.72
3776,control,32,17,459.21,0.667,0,0.0,sure_thing,0.03,0.72
3777,control,32,13,97.86,0.584,1,24.2,persuadable,0.58,13.34
3778,control,40,2,219.93,0.107,1,34.09,sleeping_dog,-0.11,-4.84
3779,treatment,20,9,231.87,0.395,1,23.17,persuadable,0.58,13.34
3780,control,270,2,33.12,0.153,0,0.0,lost_cause,0.02,0.18
3781,treatment,95,4,254.73,0.277,1,25.86,persuadable,0.58,13.34
3782,control,70,4,182.85,0.601,0,0.0,persuadable,0.58,13.34
3783,control,293,3,19.76,0.263,0,0.0,lost_cause,0.02,0.18
3784,treatment,0,6,257.77,0.0,0,0.0,sleeping_dog,-0.11,-4.84
3785,control,400,3,45.52,0.013,1,8.19,lost_cause,0.02,0.18
3786,control,29,21,570.32,0.7,1,17.82,sure_thing,0.03,0.72
3787,treatment,14,21,411.45,0.403,0,0.0,sure_thing,0.03,0.72
3788,control,56,10,253.39,0.247,1,18.61,persuadable,0.58,13.34
3789,treatment,16,29,262.59,0.261,1,19.36,sure_thing,0.03,0.72
3790,control,5,3,215.18,0.154,1,47.72,sleeping_dog,-0.11,-4.84
3791,treatment,173,1,34.53,0.159,0,0.0,lost_cause,0.02,0.18
3792,treatment,187,0,42.58,0.222,0,0.0,lost_cause,0.02,0.18
3793,treatment,315,0,64.67,0.009,0,0.0,lost_cause,0.02,0.18
3794,control,40,16,458.49,0.476,1,20.83,sure_thing,0.03,0.72
3795,control,312,1,24.6,0.315,0,0.0,lost_cause,0.02,0.18
3796,control,289,2,38.32,0.216,0,0.0,lost_cause,0.02,0.18
3797,control,168,6,5.44,0.063,0,0.0,lost_cause,0.02,0.18
3798,control,32,17,359.25,0.679,0,0.0,sure_thing,0.03,0.72
3799,control,156,3,25.61,0.299,0,0.0,lost_cause,0.02,0.18
3800,treatment,14,5,131.91,0.327,0,0.0,persuadable,0.58,13.34
3801,control,7,24,637.65,0.451,1,26.9,sure_thing,0.03,0.72
3802,control,87,6,247.54,0.652,0,0.0,persuadable,0.58,13.34
3803,control,22,6,153.7,0.329,1,17.59,persuadable,0.58,13.34
3804,control,13,10,450.68,0.341,0,0.0,sure_thing,0.03,0.72
3805,control,234,1,41.85,0.12,0,0.0,lost_cause,0.02,0.18
3806,control,253,2,84.06,0.09,0,0.0,lost_cause,0.02,0.18
3807,control,291,1,35.56,0.05,0,0.0,lost_cause,0.02,0.18
3808,treatment,149,0,44.24,0.209,0,0.0,lost_cause,0.02,0.18
3809,treatment,74,2,21.65,0.136,0,0.0,lost_cause,0.02,0.18
3810,treatment,308,2,26.49,0.174,0,0.0,lost_cause,0.02,0.18
3811,treatment,7,17,564.86,0.582,1,16.77,sure_thing,0.03,0.72
3812,treatment,204,2,32.46,0.179,0,0.0,lost_cause,0.02,0.18
3813,control,29,4,83.26,0.561,1,24.6,persuadable,0.58,13.34
3814,control,7,24,439.29,0.494,0,0.0,sure_thing,0.03,0.72
3815,control,200,1,35.88,0.124,0,0.0,lost_cause,0.02,0.18
3816,control,295,2,28.51,0.148,0,0.0,lost_cause,0.02,0.18
3817,treatment,87,1,56.82,0.126,0,0.0,lost_cause,0.02,0.18
3818,control,210,1,33.89,0.209,0,0.0,lost_cause,0.02,0.18
3819,control,15,21,540.38,0.219,1,29.09,sure_thing,0.03,0.72
3820,control,181,0,20.41,0.186,0,0.0,lost_cause,0.02,0.18
3821,treatment,252,3,72.59,0.051,0,0.0,lost_cause,0.02,0.18
3822,control,23,8,146.02,0.173,1,22.44,persuadable,0.58,13.34
3823,treatment,208,1,5.99,0.097,0,0.0,lost_cause,0.02,0.18
3824,treatment,29,19,303.9,0.616,1,25.81,sure_thing,0.03,0.72
3825,treatment,4,14,425.55,0.437,1,29.86,sure_thing,0.03,0.72
3826,treatment,0,16,490.05,0.351,1,16.35,sure_thing,0.03,0.72
3827,treatment,270,0,53.76,0.047,1,11.1,lost_cause,0.02,0.18
3828,control,100,2,44.28,0.164,0,0.0,lost_cause,0.02,0.18
3829,control,0,24,442.48,0.646,1,31.38,sure_thing,0.03,0.72
3830,treatment,174,3,33.39,0.286,0,0.0,lost_cause,0.02,0.18
3831,control,0,7,175.65,0.484,0,0.0,persuadable,0.58,13.34
3832,control,136,6,26.98,0.146,0,0.0,lost_cause,0.02,0.18
3833,control,306,1,21.29,0.306,0,0.0,lost_cause,0.02,0.18
3834,control,323,4,7.15,0.0,0,0.0,lost_cause,0.02,0.18
3835,control,32,7,67.76,0.305,0,0.0,persuadable,0.58,13.34
3836,treatment,78,8,129.74,0.401,0,0.0,persuadable,0.58,13.34
3837,treatment,0,16,455.63,0.644,1,28.66,sure_thing,0.03,0.72
3838,control,220,0,51.28,0.165,0,0.0,lost_cause,0.02,0.18
3839,control,7,12,517.49,0.596,1,18.24,sure_thing,0.03,0.72
3840,treatment,80,7,175.88,0.0,0,0.0,persuadable,0.58,13.34
3841,control,273,3,71.34,0.257,0,0.0,lost_cause,0.02,0.18
3842,treatment,12,21,570.03,0.611,1,20.51,sure_thing,0.03,0.72
3843,treatment,0,9,157.5,0.401,0,0.0,persuadable,0.58,13.34
3844,treatment,194,3,8.17,0.049,0,0.0,lost_cause,0.02,0.18
3845,control,157,2,16.6,0.126,0,0.0,lost_cause,0.02,0.18
3846,control,0,12,436.94,0.348,0,0.0,sure_thing,0.03,0.72
3847,control,332,0,32.51,0.135,0,0.0,lost_cause,0.02,0.18
3848,control,204,0,35.89,0.123,0,0.0,lost_cause,0.02,0.18
3849,treatment,0,11,252.83,0.471,1,21.79,sure_thing,0.03,0.72
3850,control,49,5,203.55,0.188,1,44.45,sleeping_dog,-0.11,-4.84
3851,control,331,4,51.14,0.087,0,0.0,lost_cause,0.02,0.18
3852,treatment,400,4,21.05,0.525,0,0.0,lost_cause,0.02,0.18
3853,treatment,15,17,495.13,0.616,1,30.2,sure_thing,0.03,0.72
3854,control,36,3,303.57,0.088,1,64.89,sleeping_dog,-0.11,-4.84
3855,control,111,2,5.0,0.0,0,0.0,lost_cause,0.02,0.18
3856,treatment,13,16,338.66,0.151,0,0.0,sure_thing,0.03,0.72
3857,control,264,2,35.67,0.178,0,0.0,lost_cause,0.02,0.18
3858,control,2,25,429.26,0.239,1,25.73,sure_thing,0.03,0.72
3859,treatment,185,1,23.85,0.066,0,0.0,lost_cause,0.02,0.18
3860,control,9,16,421.92,0.672,1,20.68,sure_thing,0.03,0.72
3861,control,248,2,34.05,0.168,0,0.0,lost_cause,0.02,0.18
3862,treatment,8,7,293.18,0.721,1,17.32,sure_thing,0.03,0.72
3863,control,11,1,11.39,0.151,1,14.51,lost_cause,0.02,0.18
3864,treatment,266,4,35.26,0.176,0,0.0,lost_cause,0.02,0.18
3865,control,138,3,58.55,0.111,0,0.0,lost_cause,0.02,0.18
3866,treatment,239,3,34.4,0.155,1,13.77,lost_cause,0.02,0.18
3867,treatment,251,1,54.71,0.109,0,0.0,lost_cause,0.02,0.18
3868,treatment,286,0,7.17,0.146,0,0.0,lost_cause,0.02,0.18
3869,control,19,22,740.17,0.734,1,27.42,sure_thing,0.03,0.72
3870,treatment,215,1,54.63,0.115,0,0.0,lost_cause,0.02,0.18
3871,treatment,81,2,120.61,0.432,0,0.0,persuadable,0.58,13.34
3872,control,22,21,492.41,0.405,1,16.1,sure_thing,0.03,0.72
3873,control,0,13,454.92,0.809,1,16.47,sure_thing,0.03,0.72
3874,treatment,71,13,156.58,0.62,1,22.51,persuadable,0.58,13.34
3875,treatment,46,11,143.11,0.277,1,31.48,persuadable,0.58,13.34
3876,treatment,1,11,465.39,0.413,1,21.62,sure_thing,0.03,0.72
3877,treatment,241,4,23.49,0.146,0,0.0,lost_cause,0.02,0.18
3878,control,20,29,320.77,0.494,1,32.34,sure_thing,0.03,0.72
3879,treatment,188,3,38.87,0.28,0,0.0,lost_cause,0.02,0.18
3880,control,17,21,307.92,0.483,1,25.91,sure_thing,0.03,0.72
3881,control,81,2,5.0,0.24,0,0.0,lost_cause,0.02,0.18
3882,control,5,16,356.66,0.518,1,16.48,sure_thing,0.03,0.72
3883,control,160,3,51.24,0.0,0,0.0,lost_cause,0.02,0.18
3884,treatment,42,7,104.99,0.093,1,24.21,persuadable,0.58,13.34
3885,treatment,170,3,29.13,0.112,0,0.0,lost_cause,0.02,0.18
3886,treatment,9,24,336.86,0.701,1,22.45,sure_thing,0.03,0.72
3887,treatment,47,6,223.63,0.512,1,23.34,persuadable,0.58,13.34
3888,treatment,185,1,51.41,0.0,0,0.0,lost_cause,0.02,0.18
3889,treatment,8,14,577.83,0.912,1,17.94,sure_thing,0.03,0.72
3890,control,227,4,38.87,0.294,0,0.0,lost_cause,0.02,0.18
3891,treatment,234,4,14.83,0.103,0,0.0,lost_cause,0.02,0.18
3892,control,306,0,56.41,0.357,0,0.0,lost_cause,0.02,0.18
3893,control,386,1,60.25,0.141,0,0.0,lost_cause,0.02,0.18
3894,control,3,18,241.67,0.473,0,0.0,sure_thing,0.03,0.72
3895,treatment,123,3,37.26,0.061,0,0.0,lost_cause,0.02,0.18
3896,control,227,4,27.28,0.249,0,0.0,lost_cause,0.02,0.18
3897,treatment,252,4,46.96,0.0,0,0.0,lost_cause,0.02,0.18
3898,control,0,8,316.85,0.634,0,0.0,persuadable,0.58,13.34
3899,treatment,3,16,513.32,0.584,1,21.77,sure_thing,0.03,0.72
3900,control,0,16,478.25,0.31,1,20.76,sure_thing,0.03,0.72
3901,control,0,19,388.54,0.598,1,23.25,sure_thing,0.03,0.72
3902,control,81,9,58.9,0.172,0,0.0,persuadable,0.58,13.34
3903,treatment,8,23,623.01,0.389,1,32.38,sure_thing,0.03,0.72
3904,control,5,15,429.1,0.662,1,31.77,sure_thing,0.03,0.72
3905,treatment,192,1,40.58,0.261,0,0.0,lost_cause,0.02,0.18
3906,control,18,17,457.33,0.471,1,21.32,sure_thing,0.03,0.72
3907,treatment,19,4,143.5,0.206,1,39.71,sleeping_dog,-0.11,-4.84
3908,control,4,21,318.09,0.472,1,25.22,sure_thing,0.03,0.72
3909,treatment,0,10,513.61,0.749,1,19.75,sure_thing,0.03,0.72
3910,control,80,4,114.53,0.395,0,0.0,persuadable,0.58,13.34
3911,treatment,273,1,18.3,0.243,1,8.64,lost_cause,0.02,0.18
3912,treatment,17,4,9.49,0.141,0,0.0,lost_cause,0.02,0.18
3913,control,84,5,182.56,0.389,1,30.15,persuadable,0.58,13.34
3914,treatment,31,6,187.14,0.0,0,0.0,sleeping_dog,-0.11,-4.84
3915,treatment,272,1,50.03,0.003,0,0.0,lost_cause,0.02,0.18
3916,control,196,2,19.52,0.026,0,0.0,lost_cause,0.02,0.18
3917,treatment,49,1,16.34,0.13,0,0.0,lost_cause,0.02,0.18
3918,treatment,14,16,127.27,0.458,1,15.73,sure_thing,0.03,0.72
3919,treatment,191,3,36.74,0.0,1,5.65,lost_cause,0.02,0.18
3920,treatment,1,13,658.95,0.28,1,22.31,sure_thing,0.03,0.72
3921,control,12,23,365.57,0.584,0,0.0,sure_thing,0.03,0.72
3922,treatment,382,0,35.43,0.138,0,0.0,lost_cause,0.02,0.18
3923,control,23,12,56.98,0.547,0,0.0,persuadable,0.58,13.34
3924,treatment,204,0,15.39,0.212,0,0.0,lost_cause,0.02,0.18
3925,treatment,10,17,463.68,0.455,0,0.0,sure_thing,0.03,0.72
3926,control,394,1,21.73,0.023,0,0.0,lost_cause,0.02,0.18
3927,control,400,5,35.32,0.028,0,0.0,lost_cause,0.02,0.18
3928,treatment,240,5,5.0,0.281,1,12.31,lost_cause,0.02,0.18
3929,control,188,5,20.99,0.131,0,0.0,lost_cause,0.02,0.18
3930,treatment,275,1,8.06,0.106,0,0.0,lost_cause,0.02,0.18
3931,treatment,342,1,48.6,0.174,0,0.0,lost_cause,0.02,0.18
3932,control,372,3,28.7,0.0,1,10.53,lost_cause,0.02,0.18
3933,treatment,245,1,44.46,0.142,0,0.0,lost_cause,0.02,0.18
3934,control,139,0,44.96,0.187,0,0.0,lost_cause,0.02,0.18
3935,control,0,23,353.23,0.5,1,21.79,sure_thing,0.03,0.72
3936,treatment,19,5,247.25,0.198,0,0.0,sleeping_dog,-0.11,-4.84
3937,treatment,349,3,14.8,0.297,1,12.54,lost_cause,0.02,0.18
3938,treatment,89,6,118.68,0.179,1,28.29,persuadable,0.58,13.34
3939,control,0,8,529.48,0.61,1,31.44,sure_thing,0.03,0.72
3940,control,56,0,55.4,0.202,0,0.0,lost_cause,0.02,0.18
3941,control,196,4,31.95,0.0,0,0.0,lost_cause,0.02,0.18
3942,treatment,52,7,216.09,0.233,1,17.71,persuadable,0.58,13.34
3943,treatment,221,2,37.1,0.252,0,0.0,lost_cause,0.02,0.18
3944,treatment,260,1,5.0,0.058,0,0.0,lost_cause,0.02,0.18
3945,treatment,18,25,403.53,0.776,1,24.68,sure_thing,0.03,0.72
3946,treatment,57,6,228.42,0.69,1,19.53,persuadable,0.58,13.34
3947,treatment,40,7,104.14,0.319,1,32.5,persuadable,0.58,13.34
3948,treatment,0,19,243.44,0.812,0,0.0,sure_thing,0.03,0.72
3949,control,163,0,28.36,0.128,0,0.0,lost_cause,0.02,0.18
3950,control,229,2,44.32,0.244,0,0.0,lost_cause,0.02,0.18
3951,control,295,2,24.44,0.229,0,0.0,lost_cause,0.02,0.18
3952,treatment,14,11,164.26,0.389,1,23.37,sure_thing,0.03,0.72
3953,control,48,4,208.72,0.143,1,38.45,sleeping_dog,-0.11,-4.84
3954,treatment,220,3,55.74,0.082,0,0.0,lost_cause,0.02,0.18
3955,control,142,2,15.58,0.0,0,0.0,lost_cause,0.02,0.18
3956,control,285,2,17.73,0.257,0,0.0,lost_cause,0.02,0.18
3957,treatment,230,0,11.34,0.158,0,0.0,lost_cause,0.02,0.18
3958,control,19,20,512.79,0.556,1,20.58,sure_thing,0.03,0.72
3959,control,65,3,222.41,0.132,1,14.93,sleeping_dog,-0.11,-4.84
3960,treatment,130,1,10.13,0.177,0,0.0,lost_cause,0.02,0.18
3961,control,29,5,103.47,0.507,0,0.0,persuadable,0.58,13.34
3962,treatment,48,4,128.83,0.184,1,21.4,persuadable,0.58,13.34
3963,control,153,2,5.0,0.199,0,0.0,lost_cause,0.02,0.18
3964,control,41,8,105.03,0.517,0,0.0,persuadable,0.58,13.34
3965,treatment,33,5,259.24,0.265,1,20.77,persuadable,0.58,13.34
3966,control,3,26,330.23,0.875,1,25.99,sure_thing,0.03,0.72
3967,treatment,381,3,11.51,0.154,0,0.0,lost_cause,0.02,0.18
3968,treatment,201,2,66.6,0.329,0,0.0,lost_cause,0.02,0.18
3969,control,263,0,43.77,0.154,0,0.0,lost_cause,0.02,0.18
3970,control,63,5,242.17,0.446,0,0.0,persuadable,0.58,13.34
3971,treatment,95,9,111.57,0.368,0,0.0,persuadable,0.58,13.34
3972,control,174,0,25.35,0.264,0,0.0,lost_cause,0.02,0.18
3973,treatment,3,22,272.16,0.385,1,10.09,sure_thing,0.03,0.72
3974,control,202,1,62.08,0.227,0,0.0,lost_cause,0.02,0.18
3975,treatment,25,9,163.21,0.585,1,39.42,persuadable,0.58,13.34
3976,control,8,17,453.84,0.428,1,23.01,sure_thing,0.03,0.72
3977,treatment,0,8,102.13,0.385,1,41.67,sleeping_dog,-0.11,-4.84
3978,control,52,11,205.36,0.386,0,0.0,persuadable,0.58,13.34
3979,treatment,212,3,22.44,0.075,0,0.0,lost_cause,0.02,0.18
3980,treatment,172,1,19.08,0.178,0,0.0,lost_cause,0.02,0.18
3981,treatment,8,17,475.66,0.342,1,22.65,sure_thing,0.03,0.72
3982,treatment,45,8,179.36,0.41,0,0.0,persuadable,0.58,13.34
3983,treatment,283,0,17.75,0.125,0,0.0,lost_cause,0.02,0.18
3984,treatment,310,2,53.2,0.137,0,0.0,lost_cause,0.02,0.18
3985,control,288,2,43.73,0.211,0,0.0,lost_cause,0.02,0.18
3986,treatment,181,4,28.11,0.148,0,0.0,lost_cause,0.02,0.18
3987,treatment,160,2,28.26,0.058,0,0.0,lost_cause,0.02,0.18
3988,treatment,40,1,24.18,0.288,0,0.0,lost_cause,0.02,0.18
3989,treatment,311,2,43.88,0.123,0,0.0,lost_cause,0.02,0.18
3990,treatment,11,21,495.77,0.514,1,19.48,sure_thing,0.03,0.72
3991,treatment,68,7,94.22,0.551,0,0.0,persuadable,0.58,13.34
3992,treatment,53,3,165.88,0.076,1,59.48,sleeping_dog,-0.11,-4.84
3993,control,189,3,47.5,0.306,0,0.0,lost_cause,0.02,0.18
3994,control,0,14,535.28,0.382,1,30.12,sure_thing,0.03,0.72
3995,control,6,25,204.84,0.434,1,26.52,sure_thing,0.03,0.72
3996,control,109,0,47.68,0.184,0,0.0,lost_cause,0.02,0.18
3997,control,6,21,385.93,0.323,0,0.0,sure_thing,0.03,0.72
3998,treatment,115,1,47.11,0.239,0,0.0,lost_cause,0.02,0.18
3999,treatment,286,0,43.35,0.151,0,0.0,lost_cause,0.02,0.18
4000,treatment,191,1,21.55,0.017,1,10.21,lost_cause,0.02,0.18
4001,treatment,37,7,168.54,0.329,1,25.58,persuadable,0.58,13.34
4002,control,282,1,13.06,0.143,0,0.0,lost_cause,0.02,0.18
4003,treatment,15,21,393.54,0.701,1,19.62,sure_thing,0.03,0.72
4004,control,13,13,340.26,0.527,1,26.29,sure_thing,0.03,0.72
4005,treatment,232,4,16.84,0.143,0,0.0,lost_cause,0.02,0.18
4006,treatment,53,8,152.22,0.492,1,23.34,persuadable,0.58,13.34
4007,treatment,299,3,20.5,0.121,1,13.1,lost_cause,0.02,0.18
4008,treatment,239,2,74.99,0.0,0,0.0,lost_cause,0.02,0.18
4009,treatment,0,9,463.59,0.696,1,28.04,sure_thing,0.03,0.72
4010,treatment,13,23,493.18,0.688,1,15.34,sure_thing,0.03,0.72
4011,treatment,91,5,150.28,0.27,1,20.48,persuadable,0.58,13.34
4012,treatment,0,0,41.59,0.18,0,0.0,lost_cause,0.02,0.18
4013,treatment,335,2,55.47,0.104,0,0.0,lost_cause,0.02,0.18
4014,treatment,76,2,119.14,0.258,1,30.79,persuadable,0.58,13.34
4015,control,102,3,23.97,0.09,0,0.0,lost_cause,0.02,0.18
4016,treatment,50,10,179.59,0.478,1,23.34,persuadable,0.58,13.34
4017,control,349,0,52.62,0.225,0,0.0,lost_cause,0.02,0.18
4018,control,228,0,35.65,0.237,0,0.0,lost_cause,0.02,0.18
4019,control,92,6,155.58,0.483,0,0.0,persuadable,0.58,13.34
4020,control,147,4,56.55,0.062,0,0.0,lost_cause,0.02,0.18
4021,control,170,3,5.9,0.065,0,0.0,lost_cause,0.02,0.18
4022,treatment,143,2,63.97,0.205,1,6.76,lost_cause,0.02,0.18
4023,treatment,65,5,94.75,0.64,1,28.49,persuadable,0.58,13.34
4024,treatment,248,3,42.2,0.213,0,0.0,lost_cause,0.02,0.18
4025,treatment,0,18,302.34,0.49,0,0.0,sure_thing,0.03,0.72
4026,control,122,12,144.71,0.268,0,0.0,persuadable,0.58,13.34
4027,control,0,12,477.31,0.749,0,0.0,sure_thing,0.03,0.72
4028,control,61,3,21.78,0.121,0,0.0,persuadable,0.58,13.34
4029,control,28,3,173.23,0.17,1,65.37,sleeping_dog,-0.11,-4.84
4030,treatment,261,3,19.91,0.206,0,0.0,lost_cause,0.02,0.18
4031,treatment,37,9,162.85,0.511,1,21.09,persuadable,0.58,13.34
4032,control,12,21,473.36,0.625,0,0.0,sure_thing,0.03,0.72
4033,control,98,5,43.06,0.137,0,0.0,lost_cause,0.02,0.18
4034,treatment,53,0,15.85,0.318,0,0.0,lost_cause,0.02,0.18
4035,control,329,2,51.66,0.16,0,0.0,lost_cause,0.02,0.18
4036,control,249,4,56.12,0.105,0,0.0,lost_cause,0.02,0.18
4037,treatment,73,4,141.59,0.638,0,0.0,persuadable,0.58,13.34
4038,treatment,0,23,539.27,0.458,1,22.6,sure_thing,0.03,0.72
4039,control,99,2,25.96,0.043,0,0.0,lost_cause,0.02,0.18
4040,control,25,8,84.26,0.25,1,29.83,persuadable,0.58,13.34
4041,control,6,21,477.08,0.527,1,26.21,sure_thing,0.03,0.72
4042,control,305,1,26.0,0.227,0,0.0,lost_cause,0.02,0.18
4043,control,321,0,37.04,0.106,0,0.0,lost_cause,0.02,0.18
4044,control,11,16,200.88,0.692,1,27.16,sure_thing,0.03,0.72
4045,treatment,73,7,117.57,0.557,1,24.47,persuadable,0.58,13.34
4046,treatment,12,11,372.81,0.321,1,31.13,sure_thing,0.03,0.72
4047,treatment,20,21,282.62,0.515,1,28.15,sure_thing,0.03,0.72
4048,treatment,14,29,437.57,0.639,1,20.11,sure_thing,0.03,0.72
4049,treatment,9,22,454.76,0.498,0,0.0,sure_thing,0.03,0.72
4050,treatment,13,23,266.18,0.432,1,20.42,sure_thing,0.03,0.72
4051,control,258,4,32.61,0.194,0,0.0,lost_cause,0.02,0.18
4052,control,261,5,57.93,0.238,1,12.09,lost_cause,0.02,0.18
4053,control,168,0,20.45,0.114,0,0.0,lost_cause,0.02,0.18
4054,treatment,64,8,231.96,0.49,0,0.0,persuadable,0.58,13.34
4055,control,0,0,25.16,0.243,0,0.0,lost_cause,0.02,0.18
4056,treatment,280,3,28.66,0.265,1,11.67,lost_cause,0.02,0.18
4057,control,9,16,323.8,0.888,1,32.0,sure_thing,0.03,0.72
4058,treatment,7,17,341.25,0.224,1,24.75,sure_thing,0.03,0.72
4059,control,1,3,212.41,0.294,1,18.8,persuadable,0.58,13.34
4060,control,145,3,58.0,0.147,0,0.0,lost_cause,0.02,0.18
4061,treatment,392,1,61.55,0.046,0,0.0,lost_cause,0.02,0.18
4062,treatment,179,0,62.91,0.001,1,9.29,lost_cause,0.02,0.18
4063,treatment,12,11,443.2,0.641,0,0.0,sure_thing,0.03,0.72
4064,treatment,266,4,5.72,0.043,0,0.0,lost_cause,0.02,0.18
4065,treatment,17,27,574.41,0.659,1,28.12,sure_thing,0.03,0.72
4066,control,29,25,168.4,0.676,0,0.0,sure_thing,0.03,0.72
4067,treatment,148,4,76.65,0.047,0,0.0,lost_cause,0.02,0.18
4068,control,18,20,411.59,0.501,1,14.42,sure_thing,0.03,0.72
4069,treatment,87,0,5.0,0.102,1,8.14,lost_cause,0.02,0.18
4070,control,17,12,300.1,0.769,0,0.0,sure_thing,0.03,0.72
4071,control,18,6,83.03,0.549,0,0.0,persuadable,0.58,13.34
4072,treatment,7,6,170.37,0.055,0,0.0,sleeping_dog,-0.11,-4.84
4073,control,9,18,417.59,0.491,1,25.46,sure_thing,0.03,0.72
4074,treatment,73,5,155.03,0.118,1,44.45,sleeping_dog,-0.11,-4.84
4075,treatment,169,2,37.69,0.208,0,0.0,lost_cause,0.02,0.18
4076,control,400,3,35.73,0.177,0,0.0,lost_cause,0.02,0.18
4077,control,217,2,36.53,0.112,0,0.0,lost_cause,0.02,0.18
4078,control,5,18,430.97,0.382,1,31.37,sure_thing,0.03,0.72
4079,control,49,9,147.62,0.256,0,0.0,persuadable,0.58,13.34
4080,control,40,4,81.79,0.246,0,0.0,lost_cause,0.02,0.18
4081,treatment,307,2,58.99,0.135,1,8.24,lost_cause,0.02,0.18
4082,treatment,1,21,571.48,0.451,0,0.0,sure_thing,0.03,0.72
4083,control,321,3,58.38,0.344,0,0.0,lost_cause,0.02,0.18
4084,control,62,8,94.47,0.375,0,0.0,persuadable,0.58,13.34
4085,treatment,143,2,20.89,0.125,0,0.0,lost_cause,0.02,0.18
4086,treatment,225,0,80.71,0.194,0,0.0,lost_cause,0.02,0.18
4087,control,215,5,15.3,0.052,0,0.0,lost_cause,0.02,0.18
4088,treatment,146,1,49.1,0.209,0,0.0,lost_cause,0.02,0.18
4089,treatment,8,16,315.27,0.527,1,28.12,sure_thing,0.03,0.72
4090,control,223,2,66.05,0.205,0,0.0,lost_cause,0.02,0.18
4091,treatment,73,4,50.27,0.192,0,0.0,lost_cause,0.02,0.18
4092,treatment,20,18,485.51,0.54,1,30.68,sure_thing,0.03,0.72
4093,control,46,5,303.5,0.44,1,21.05,persuadable,0.58,13.34
4094,treatment,247,3,43.24,0.206,0,0.0,lost_cause,0.02,0.18
4095,treatment,304,2,50.41,0.3,0,0.0,lost_cause,0.02,0.18
4096,treatment,138,0,16.35,0.284,0,0.0,lost_cause,0.02,0.18
4097,treatment,274,2,50.68,0.12,0,0.0,lost_cause,0.02,0.18
4098,treatment,283,4,36.05,0.056,0,0.0,lost_cause,0.02,0.18
4099,control,265,2,55.92,0.116,0,0.0,lost_cause,0.02,0.18
4100,treatment,72,7,197.83,0.244,1,27.84,persuadable,0.58,13.34
4101,treatment,344,0,31.54,0.128,0,0.0,lost_cause,0.02,0.18
4102,treatment,21,22,476.83,0.808,1,35.19,sure_thing,0.03,0.72
4103,control,30,8,87.21,0.394,1,22.25,persuadable,0.58,13.34
4104,treatment,214,4,55.11,0.271,0,0.0,lost_cause,0.02,0.18
4105,treatment,11,19,517.71,0.245,1,22.34,sure_thing,0.03,0.72
4106,treatment,146,5,15.73,0.049,0,0.0,lost_cause,0.02,0.18
4107,control,285,3,55.35,0.058,0,0.0,lost_cause,0.02,0.18
4108,treatment,261,4,59.49,0.19,0,0.0,lost_cause,0.02,0.18
4109,control,59,1,124.63,0.259,0,0.0,persuadable,0.58,13.34
4110,treatment,21,0,14.37,0.088,0,0.0,lost_cause,0.02,0.18
4111,control,220,1,20.18,0.124,0,0.0,lost_cause,0.02,0.18
4112,control,36,4,228.68,0.539,0,0.0,persuadable,0.58,13.34
4113,control,0,24,300.9,0.628,1,20.03,sure_thing,0.03,0.72
4114,treatment,14,13,306.35,0.697,1,17.38,sure_thing,0.03,0.72
4115,treatment,146,0,10.1,0.08,0,0.0,lost_cause,0.02,0.18
4116,control,180,3,31.68,0.3,0,0.0,lost_cause,0.02,0.18
4117,control,48,9,5.0,0.468,0,0.0,persuadable,0.58,13.34
4118,control,222,3,5.0,0.171,0,0.0,lost_cause,0.02,0.18
4119,control,351,0,31.68,0.07,0,0.0,lost_cause,0.02,0.18
4120,control,0,8,99.57,0.605,0,0.0,persuadable,0.58,13.34
4121,control,251,3,20.48,0.214,0,0.0,lost_cause,0.02,0.18
4122,treatment,26,4,104.56,0.253,0,0.0,sleeping_dog,-0.11,-4.84
4123,treatment,153,4,40.83,0.2,0,0.0,lost_cause,0.02,0.18
4124,control,14,12,373.84,0.368,1,21.18,sure_thing,0.03,0.72
4125,control,11,20,374.5,0.539,0,0.0,sure_thing,0.03,0.72
4126,control,21,22,411.48,0.457,1,25.22,sure_thing,0.03,0.72
4127,control,3,7,217.9,0.537,0,0.0,persuadable,0.58,13.34
4128,treatment,163,1,32.95,0.253,1,11.56,lost_cause,0.02,0.18
4129,treatment,24,25,422.89,0.385,1,23.66,sure_thing,0.03,0.72
4130,control,21,8,158.67,0.496,0,0.0,persuadable,0.58,13.34
4131,treatment,232,2,77.97,0.133,0,0.0,lost_cause,0.02,0.18
4132,treatment,25,14,620.65,0.914,1,31.86,sure_thing,0.03,0.72
4133,treatment,249,4,47.89,0.167,0,0.0,lost_cause,0.02,0.18
4134,control,400,0,40.1,0.057,0,0.0,lost_cause,0.02,0.18
4135,treatment,18,16,353.81,0.235,1,30.31,sure_thing,0.03,0.72
4136,control,33,18,357.37,0.643,1,29.15,sure_thing,0.03,0.72
4137,treatment,21,1,256.11,0.708,1,25.35,persuadable,0.58,13.34
4138,control,59,8,105.67,0.478,0,0.0,persuadable,0.58,13.34
4139,treatment,12,11,327.93,0.536,1,29.53,sure_thing,0.03,0.72
4140,treatment,0,3,197.0,0.209,1,39.7,sleeping_dog,-0.11,-4.84
4141,control,11,15,205.14,0.455,1,22.67,sure_thing,0.03,0.72
4142,control,128,3,44.95,0.203,0,0.0,lost_cause,0.02,0.18
4143,treatment,163,3,55.26,0.025,0,0.0,lost_cause,0.02,0.18
4144,treatment,300,2,41.77,0.175,0,0.0,lost_cause,0.02,0.18
4145,control,182,1,24.87,0.266,0,0.0,lost_cause,0.02,0.18
4146,control,230,2,56.61,0.244,0,0.0,lost_cause,0.02,0.18
4147,control,12,17,391.03,0.699,1,25.78,sure_thing,0.03,0.72
4148,treatment,0,19,604.63,0.551,1,27.59,sure_thing,0.03,0.72
4149,control,15,14,270.5,0.819,1,22.63,sure_thing,0.03,0.72
4150,treatment,68,3,49.36,0.0,0,0.0,lost_cause,0.02,0.18
4151,control,18,20,382.11,0.715,1,32.4,sure_thing,0.03,0.72
4152,treatment,67,3,5.0,0.161,0,0.0,lost_cause,0.02,0.18
4153,control,33,5,40.44,0.621,1,24.59,persuadable,0.58,13.34
4154,control,275,4,19.81,0.162,0,0.0,lost_cause,0.02,0.18
4155,control,122,0,41.17,0.153,0,0.0,lost_cause,0.02,0.18
4156,control,8,14,471.34,0.535,1,22.22,sure_thing,0.03,0.72
4157,treatment,282,2,66.3,0.21,0,0.0,lost_cause,0.02,0.18
4158,treatment,23,13,196.1,0.815,1,21.82,persuadable,0.58,13.34
4159,treatment,7,11,347.54,0.559,1,22.12,sure_thing,0.03,0.72
4160,control,170,2,56.75,0.309,0,0.0,lost_cause,0.02,0.18
4161,control,241,4,38.78,0.209,0,0.0,lost_cause,0.02,0.18
4162,treatment,320,0,40.87,0.287,0,0.0,lost_cause,0.02,0.18
4163,control,0,18,263.45,0.59,0,0.0,sure_thing,0.03,0.72
4164,treatment,142,5,50.69,0.043,0,0.0,lost_cause,0.02,0.18
4165,treatment,143,1,35.0,0.27,0,0.0,lost_cause,0.02,0.18
4166,control,29,13,486.14,0.23,1,25.0,sure_thing,0.03,0.72
4167,control,316,1,55.72,0.276,0,0.0,lost_cause,0.02,0.18
4168,control,68,1,128.8,0.077,0,0.0,persuadable,0.58,13.34
4169,control,5,13,552.59,0.654,0,0.0,sure_thing,0.03,0.72
4170,treatment,69,7,159.26,0.33,1,24.03,persuadable,0.58,13.34
4171,control,55,5,124.89,0.395,0,0.0,persuadable,0.58,13.34
4172,treatment,70,6,241.09,0.274,1,15.02,persuadable,0.58,13.34
4173,treatment,215,0,16.79,0.054,0,0.0,lost_cause,0.02,0.18
4174,treatment,14,19,551.61,0.542,0,0.0,sure_thing,0.03,0.72
4175,treatment,200,2,48.7,0.096,0,0.0,lost_cause,0.02,0.18
4176,control,293,1,14.23,0.0,0,0.0,lost_cause,0.02,0.18
4177,treatment,125,2,24.26,0.142,0,0.0,lost_cause,0.02,0.18
4178,control,210,2,35.75,0.176,0,0.0,lost_cause,0.02,0.18
4179,treatment,100,3,58.76,0.337,0,0.0,lost_cause,0.02,0.18
4180,control,94,3,5.0,0.085,0,0.0,lost_cause,0.02,0.18
4181,control,22,15,622.58,0.48,1,32.36,sure_thing,0.03,0.72
4182,treatment,272,0,57.35,0.098,0,0.0,lost_cause,0.02,0.18
4183,treatment,321,4,17.29,0.126,0,0.0,lost_cause,0.02,0.18
4184,control,230,2,36.15,0.258,0,0.0,lost_cause,0.02,0.18
4185,control,82,2,70.1,0.14,0,0.0,lost_cause,0.02,0.18
4186,treatment,10,19,378.77,0.742,1,20.51,sure_thing,0.03,0.72
4187,treatment,201,1,22.73,0.151,0,0.0,lost_cause,0.02,0.18
4188,treatment,20,23,705.01,0.698,1,20.0,sure_thing,0.03,0.72
4189,control,242,3,5.0,0.052,0,0.0,lost_cause,0.02,0.18
4190,control,19,14,351.01,0.622,1,28.34,sure_thing,0.03,0.72
4191,treatment,56,4,125.73,0.384,0,0.0,persuadable,0.58,13.34
4192,treatment,210,1,67.42,0.208,0,0.0,lost_cause,0.02,0.18
4193,control,8,15,468.24,0.669,1,29.07,sure_thing,0.03,0.72
4194,control,317,4,32.3,0.115,0,0.0,lost_cause,0.02,0.18
4195,treatment,139,0,31.35,0.08,0,0.0,lost_cause,0.02,0.18
4196,treatment,241,4,47.45,0.129,0,0.0,lost_cause,0.02,0.18
4197,treatment,46,4,108.22,0.52,0,0.0,persuadable,0.58,13.34
4198,control,181,4,13.92,0.124,0,0.0,lost_cause,0.02,0.18
4199,treatment,21,18,443.35,0.55,1,26.92,sure_thing,0.03,0.72
4200,control,205,0,14.58,0.161,0,0.0,lost_cause,0.02,0.18
4201,control,47,6,47.32,0.417,0,0.0,persuadable,0.58,13.34
4202,treatment,182,3,6.09,0.236,1,9.25,lost_cause,0.02,0.18
4203,treatment,25,19,279.22,0.597,0,0.0,sure_thing,0.03,0.72
4204,control,14,17,531.99,0.796,0,0.0,sure_thing,0.03,0.72
4205,treatment,56,5,146.19,0.314,1,15.81,persuadable,0.58,13.34
4206,treatment,256,1,34.36,0.274,0,0.0,lost_cause,0.02,0.18
4207,control,104,0,19.99,0.389,0,0.0,lost_cause,0.02,0.18
4208,treatment,20,14,264.37,0.669,0,0.0,sure_thing,0.03,0.72
4209,control,17,17,159.55,0.539,1,19.74,sure_thing,0.03,0.72
4210,treatment,185,1,32.42,0.176,0,0.0,lost_cause,0.02,0.18
4211,control,23,17,513.52,0.688,1,31.32,sure_thing,0.03,0.72
4212,treatment,13,15,545.2,0.583,1,25.03,sure_thing,0.03,0.72
4213,control,27,3,159.88,0.487,0,0.0,persuadable,0.58,13.34
4214,treatment,243,2,44.47,0.216,0,0.0,lost_cause,0.02,0.18
4215,control,289,1,18.71,0.285,0,0.0,lost_cause,0.02,0.18
4216,control,308,3,26.12,0.081,0,0.0,lost_cause,0.02,0.18
4217,control,229,4,40.44,0.169,0,0.0,lost_cause,0.02,0.18
4218,treatment,314,0,5.0,0.166,0,0.0,lost_cause,0.02,0.18
4219,control,17,8,62.89,0.022,1,30.19,sleeping_dog,-0.11,-4.84
4220,control,326,0,67.91,0.354,0,0.0,lost_cause,0.02,0.18
4221,control,39,7,241.89,0.0,1,50.14,sleeping_dog,-0.11,-4.84
4222,control,201,2,70.52,0.236,0,0.0,lost_cause,0.02,0.18
4223,treatment,388,2,33.21,0.05,0,0.0,lost_cause,0.02,0.18
4224,treatment,349,2,49.13,0.0,0,0.0,lost_cause,0.02,0.18
4225,control,186,3,46.86,0.176,0,0.0,lost_cause,0.02,0.18
4226,treatment,54,12,126.58,0.415,1,20.36,persuadable,0.58,13.34
4227,treatment,17,10,208.03,0.255,0,0.0,persuadable,0.58,13.34
4228,control,50,5,230.69,0.035,1,35.3,sleeping_dog,-0.11,-4.84
4229,control,201,3,5.83,0.019,0,0.0,lost_cause,0.02,0.18
4230,treatment,170,0,22.24,0.056,0,0.0,lost_cause,0.02,0.18
4231,control,8,17,706.64,0.531,1,26.3,sure_thing,0.03,0.72
4232,control,34,9,167.32,0.273,0,0.0,persuadable,0.58,13.34
4233,treatment,202,2,37.81,0.029,0,0.0,lost_cause,0.02,0.18
4234,control,58,5,116.64,0.611,0,0.0,persuadable,0.58,13.34
4235,treatment,244,1,24.05,0.128,0,0.0,lost_cause,0.02,0.18
4236,treatment,75,12,112.71,0.136,1,23.98,persuadable,0.58,13.34
4237,control,2,14,352.45,0.527,1,23.33,sure_thing,0.03,0.72
4238,treatment,0,13,209.93,0.517,1,26.36,persuadable,0.58,13.34
4239,treatment,76,2,182.71,0.416,0,0.0,persuadable,0.58,13.34
4240,control,237,2,66.48,0.087,0,0.0,lost_cause,0.02,0.18
4241,treatment,9,18,488.92,0.684,1,24.05,sure_thing,0.03,0.72
4242,control,177,0,41.25,0.324,0,0.0,lost_cause,0.02,0.18
4243,treatment,256,3,40.68,0.135,0,0.0,lost_cause,0.02,0.18
4244,control,320,2,8.23,0.23,0,0.0,lost_cause,0.02,0.18
4245,treatment,293,1,6.85,0.0,0,0.0,lost_cause,0.02,0.18
4246,control,271,0,22.91,0.267,0,0.0,lost_cause,0.02,0.18
4247,control,183,4,59.75,0.047,0,0.0,lost_cause,0.02,0.18
4248,control,24,13,495.37,0.652,1,31.2,sure_thing,0.03,0.72
4249,control,67,12,198.82,0.309,0,0.0,persuadable,0.58,13.34
4250,treatment,185,3,7.93,0.146,0,0.0,lost_cause,0.02,0.18
4251,control,25,4,95.73,0.139,0,0.0,sleeping_dog,-0.11,-4.84
4252,control,22,19,285.73,0.604,1,12.84,sure_thing,0.03,0.72
4253,treatment,361,3,30.19,0.13,0,0.0,lost_cause,0.02,0.18
4254,control,68,2,149.17,0.15,1,38.48,sleeping_dog,-0.11,-4.84
4255,control,7,26,509.55,0.653,0,0.0,sure_thing,0.03,0.72
4256,control,216,1,43.02,0.246,0,0.0,lost_cause,0.02,0.18
4257,treatment,145,1,20.97,0.114,0,0.0,lost_cause,0.02,0.18
4258,treatment,47,3,217.54,0.646,1,23.7,persuadable,0.58,13.34
4259,treatment,293,4,17.46,0.222,0,0.0,lost_cause,0.02,0.18
4260,treatment,359,1,24.34,0.137,1,9.09,lost_cause,0.02,0.18
4261,treatment,79,3,11.27,0.18,0,0.0,lost_cause,0.02,0.18
4262,control,359,5,5.0,0.297,0,0.0,lost_cause,0.02,0.18
4263,control,76,9,229.89,0.337,1,16.12,persuadable,0.58,13.34
4264,treatment,13,10,295.23,0.519,1,19.8,sure_thing,0.03,0.72
4265,control,1,19,445.53,0.536,1,10.53,sure_thing,0.03,0.72
4266,control,38,7,82.74,0.571,1,24.09,persuadable,0.58,13.34
4267,treatment,6,11,386.52,0.384,0,0.0,sure_thing,0.03,0.72
4268,control,125,0,5.0,0.328,0,0.0,lost_cause,0.02,0.18
4269,treatment,2,18,587.68,0.996,0,0.0,sure_thing,0.03,0.72
4270,treatment,0,14,552.47,0.539,1,23.17,sure_thing,0.03,0.72
4271,treatment,289,0,56.09,0.082,0,0.0,lost_cause,0.02,0.18
4272,control,219,3,5.0,0.162,0,0.0,lost_cause,0.02,0.18
4273,treatment,158,0,52.64,0.195,0,0.0,lost_cause,0.02,0.18
4274,treatment,65,8,92.76,0.093,1,26.16,persuadable,0.58,13.34
4275,control,128,1,5.0,0.115,0,0.0,lost_cause,0.02,0.18
4276,treatment,51,5,205.76,0.04,0,0.0,sleeping_dog,-0.11,-4.84
4277,treatment,121,1,27.15,0.356,0,0.0,lost_cause,0.02,0.18
4278,control,101,3,7.38,0.105,0,0.0,lost_cause,0.02,0.18
4279,control,179,0,13.36,0.136,0,0.0,lost_cause,0.02,0.18
4280,control,302,2,45.38,0.189,0,0.0,lost_cause,0.02,0.18
4281,control,189,3,19.72,0.238,0,0.0,lost_cause,0.02,0.18
4282,control,0,15,502.46,0.641,1,16.73,sure_thing,0.03,0.72
4283,treatment,100,9,165.75,0.173,1,16.95,persuadable,0.58,13.34
4284,treatment,384,0,35.08,0.068,0,0.0,lost_cause,0.02,0.18
4285,treatment,28,4,216.09,0.496,1,27.19,persuadable,0.58,13.34
4286,control,190,0,5.0,0.027,0,0.0,lost_cause,0.02,0.18
4287,control,150,3,5.0,0.167,1,6.49,lost_cause,0.02,0.18
4288,control,211,3,57.82,0.249,0,0.0,lost_cause,0.02,0.18
4289,control,56,7,121.91,0.278,1,17.08,persuadable,0.58,13.34
4290,treatment,359,0,46.59,0.046,0,0.0,lost_cause,0.02,0.18
4291,treatment,86,5,211.19,0.358,1,21.39,persuadable,0.58,13.34
4292,treatment,146,0,23.41,0.121,0,0.0,lost_cause,0.02,0.18
4293,control,1,19,287.16,0.515,1,24.61,sure_thing,0.03,0.72
4294,control,211,5,31.77,0.066,0,0.0,lost_cause,0.02,0.18
4295,control,3,19,442.61,0.545,1,15.17,sure_thing,0.03,0.72
4296,treatment,18,17,437.44,0.263,1,20.02,sure_thing,0.03,0.72
4297,treatment,302,2,37.13,0.052,0,0.0,lost_cause,0.02,0.18
4298,treatment,9,18,683.06,0.621,1,23.88,sure_thing,0.03,0.72
4299,control,63,9,89.13,0.542,1,21.84,persuadable,0.58,13.34
4300,treatment,167,1,34.13,0.139,0,0.0,lost_cause,0.02,0.18
4301,control,3,23,486.49,0.708,1,24.13,sure_thing,0.03,0.72
4302,control,257,2,33.11,0.036,1,3.0,lost_cause,0.02,0.18
4303,treatment,197,2,35.54,0.155,0,0.0,lost_cause,0.02,0.18
4304,control,18,19,462.21,0.686,1,25.02,sure_thing,0.03,0.72
4305,treatment,12,19,784.14,0.755,1,34.07,sure_thing,0.03,0.72
4306,control,0,20,519.78,0.7,0,0.0,sure_thing,0.03,0.72
4307,control,29,2,142.74,0.343,0,0.0,persuadable,0.58,13.34
4308,treatment,22,12,117.68,0.24,1,20.65,persuadable,0.58,13.34
4309,treatment,194,3,39.46,0.238,0,0.0,lost_cause,0.02,0.18
4310,control,20,15,250.03,0.58,1,15.84,sure_thing,0.03,0.72
4311,control,9,24,653.45,0.462,1,22.74,sure_thing,0.03,0.72
4312,control,54,11,183.94,0.217,0,0.0,persuadable,0.58,13.34
4313,treatment,11,15,110.95,0.606,1,26.64,sure_thing,0.03,0.72
4314,treatment,9,18,530.64,0.719,1,13.27,sure_thing,0.03,0.72
4315,control,200,4,63.81,0.153,1,9.28,lost_cause,0.02,0.18
4316,control,60,7,141.37,0.497,0,0.0,persuadable,0.58,13.34
4317,control,189,4,25.56,0.234,0,0.0,lost_cause,0.02,0.18
4318,control,279,1,5.0,0.219,0,0.0,lost_cause,0.02,0.18
4319,treatment,33,10,89.42,0.636,1,19.0,persuadable,0.58,13.34
4320,treatment,72,1,44.8,0.112,0,0.0,lost_cause,0.02,0.18
4321,treatment,93,13,152.22,0.301,0,0.0,persuadable,0.58,13.34
4322,treatment,98,1,69.41,0.087,0,0.0,lost_cause,0.02,0.18
4323,treatment,169,4,72.83,0.164,0,0.0,lost_cause,0.02,0.18
4324,treatment,6,22,431.28,0.937,1,27.93,sure_thing,0.03,0.72
4325,control,102,11,108.33,0.409,0,0.0,persuadable,0.58,13.34
4326,control,75,4,38.19,0.122,0,0.0,lost_cause,0.02,0.18
4327,control,86,9,131.04,0.534,0,0.0,persuadable,0.58,13.34
4328,treatment,126,0,44.25,0.095,0,0.0,lost_cause,0.02,0.18
4329,treatment,38,4,171.87,0.321,1,23.39,persuadable,0.58,13.34
4330,treatment,103,1,87.2,0.013,0,0.0,lost_cause,0.02,0.18
4331,control,199,1,5.0,0.311,0,0.0,lost_cause,0.02,0.18
4332,control,59,4,43.25,0.233,1,5.45,lost_cause,0.02,0.18
4333,control,77,7,97.21,0.154,1,20.61,persuadable,0.58,13.34
4334,control,14,16,373.56,0.443,1,16.18,sure_thing,0.03,0.72
4335,control,11,21,440.72,0.601,1,18.64,sure_thing,0.03,0.72
4336,control,183,4,41.79,0.406,1,7.99,lost_cause,0.02,0.18
4337,treatment,21,13,198.33,0.469,1,16.22,persuadable,0.58,13.34
4338,control,45,4,266.53,0.14,1,61.14,sleeping_dog,-0.11,-4.84
4339,control,151,1,16.3,0.164,1,9.71,lost_cause,0.02,0.18
4340,treatment,300,0,44.03,0.211,0,0.0,lost_cause,0.02,0.18
4341,treatment,14,8,152.8,0.336,1,22.8,persuadable,0.58,13.34
4342,treatment,24,9,121.74,0.556,1,28.47,persuadable,0.58,13.34
4343,control,90,7,158.61,0.341,0,0.0,persuadable,0.58,13.34
4344,control,67,2,35.98,0.214,0,0.0,lost_cause,0.02,0.18
4345,control,0,15,461.08,0.683,0,0.0,sure_thing,0.03,0.72
4346,treatment,62,3,15.44,0.0,0,0.0,lost_cause,0.02,0.18
4347,control,68,2,31.23,0.112,1,11.13,lost_cause,0.02,0.18
4348,control,19,17,442.92,0.365,1,28.55,sure_thing,0.03,0.72
4349,treatment,108,0,79.5,0.294,0,0.0,lost_cause,0.02,0.18
4350,control,126,2,35.24,0.18,0,0.0,lost_cause,0.02,0.18
4351,treatment,259,3,27.86,0.246,0,0.0,lost_cause,0.02,0.18
4352,control,134,3,61.47,0.18,0,0.0,lost_cause,0.02,0.18
4353,control,187,3,40.35,0.199,0,0.0,lost_cause,0.02,0.18
4354,treatment,39,11,317.93,0.506,1,11.72,persuadable,0.58,13.34
4355,treatment,193,1,47.92,0.116,0,0.0,lost_cause,0.02,0.18
4356,treatment,6,4,233.37,0.122,0,0.0,sleeping_dog,-0.11,-4.84
4357,control,6,13,10.14,0.538,0,0.0,persuadable,0.58,13.34
4358,treatment,17,4,206.03,0.0,0,0.0,sleeping_dog,-0.11,-4.84
4359,control,84,5,149.26,0.483,0,0.0,persuadable,0.58,13.34
4360,control,254,1,47.26,0.107,0,0.0,lost_cause,0.02,0.18
4361,control,81,2,31.55,0.0,0,0.0,lost_cause,0.02,0.18
4362,treatment,132,0,49.64,0.0,0,0.0,lost_cause,0.02,0.18
4363,control,202,2,17.38,0.269,1,3.52,lost_cause,0.02,0.18
4364,control,324,3,44.47,0.079,0,0.0,lost_cause,0.02,0.18
4365,treatment,62,10,247.24,0.595,1,19.23,persuadable,0.58,13.34
4366,treatment,96,9,84.87,0.443,1,14.74,persuadable,0.58,13.34
4367,control,63,9,117.22,0.44,0,0.0,persuadable,0.58,13.34
4368,treatment,144,3,22.92,0.089,0,0.0,lost_cause,0.02,0.18
4369,treatment,69,6,269.08,0.391,0,0.0,persuadable,0.58,13.34
4370,control,98,7,111.23,0.149,0,0.0,persuadable,0.58,13.34
4371,control,138,1,72.87,0.198,0,0.0,lost_cause,0.02,0.18
4372,control,268,2,56.83,0.236,0,0.0,lost_cause,0.02,0.18
4373,control,211,3,67.05,0.177,0,0.0,lost_cause,0.02,0.18
4374,treatment,204,2,49.82,0.22,0,0.0,lost_cause,0.02,0.18
4375,control,80,13,141.44,0.317,1,11.75,persuadable,0.58,13.34
4376,treatment,365,0,60.51,0.196,0,0.0,lost_cause,0.02,0.18
4377,control,139,3,22.65,0.066,0,0.0,lost_cause,0.02,0.18
4378,control,271,0,5.0,0.365,0,0.0,lost_cause,0.02,0.18
4379,control,31,2,197.7,0.338,0,0.0,persuadable,0.58,13.34
4380,control,373,1,66.82,0.256,1,11.74,lost_cause,0.02,0.18
4381,treatment,16,4,196.29,0.51,1,26.02,sure_thing,0.03,0.72
4382,control,165,5,40.13,0.055,0,0.0,lost_cause,0.02,0.18
4383,treatment,0,22,254.14,0.725,1,22.19,sure_thing,0.03,0.72
4384,control,53,5,173.28,0.59,0,0.0,persuadable,0.58,13.34
4385,treatment,42,10,110.81,0.733,1,21.51,persuadable,0.58,13.34
4386,control,1,8,235.5,0.546,1,10.39,persuadable,0.58,13.34
4387,control,400,2,37.77,0.093,0,0.0,lost_cause,0.02,0.18
4388,treatment,270,3,5.0,0.025,0,0.0,lost_cause,0.02,0.18
4389,control,235,3,86.26,0.187,0,0.0,lost_cause,0.02,0.18
4390,treatment,335,3,37.75,0.104,0,0.0,lost_cause,0.02,0.18
4391,control,227,2,40.39,0.0,0,0.0,lost_cause,0.02,0.18
4392,treatment,0,1,144.85,0.621,1,27.56,persuadable,0.58,13.34
4393,treatment,0,3,25.54,0.344,0,0.0,lost_cause,0.02,0.18
4394,treatment,231,2,52.39,0.217,0,0.0,lost_cause,0.02,0.18
4395,treatment,80,9,76.06,0.66,1,17.73,persuadable,0.58,13.34
4396,treatment,11,6,263.97,0.374,1,26.66,persuadable,0.58,13.34
4397,control,39,5,293.93,0.201,1,42.29,sleeping_dog,-0.11,-4.84
4398,treatment,193,1,39.0,0.151,0,0.0,lost_cause,0.02,0.18
4399,treatment,79,3,5.0,0.266,0,0.0,lost_cause,0.02,0.18
4400,treatment,101,1,89.58,0.343,1,20.2,persuadable,0.58,13.34
4401,control,271,2,16.48,0.142,1,6.48,lost_cause,0.02,0.18
4402,treatment,56,5,255.32,0.646,0,0.0,persuadable,0.58,13.34
4403,treatment,159,3,46.29,0.23,0,0.0,lost_cause,0.02,0.18
4404,treatment,130,4,43.82,0.085,0,0.0,lost_cause,0.02,0.18
4405,treatment,12,23,266.16,0.634,1,28.6,sure_thing,0.03,0.72
4406,treatment,1,24,437.17,0.63,0,0.0,sure_thing,0.03,0.72
4407,treatment,19,26,483.87,0.673,1,28.37,sure_thing,0.03,0.72
4408,treatment,0,21,500.69,0.541,1,28.08,sure_thing,0.03,0.72
4409,control,23,16,655.45,0.536,1,23.31,sure_thing,0.03,0.72
4410,treatment,400,4,5.0,0.251,0,0.0,lost_cause,0.02,0.18
4411,control,310,1,43.06,0.025,0,0.0,lost_cause,0.02,0.18
4412,treatment,344,2,29.24,0.355,0,0.0,lost_cause,0.02,0.18
4413,treatment,1,25,563.92,0.533,1,33.45,sure_thing,0.03,0.72
4414,treatment,366,5,5.0,0.191,0,0.0,lost_cause,0.02,0.18
4415,treatment,95,1,48.95,0.228,0,0.0,lost_cause,0.02,0.18
4416,control,374,1,15.56,0.241,0,0.0,lost_cause,0.02,0.18
4417,control,118,1,14.97,0.151,0,0.0,lost_cause,0.02,0.18
4418,treatment,117,1,39.11,0.15,0,0.0,lost_cause,0.02,0.18
4419,control,77,7,114.13,0.65,0,0.0,persuadable,0.58,13.34
4420,control,41,3,168.6,0.114,1,33.08,sleeping_dog,-0.11,-4.84
4421,control,240,1,5.0,0.1,0,0.0,lost_cause,0.02,0.18
4422,control,17,25,293.36,0.507,1,24.35,sure_thing,0.03,0.72
4423,control,179,4,46.6,0.133,0,0.0,lost_cause,0.02,0.18
4424,control,361,1,55.24,0.171,0,0.0,lost_cause,0.02,0.18
4425,treatment,178,2,23.84,0.197,0,0.0,lost_cause,0.02,0.18
4426,treatment,267,0,58.8,0.106,0,0.0,lost_cause,0.02,0.18
4427,treatment,208,5,60.21,0.084,0,0.0,lost_cause,0.02,0.18
4428,control,144,0,5.0,0.243,0,0.0,lost_cause,0.02,0.18
4429,control,21,16,241.26,0.683,1,24.82,sure_thing,0.03,0.72
4430,treatment,186,0,17.58,0.0,0,0.0,lost_cause,0.02,0.18
4431,control,29,4,131.78,0.298,0,0.0,persuadable,0.58,13.34
4432,treatment,79,6,76.54,0.63,1,23.02,persuadable,0.58,13.34
4433,control,172,3,34.37,0.33,0,0.0,lost_cause,0.02,0.18
4434,control,31,10,412.42,0.412,1,26.55,sure_thing,0.03,0.72
4435,treatment,55,5,192.66,0.179,0,0.0,sleeping_dog,-0.11,-4.84
4436,control,224,1,39.59,0.1,0,0.0,lost_cause,0.02,0.18
4437,treatment,15,19,360.88,0.714,1,18.83,sure_thing,0.03,0.72
4438,control,14,26,321.42,0.539,1,29.13,sure_thing,0.03,0.72
4439,control,197,2,9.75,0.186,0,0.0,lost_cause,0.02,0.18
4440,control,285,4,16.39,0.25,0,0.0,lost_cause,0.02,0.18
4441,control,185,0,32.6,0.38,0,0.0,lost_cause,0.02,0.18
4442,control,17,13,666.07,0.545,1,27.02,sure_thing,0.03,0.72
4443,treatment,235,5,46.11,0.087,0,0.0,lost_cause,0.02,0.18
4444,control,355,1,37.6,0.0,0,0.0,lost_cause,0.02,0.18
4445,treatment,85,7,102.33,0.317,1,21.99,persuadable,0.58,13.34
4446,control,253,0,57.37,0.105,0,0.0,lost_cause,0.02,0.18
4447,treatment,400,2,49.53,0.0,0,0.0,lost_cause,0.02,0.18
4448,control,20,6,185.98,0.17,1,25.61,sleeping_dog,-0.11,-4.84
4449,treatment,24,25,504.81,0.47,1,31.0,sure_thing,0.03,0.72
4450,control,15,21,317.2,0.525,1,24.44,sure_thing,0.03,0.72
4451,control,221,1,45.16,0.02,0,0.0,lost_cause,0.02,0.18
4452,control,18,26,432.63,0.385,1,18.16,sure_thing,0.03,0.72
4453,treatment,239,0,30.26,0.0,0,0.0,lost_cause,0.02,0.18
4454,treatment,38,16,358.03,0.31,1,25.64,sure_thing,0.03,0.72
4455,control,265,6,11.84,0.209,0,0.0,lost_cause,0.02,0.18
4456,treatment,314,1,76.98,0.134,0,0.0,lost_cause,0.02,0.18
4457,treatment,63,11,112.81,0.427,1,28.09,persuadable,0.58,13.34
4458,control,24,19,295.4,0.491,1,12.32,sure_thing,0.03,0.72
4459,control,24,8,198.05,0.151,0,0.0,sleeping_dog,-0.11,-4.84
4460,treatment,280,0,15.22,0.138,0,0.0,lost_cause,0.02,0.18
4461,control,209,2,24.36,0.216,0,0.0,lost_cause,0.02,0.18
4462,control,194,4,41.69,0.194,0,0.0,lost_cause,0.02,0.18
4463,control,176,3,15.96,0.009,0,0.0,lost_cause,0.02,0.18
4464,control,212,2,43.4,0.216,0,0.0,lost_cause,0.02,0.18
4465,control,77,1,23.33,0.089,0,0.0,lost_cause,0.02,0.18
4466,control,103,2,36.91,0.018,0,0.0,lost_cause,0.02,0.18
4467,treatment,109,0,72.63,0.106,0,0.0,lost_cause,0.02,0.18
4468,treatment,40,10,121.87,0.462,1,19.53,persuadable,0.58,13.34
4469,control,337,3,37.29,0.02,0,0.0,lost_cause,0.02,0.18
4470,treatment,58,9,141.94,0.464,0,0.0,persuadable,0.58,13.34
4471,control,234,2,36.94,0.063,1,7.92,lost_cause,0.02,0.18
4472,control,302,4,58.59,0.0,0,0.0,lost_cause,0.02,0.18
4473,control,68,4,105.42,0.137,0,0.0,sleeping_dog,-0.11,-4.84
4474,control,191,0,43.97,0.069,0,0.0,lost_cause,0.02,0.18
4475,control,240,5,48.5,0.124,0,0.0,lost_cause,0.02,0.18
4476,control,13,15,304.37,0.52,0,0.0,sure_thing,0.03,0.72
4477,treatment,138,4,8.9,0.094,1,12.3,lost_cause,0.02,0.18
4478,treatment,39,3,21.73,0.231,0,0.0,lost_cause,0.02,0.18
4479,control,25,17,681.94,0.418,0,0.0,sure_thing,0.03,0.72
4480,treatment,17,18,449.11,0.517,1,18.36,sure_thing,0.03,0.72
4481,control,188,2,56.38,0.102,0,0.0,lost_cause,0.02,0.18
4482,treatment,16,15,400.08,0.632,1,18.58,sure_thing,0.03,0.72
4483,treatment,16,12,482.15,0.63,1,21.24,sure_thing,0.03,0.72
4484,control,102,5,118.4,0.46,0,0.0,persuadable,0.58,13.34
4485,treatment,166,3,27.08,0.1,0,0.0,lost_cause,0.02,0.18
4486,control,156,2,27.91,0.231,0,0.0,lost_cause,0.02,0.18
4487,treatment,0,20,344.02,0.492,1,13.51,sure_thing,0.03,0.72
4488,control,88,4,74.76,0.215,1,6.94,lost_cause,0.02,0.18
4489,control,58,4,118.23,0.41,0,0.0,persuadable,0.58,13.34
4490,treatment,31,1,202.38,0.0,1,46.89,sleeping_dog,-0.11,-4.84
4491,control,262,2,28.87,0.17,0,0.0,lost_cause,0.02,0.18
4492,control,124,13,119.65,0.483,0,0.0,persuadable,0.58,13.34
4493,control,279,1,58.78,0.135,0,0.0,lost_cause,0.02,0.18
4494,treatment,10,5,232.35,0.147,0,0.0,sleeping_dog,-0.11,-4.84
4495,control,258,2,40.41,0.068,0,0.0,lost_cause,0.02,0.18
4496,control,306,1,35.15,0.0,0,0.0,lost_cause,0.02,0.18
4497,treatment,137,3,41.58,0.177,0,0.0,lost_cause,0.02,0.18
4498,control,14,21,588.91,0.594,0,0.0,sure_thing,0.03,0.72
4499,control,262,2,31.8,0.253,0,0.0,lost_cause,0.02,0.18
4500,control,40,5,164.82,0.261,1,33.17,sleeping_dog,-0.11,-4.84
4501,treatment,13,14,579.03,0.637,1,22.16,sure_thing,0.03,0.72
4502,control,25,4,618.67,0.53,1,24.76,sure_thing,0.03,0.72
4503,control,26,11,153.59,0.374,1,32.01,sure_thing,0.03,0.72
4504,control,205,1,13.75,0.264,0,0.0,lost_cause,0.02,0.18
4505,control,16,8,121.91,0.428,0,0.0,persuadable,0.58,13.34
4506,treatment,91,5,81.96,0.472,1,13.29,persuadable,0.58,13.34
4507,control,168,6,55.2,0.381,0,0.0,lost_cause,0.02,0.18
4508,control,212,2,34.34,0.154,0,0.0,lost_cause,0.02,0.18
4509,control,126,4,64.89,0.172,0,0.0,lost_cause,0.02,0.18
4510,treatment,181,1,40.52,0.166,0,0.0,lost_cause,0.02,0.18
4511,control,208,3,27.83,0.19,0,0.0,lost_cause,0.02,0.18
4512,treatment,54,1,5.0,0.021,0,0.0,lost_cause,0.02,0.18
4513,control,102,10,88.9,0.407,0,0.0,persuadable,0.58,13.34
4514,treatment,342,3,32.4,0.072,0,0.0,lost_cause,0.02,0.18
4515,treatment,0,12,582.87,0.317,0,0.0,sure_thing,0.03,0.72
4516,control,296,3,50.83,0.155,0,0.0,lost_cause,0.02,0.18
4517,treatment,7,21,252.31,0.774,1,25.78,sure_thing,0.03,0.72
4518,control,7,21,364.25,0.491,0,0.0,sure_thing,0.03,0.72
4519,control,280,5,29.08,0.093,0,0.0,lost_cause,0.02,0.18
4520,control,34,6,95.42,0.063,0,0.0,sleeping_dog,-0.11,-4.84
4521,control,362,0,38.47,0.233,0,0.0,lost_cause,0.02,0.18
4522,treatment,269,2,5.0,0.023,0,0.0,lost_cause,0.02,0.18
4523,control,82,9,190.76,0.117,0,0.0,persuadable,0.58,13.34
4524,treatment,263,4,45.12,0.311,0,0.0,lost_cause,0.02,0.18
4525,treatment,88,6,163.91,0.408,1,20.35,persuadable,0.58,13.34
4526,control,355,0,30.65,0.008,0,0.0,lost_cause,0.02,0.18
4527,control,168,3,7.33,0.136,0,0.0,lost_cause,0.02,0.18
4528,control,15,16,463.56,0.678,1,28.23,sure_thing,0.03,0.72
4529,treatment,56,8,93.13,0.685,1,19.84,persuadable,0.58,13.34
4530,control,58,12,101.08,0.222,0,0.0,persuadable,0.58,13.34
4531,treatment,93,2,63.22,0.0,0,0.0,lost_cause,0.02,0.18
4532,control,9,21,393.31,0.257,0,0.0,sure_thing,0.03,0.72
4533,control,293,3,45.68,0.177,0,0.0,lost_cause,0.02,0.18
4534,treatment,20,17,400.73,0.4,1,25.03,sure_thing,0.03,0.72
4535,control,189,1,34.97,0.209,0,0.0,lost_cause,0.02,0.18
4536,control,32,2,170.7,0.538,0,0.0,persuadable,0.58,13.34
4537,control,21,5,119.05,0.201,0,0.0,persuadable,0.58,13.34
4538,treatment,301,1,31.34,0.164,0,0.0,lost_cause,0.02,0.18
4539,treatment,268,0,27.68,0.046,0,0.0,lost_cause,0.02,0.18
4540,control,149,1,30.94,0.244,1,8.42,lost_cause,0.02,0.18
4541,treatment,0,4,89.86,0.057,0,0.0,sleeping_dog,-0.11,-4.84
4542,control,0,22,386.15,0.264,1,28.96,sure_thing,0.03,0.72
4543,control,17,12,357.32,0.626,1,28.42,sure_thing,0.03,0.72
4544,control,41,0,115.77,0.092,1,53.44,sleeping_dog,-0.11,-4.84
4545,treatment,205,2,45.25,0.117,0,0.0,lost_cause,0.02,0.18
4546,treatment,19,4,224.42,0.096,0,0.0,sleeping_dog,-0.11,-4.84
4547,treatment,114,1,31.16,0.036,0,0.0,lost_cause,0.02,0.18
4548,treatment,215,4,42.1,0.181,0,0.0,lost_cause,0.02,0.18
4549,control,196,2,65.31,0.204,1,6.9,lost_cause,0.02,0.18
4550,control,16,15,476.03,0.605,0,0.0,sure_thing,0.03,0.72
4551,control,282,4,41.27,0.254,0,0.0,lost_cause,0.02,0.18
4552,control,42,6,130.37,0.757,0,0.0,persuadable,0.58,13.34
4553,treatment,16,17,626.01,0.323,1,26.68,sure_thing,0.03,0.72
4554,treatment,24,12,457.27,0.522,0,0.0,sure_thing,0.03,0.72
4555,treatment,377,3,48.41,0.139,0,0.0,lost_cause,0.02,0.18
4556,control,0,22,251.59,0.743,0,0.0,sure_thing,0.03,0.72
4557,treatment,1,23,576.11,0.553,0,0.0,sure_thing,0.03,0.72
4558,treatment,235,0,57.35,0.076,0,0.0,lost_cause,0.02,0.18
4559,control,9,9,616.52,0.81,0,0.0,sure_thing,0.03,0.72
4560,control,105,6,216.89,0.106,0,0.0,persuadable,0.58,13.34
4561,control,88,1,132.8,0.186,1,22.52,persuadable,0.58,13.34
4562,control,186,2,34.91,0.117,0,0.0,lost_cause,0.02,0.18
4563,control,221,2,46.28,0.039,0,0.0,lost_cause,0.02,0.18
4564,control,58,6,88.96,0.239,0,0.0,persuadable,0.58,13.34
4565,treatment,203,1,41.41,0.192,0,0.0,lost_cause,0.02,0.18
4566,control,44,3,255.94,0.181,0,0.0,sleeping_dog,-0.11,-4.84
4567,treatment,51,8,143.98,0.618,0,0.0,persuadable,0.58,13.34
4568,treatment,171,3,25.39,0.095,0,0.0,lost_cause,0.02,0.18
4569,control,45,6,104.53,0.499,1,23.45,persuadable,0.58,13.34
4570,treatment,18,27,338.44,0.571,0,0.0,sure_thing,0.03,0.72
4571,treatment,75,5,49.0,0.497,0,0.0,persuadable,0.58,13.34
4572,control,55,6,227.53,0.339,0,0.0,persuadable,0.58,13.34
4573,control,19,13,497.41,0.394,1,23.06,sure_thing,0.03,0.72
4574,treatment,43,4,175.05,0.168,0,0.0,sleeping_dog,-0.11,-4.84
4575,control,232,3,22.65,0.12,0,0.0,lost_cause,0.02,0.18
4576,control,112,2,94.25,0.158,0,0.0,lost_cause,0.02,0.18
4577,control,4,19,424.65,0.58,1,20.75,sure_thing,0.03,0.72
4578,treatment,137,3,32.63,0.211,0,0.0,lost_cause,0.02,0.18
4579,treatment,117,8,57.66,0.5,1,20.56,persuadable,0.58,13.34
4580,treatment,12,16,623.02,0.143,0,0.0,sure_thing,0.03,0.72
4581,treatment,74,6,121.66,0.436,1,29.45,persuadable,0.58,13.34
4582,treatment,55,13,261.13,0.588,1,19.25,persuadable,0.58,13.34
4583,treatment,10,14,411.06,0.266,1,21.7,sure_thing,0.03,0.72
4584,treatment,49,10,214.59,0.293,1,19.8,persuadable,0.58,13.34
4585,treatment,68,7,153.53,0.273,1,22.11,persuadable,0.58,13.34
4586,control,52,7,234.57,0.365,0,0.0,persuadable,0.58,13.34
4587,control,233,1,50.11,0.28,0,0.0,lost_cause,0.02,0.18
4588,treatment,294,1,26.75,0.2,1,10.75,lost_cause,0.02,0.18
4589,treatment,0,16,222.74,0.718,1,18.62,sure_thing,0.03,0.72
4590,treatment,257,4,19.43,0.032,1,9.38,lost_cause,0.02,0.18
4591,control,85,1,213.1,0.487,0,0.0,persuadable,0.58,13.34
4592,control,187,4,5.0,0.272,0,0.0,lost_cause,0.02,0.18
4593,control,96,6,240.68,0.102,1,18.62,persuadable,0.58,13.34
4594,treatment,310,3,34.3,0.366,0,0.0,lost_cause,0.02,0.18
4595,treatment,25,26,396.8,0.726,1,19.34,sure_thing,0.03,0.72
4596,treatment,21,11,143.13,0.349,0,0.0,persuadable,0.58,13.34
4597,control,9,6,157.93,0.348,0,0.0,persuadable,0.58,13.34
4598,treatment,239,4,72.4,0.162,0,0.0,lost_cause,0.02,0.18
4599,treatment,21,15,300.28,0.764,1,24.09,sure_thing,0.03,0.72
4600,treatment,21,17,463.08,0.713,1,22.49,sure_thing,0.03,0.72
4601,treatment,363,2,39.8,0.132,0,0.0,lost_cause,0.02,0.18
4602,control,0,23,334.53,0.638,1,22.52,sure_thing,0.03,0.72
4603,treatment,15,0,162.79,0.162,0,0.0,sleeping_dog,-0.11,-4.84
4604,treatment,39,13,283.2,0.516,1,24.65,persuadable,0.58,13.34
4605,treatment,256,2,16.31,0.025,0,0.0,lost_cause,0.02,0.18
4606,treatment,10,19,430.49,0.532,1,26.5,sure_thing,0.03,0.72
4607,control,36,6,278.36,0.241,1,37.13,sleeping_dog,-0.11,-4.84
4608,treatment,210,2,50.08,0.115,0,0.0,lost_cause,0.02,0.18
4609,control,41,8,61.11,0.329,1,23.26,persuadable,0.58,13.34
4610,control,82,5,221.79,0.516,0,0.0,persuadable,0.58,13.34
4611,treatment,77,6,145.14,0.366,1,21.65,persuadable,0.58,13.34
4612,control,105,4,44.8,0.033,0,0.0,lost_cause,0.02,0.18
4613,treatment,7,10,98.09,0.326,1,25.08,persuadable,0.58,13.34
4614,control,31,5,232.51,0.161,1,59.13,sleeping_dog,-0.11,-4.84
4615,control,323,4,38.59,0.262,0,0.0,lost_cause,0.02,0.18
4616,treatment,7,13,255.43,0.555,0,0.0,sure_thing,0.03,0.72
4617,treatment,298,2,8.32,0.0,0,0.0,lost_cause,0.02,0.18
4618,control,18,16,548.3,0.683,0,0.0,sure_thing,0.03,0.72
4619,control,28,7,151.52,0.529,0,0.0,persuadable,0.58,13.34
4620,treatment,88,5,113.99,0.246,0,0.0,persuadable,0.58,13.34
4621,control,60,7,75.07,0.278,0,0.0,persuadable,0.58,13.34
4622,control,332,2,32.59,0.085,0,0.0,lost_cause,0.02,0.18
4623,treatment,163,4,59.42,0.203,0,0.0,lost_cause,0.02,0.18
4624,treatment,54,6,178.59,0.308,1,20.19,persuadable,0.58,13.34
4625,control,116,3,34.12,0.03,0,0.0,lost_cause,0.02,0.18
4626,control,332,2,70.22,0.062,0,0.0,lost_cause,0.02,0.18
4627,treatment,211,1,43.2,0.309,0,0.0,lost_cause,0.02,0.18
4628,control,5,0,159.0,0.604,1,19.22,persuadable,0.58,13.34
4629,control,0,2,30.37,0.0,0,0.0,lost_cause,0.02,0.18
4630,control,85,13,110.39,0.494,0,0.0,persuadable,0.58,13.34
4631,treatment,0,12,365.13,0.559,1,13.59,sure_thing,0.03,0.72
4632,control,37,7,221.27,0.489,0,0.0,persuadable,0.58,13.34
4633,treatment,93,7,163.96,0.314,1,26.38,persuadable,0.58,13.34
4634,control,77,1,277.51,0.038,0,0.0,persuadable,0.58,13.34
4635,control,268,2,36.82,0.082,0,0.0,lost_cause,0.02,0.18
4636,treatment,99,2,64.62,0.357,1,8.98,lost_cause,0.02,0.18
4637,control,18,18,343.22,0.412,1,23.01,sure_thing,0.03,0.72
4638,treatment,12,8,318.78,0.425,1,24.15,sure_thing,0.03,0.72
4639,control,12,3,92.88,0.415,0,0.0,persuadable,0.58,13.34
4640,control,69,9,189.35,0.171,0,0.0,persuadable,0.58,13.34
4641,treatment,335,2,5.0,0.233,0,0.0,lost_cause,0.02,0.18
4642,control,307,4,22.28,0.0,1,9.8,lost_cause,0.02,0.18
4643,treatment,29,10,26.99,0.446,1,28.7,persuadable,0.58,13.34
4644,treatment,23,15,515.36,0.408,1,30.66,sure_thing,0.03,0.72
4645,control,37,2,11.47,0.066,0,0.0,lost_cause,0.02,0.18
4646,control,241,2,38.97,0.0,1,11.42,lost_cause,0.02,0.18
4647,control,210,2,48.65,0.202,0,0.0,lost_cause,0.02,0.18
4648,control,265,3,37.3,0.075,0,0.0,lost_cause,0.02,0.18
4649,control,104,3,18.46,0.091,0,0.0,lost_cause,0.02,0.18
4650,treatment,85,3,42.63,0.019,0,0.0,lost_cause,0.02,0.18
4651,treatment,290,3,5.0,0.235,0,0.0,lost_cause,0.02,0.18
4652,treatment,37,1,55.6,0.0,0,0.0,lost_cause,0.02,0.18
4653,control,202,4,24.9,0.0,0,0.0,lost_cause,0.02,0.18
4654,treatment,249,0,67.55,0.186,0,0.0,lost_cause,0.02,0.18
4655,treatment,276,0,23.94,0.002,1,6.79,lost_cause,0.02,0.18
4656,control,241,3,67.03,0.256,1,9.75,lost_cause,0.02,0.18
4657,treatment,65,9,195.87,0.326,1,23.75,persuadable,0.58,13.34
4658,control,42,10,167.03,0.291,0,0.0,persuadable,0.58,13.34
4659,control,400,3,58.83,0.128,0,0.0,lost_cause,0.02,0.18
4660,control,317,1,41.97,0.232,0,0.0,lost_cause,0.02,0.18
4661,control,197,1,5.0,0.147,0,0.0,lost_cause,0.02,0.18
4662,treatment,7,18,568.66,0.753,1,33.61,sure_thing,0.03,0.72
4663,control,198,3,31.56,0.161,0,0.0,lost_cause,0.02,0.18
4664,control,15,16,628.16,0.704,0,0.0,sure_thing,0.03,0.72
4665,control,19,5,231.64,0.38,0,0.0,persuadable,0.58,13.34
4666,treatment,7,17,462.69,0.565,1,36.48,sure_thing,0.03,0.72
4667,control,45,5,93.89,0.3,0,0.0,persuadable,0.58,13.34
4668,control,146,3,47.61,0.124,0,0.0,lost_cause,0.02,0.18
4669,control,228,1,19.68,0.183,0,0.0,lost_cause,0.02,0.18
4670,treatment,398,1,57.69,0.0,0,0.0,lost_cause,0.02,0.18
4671,control,0,14,276.11,0.46,1,22.97,sure_thing,0.03,0.72
4672,control,6,22,483.87,0.797,0,0.0,sure_thing,0.03,0.72
4673,control,273,3,19.69,0.0,0,0.0,lost_cause,0.02,0.18
4674,control,203,4,23.58,0.213,0,0.0,lost_cause,0.02,0.18
4675,control,18,18,288.3,0.346,1,22.81,sure_thing,0.03,0.72
4676,control,105,5,83.97,0.255,0,0.0,lost_cause,0.02,0.18
4677,control,0,2,34.71,0.154,0,0.0,lost_cause,0.02,0.18
4678,control,204,3,19.42,0.034,0,0.0,lost_cause,0.02,0.18
4679,control,42,2,179.63,0.279,0,0.0,sleeping_dog,-0.11,-4.84
4680,treatment,143,1,30.96,0.102,1,9.7,lost_cause,0.02,0.18
4681,treatment,20,8,217.94,0.228,1,28.91,persuadable,0.58,13.34
4682,control,244,2,56.28,0.235,1,6.24,lost_cause,0.02,0.18
4683,control,112,0,11.46,0.195,0,0.0,lost_cause,0.02,0.18
4684,treatment,277,0,32.55,0.028,0,0.0,lost_cause,0.02,0.18
4685,control,190,4,42.3,0.292,0,0.0,lost_cause,0.02,0.18
4686,treatment,0,7,205.08,0.284,1,26.09,persuadable,0.58,13.34
4687,control,156,3,33.07,0.0,0,0.0,lost_cause,0.02,0.18
4688,control,238,1,45.32,0.072,0,0.0,lost_cause,0.02,0.18
4689,control,22,4,207.22,0.148,1,45.54,sleeping_dog,-0.11,-4.84
4690,treatment,72,3,81.78,0.732,0,0.0,persuadable,0.58,13.34
4691,control,168,4,11.98,0.0,0,0.0,lost_cause,0.02,0.18
4692,treatment,207,2,62.49,0.173,0,0.0,lost_cause,0.02,0.18
4693,treatment,21,26,405.31,0.622,1,19.02,sure_thing,0.03,0.72
4694,control,145,1,50.65,0.355,0,0.0,lost_cause,0.02,0.18
4695,control,252,1,65.56,0.132,0,0.0,lost_cause,0.02,0.18
4696,control,61,2,57.67,0.101,0,0.0,lost_cause,0.02,0.18
4697,treatment,22,7,119.32,0.494,1,17.89,persuadable,0.58,13.34
4698,control,201,4,58.16,0.102,0,0.0,lost_cause,0.02,0.18
4699,control,18,5,200.06,0.149,0,0.0,sleeping_dog,-0.11,-4.84
4700,treatment,260,1,28.98,0.126,1,8.26,lost_cause,0.02,0.18
4701,control,287,5,48.28,0.193,0,0.0,lost_cause,0.02,0.18
4702,treatment,258,3,19.22,0.214,0,0.0,lost_cause,0.02,0.18
4703,control,69,6,141.45,0.125,0,0.0,persuadable,0.58,13.34
4704,control,58,9,72.73,0.496,0,0.0,persuadable,0.58,13.34
4705,treatment,325,4,45.9,0.163,0,0.0,lost_cause,0.02,0.18
4706,control,8,21,186.45,0.686,1,16.94,sure_thing,0.03,0.72
4707,treatment,232,2,14.85,0.282,0,0.0,lost_cause,0.02,0.18
4708,treatment,8,17,534.6,0.68,0,0.0,sure_thing,0.03,0.72
4709,control,400,0,56.88,0.0,0,0.0,lost_cause,0.02,0.18
4710,treatment,2,6,223.39,0.12,1,30.17,sleeping_dog,-0.11,-4.84
4711,treatment,164,3,59.73,0.113,1,12.79,lost_cause,0.02,0.18
4712,control,88,3,80.13,0.368,1,17.25,persuadable,0.58,13.34
4713,treatment,31,0,19.69,0.165,0,0.0,lost_cause,0.02,0.18
4714,control,10,18,524.33,0.723,1,38.7,sure_thing,0.03,0.72
4715,treatment,17,4,28.19,0.123,0,0.0,lost_cause,0.02,0.18
4716,control,13,28,318.67,0.526,1,19.25,sure_thing,0.03,0.72
4717,treatment,11,20,450.82,0.631,1,28.24,sure_thing,0.03,0.72
4718,control,7,17,527.36,0.388,1,27.33,sure_thing,0.03,0.72
4719,treatment,42,3,24.74,0.314,0,0.0,lost_cause,0.02,0.18
4720,treatment,207,2,5.0,0.143,0,0.0,lost_cause,0.02,0.18
4721,control,46,4,222.31,0.17,1,52.86,sleeping_dog,-0.11,-4.84
4722,treatment,58,1,32.81,0.019,0,0.0,lost_cause,0.02,0.18
4723,control,79,1,5.0,0.133,0,0.0,lost_cause,0.02,0.18
4724,control,271,3,13.95,0.244,0,0.0,lost_cause,0.02,0.18
4725,control,15,10,448.25,0.59,1,25.61,sure_thing,0.03,0.72
4726,control,19,4,219.17,0.084,0,0.0,sleeping_dog,-0.11,-4.84
4727,treatment,50,1,14.19,0.306,0,0.0,lost_cause,0.02,0.18
4728,control,215,0,39.85,0.163,0,0.0,lost_cause,0.02,0.18
4729,treatment,286,0,50.36,0.229,0,0.0,lost_cause,0.02,0.18
4730,treatment,313,4,46.81,0.176,0,0.0,lost_cause,0.02,0.18
4731,treatment,230,3,21.09,0.133,0,0.0,lost_cause,0.02,0.18
4732,control,85,1,48.4,0.0,0,0.0,lost_cause,0.02,0.18
4733,control,121,1,66.11,0.222,0,0.0,lost_cause,0.02,0.18
4734,treatment,32,8,132.62,0.107,0,0.0,sleeping_dog,-0.11,-4.84
4735,treatment,336,1,5.93,0.039,0,0.0,lost_cause,0.02,0.18
4736,treatment,36,9,315.98,0.582,1,20.44,sure_thing,0.03,0.72
4737,control,350,6,72.99,0.218,0,0.0,lost_cause,0.02,0.18
4738,control,171,0,50.67,0.204,0,0.0,lost_cause,0.02,0.18
4739,control,62,7,241.43,0.257,0,0.0,persuadable,0.58,13.34
4740,treatment,286,1,32.45,0.158,1,6.43,lost_cause,0.02,0.18
4741,control,276,2,33.91,0.304,0,0.0,lost_cause,0.02,0.18
4742,treatment,61,2,141.24,0.024,0,0.0,persuadable,0.58,13.34
4743,control,178,3,23.41,0.166,0,0.0,lost_cause,0.02,0.18
4744,control,302,1,40.19,0.279,0,0.0,lost_cause,0.02,0.18
4745,treatment,41,6,282.57,0.234,1,41.97,sleeping_dog,-0.11,-4.84
4746,treatment,130,3,91.81,0.075,0,0.0,lost_cause,0.02,0.18
4747,treatment,25,11,139.47,0.448,1,30.3,persuadable,0.58,13.34
4748,control,261,2,5.0,0.135,1,10.58,lost_cause,0.02,0.18
4749,treatment,15,23,415.02,0.501,1,22.88,sure_thing,0.03,0.72
4750,control,263,1,35.8,0.398,0,0.0,lost_cause,0.02,0.18
4751,control,196,1,31.24,0.232,0,0.0,lost_cause,0.02,0.18
4752,treatment,4,2,234.18,0.288,1,39.43,sleeping_dog,-0.11,-4.84
4753,treatment,12,5,228.95,0.479,1,23.53,persuadable,0.58,13.34
4754,control,159,2,5.02,0.01,0,0.0,lost_cause,0.02,0.18
4755,treatment,40,8,211.42,0.357,0,0.0,persuadable,0.58,13.34
4756,treatment,347,2,35.2,0.225,0,0.0,lost_cause,0.02,0.18
4757,treatment,138,3,30.03,0.126,0,0.0,lost_cause,0.02,0.18
4758,control,130,4,69.39,0.231,0,0.0,lost_cause,0.02,0.18
4759,control,23,18,625.43,0.491,1,23.43,sure_thing,0.03,0.72
4760,control,53,6,172.39,0.479,0,0.0,persuadable,0.58,13.34
4761,control,63,11,195.35,0.379,1,21.87,persuadable,0.58,13.34
4762,control,8,5,97.07,0.415,0,0.0,persuadable,0.58,13.34
4763,treatment,85,2,32.29,0.018,1,10.78,lost_cause,0.02,0.18
4764,treatment,189,3,54.5,0.216,0,0.0,lost_cause,0.02,0.18
4765,treatment,192,3,29.33,0.183,1,9.47,lost_cause,0.02,0.18
4766,treatment,137,1,23.24,0.159,0,0.0,lost_cause,0.02,0.18
4767,treatment,45,5,315.16,0.13,0,0.0,sleeping_dog,-0.11,-4.84
4768,treatment,309,0,49.0,0.046,0,0.0,lost_cause,0.02,0.18
4769,control,0,11,429.71,0.761,1,28.21,sure_thing,0.03,0.72
4770,treatment,38,6,13.53,0.344,1,24.42,persuadable,0.58,13.34
4771,control,56,10,165.45,0.418,0,0.0,persuadable,0.58,13.34
4772,control,60,6,192.17,0.437,0,0.0,persuadable,0.58,13.34
4773,control,15,17,404.33,0.285,1,19.51,sure_thing,0.03,0.72
4774,control,220,2,18.96,0.136,0,0.0,lost_cause,0.02,0.18
4775,control,53,7,290.49,0.345,1,31.1,persuadable,0.58,13.34
4776,treatment,262,2,34.77,0.294,0,0.0,lost_cause,0.02,0.18
4777,control,106,3,105.66,0.364,0,0.0,persuadable,0.58,13.34
4778,treatment,86,4,37.3,0.288,0,0.0,lost_cause,0.02,0.18
4779,control,7,4,107.76,0.169,0,0.0,sleeping_dog,-0.11,-4.84
4780,control,181,0,26.06,0.077,0,0.0,lost_cause,0.02,0.18
4781,control,45,6,111.0,0.513,0,0.0,persuadable,0.58,13.34
4782,control,101,9,91.14,0.297,0,0.0,persuadable,0.58,13.34
4783,control,349,3,36.64,0.142,0,0.0,lost_cause,0.02,0.18
4784,treatment,115,4,295.38,0.372,1,29.33,persuadable,0.58,13.34
4785,control,4,14,335.77,0.778,1,27.68,sure_thing,0.03,0.72
4786,treatment,29,14,316.12,0.236,0,0.0,sure_thing,0.03,0.72
4787,treatment,304,2,79.57,0.295,0,0.0,lost_cause,0.02,0.18
4788,treatment,252,3,20.58,0.246,0,0.0,lost_cause,0.02,0.18
4789,control,313,4,13.95,0.089,0,0.0,lost_cause,0.02,0.18
4790,treatment,277,3,63.61,0.247,0,0.0,lost_cause,0.02,0.18
4791,treatment,20,10,575.74,0.488,1,29.71,sure_thing,0.03,0.72
4792,treatment,29,10,126.56,0.429,1,36.83,persuadable,0.58,13.34
4793,control,66,5,179.28,0.533,1,18.45,persuadable,0.58,13.34
4794,control,239,3,13.5,0.138,0,0.0,lost_cause,0.02,0.18
4795,treatment,248,3,5.61,0.143,0,0.0,lost_cause,0.02,0.18
4796,treatment,93,1,118.95,0.218,1,23.17,persuadable,0.58,13.34
4797,treatment,45,5,79.46,0.113,0,0.0,sleeping_dog,-0.11,-4.84
4798,treatment,255,0,17.67,0.069,0,0.0,lost_cause,0.02,0.18
4799,treatment,177,2,43.19,0.212,0,0.0,lost_cause,0.02,0.18
4800,treatment,369,1,50.9,0.195,0,0.0,lost_cause,0.02,0.18
4801,treatment,32,5,246.29,0.23,1,53.89,sleeping_dog,-0.11,-4.84
4802,control,400,3,25.56,0.241,0,0.0,lost_cause,0.02,0.18
4803,control,0,6,66.25,0.503,0,0.0,persuadable,0.58,13.34
4804,control,67,8,77.34,0.398,0,0.0,persuadable,0.58,13.34
4805,treatment,228,0,42.5,0.197,0,0.0,lost_cause,0.02,0.18
4806,treatment,24,22,443.08,0.4,1,13.04,sure_thing,0.03,0.72
4807,treatment,211,3,8.7,0.132,1,5.99,lost_cause,0.02,0.18
4808,treatment,11,14,371.97,0.518,1,24.89,sure_thing,0.03,0.72
4809,control,400,2,53.05,0.06,0,0.0,lost_cause,0.02,0.18
4810,treatment,25,11,167.5,0.535,1,28.15,persuadable,0.58,13.34
4811,treatment,16,10,497.68,0.619,1,22.84,sure_thing,0.03,0.72
4812,treatment,38,10,163.16,0.361,1,22.63,persuadable,0.58,13.34
4813,treatment,0,15,280.0,0.327,1,26.94,sure_thing,0.03,0.72
4814,control,255,2,43.29,0.073,0,0.0,lost_cause,0.02,0.18
4815,control,60,4,298.93,0.154,1,29.63,sleeping_dog,-0.11,-4.84
4816,control,267,1,30.65,0.196,0,0.0,lost_cause,0.02,0.18
4817,control,44,5,159.61,0.605,1,23.86,persuadable,0.58,13.34
4818,control,51,4,201.12,0.137,1,35.21,sleeping_dog,-0.11,-4.84
4819,control,96,7,196.57,0.244,1,20.02,persuadable,0.58,13.34
4820,treatment,12,24,365.69,0.815,1,32.45,sure_thing,0.03,0.72
4821,treatment,0,6,455.42,0.353,1,34.78,sure_thing,0.03,0.72
4822,control,67,10,165.95,0.567,0,0.0,persuadable,0.58,13.34
4823,control,257,4,31.89,0.102,1,14.37,lost_cause,0.02,0.18
4824,control,60,11,154.75,0.473,1,24.34,persuadable,0.58,13.34
4825,control,30,5,217.32,0.31,0,0.0,persuadable,0.58,13.34
4826,treatment,58,11,180.19,0.469,1,13.75,persuadable,0.58,13.34
4827,treatment,224,3,60.79,0.187,0,0.0,lost_cause,0.02,0.18
4828,control,19,14,617.49,0.605,1,21.85,sure_thing,0.03,0.72
4829,treatment,185,3,35.73,0.0,0,0.0,lost_cause,0.02,0.18
4830,treatment,287,3,23.79,0.144,0,0.0,lost_cause,0.02,0.18
4831,control,85,1,56.14,0.144,0,0.0,lost_cause,0.02,0.18
4832,control,58,11,97.06,0.433,1,17.35,persuadable,0.58,13.34
4833,control,311,3,9.74,0.101,0,0.0,lost_cause,0.02,0.18
4834,treatment,50,6,38.53,0.365,1,17.49,persuadable,0.58,13.34
4835,treatment,351,3,15.68,0.105,0,0.0,lost_cause,0.02,0.18
4836,treatment,196,1,52.44,0.069,0,0.0,lost_cause,0.02,0.18
4837,control,87,8,230.8,0.199,1,19.99,persuadable,0.58,13.34
4838,control,183,3,19.26,0.0,0,0.0,lost_cause,0.02,0.18
4839,control,392,2,5.14,0.33,0,0.0,lost_cause,0.02,0.18
4840,treatment,45,3,163.84,0.475,1,19.01,persuadable,0.58,13.34
4841,treatment,202,4,5.0,0.12,0,0.0,lost_cause,0.02,0.18
4842,control,24,3,116.1,0.117,0,0.0,sleeping_dog,-0.11,-4.84
4843,control,168,2,34.82,0.212,1,9.48,lost_cause,0.02,0.18
4844,treatment,83,4,220.96,0.381,1,22.22,persuadable,0.58,13.34
4845,treatment,9,26,330.46,0.711,1,25.23,sure_thing,0.03,0.72
4846,control,11,1,201.25,0.076,1,41.16,sleeping_dog,-0.11,-4.84
4847,control,301,2,31.54,0.336,0,0.0,lost_cause,0.02,0.18
4848,treatment,70,7,142.55,0.526,0,0.0,persuadable,0.58,13.34
4849,treatment,119,1,13.69,0.125,1,8.2,lost_cause,0.02,0.18
4850,control,31,1,40.22,0.229,0,0.0,lost_cause,0.02,0.18
4851,control,0,23,421.49,0.653,0,0.0,sure_thing,0.03,0.72
4852,treatment,0,22,477.2,0.614,1,27.48,sure_thing,0.03,0.72
4853,control,0,10,308.76,0.573,1,22.67,sure_thing,0.03,0.72
4854,control,16,17,517.83,0.497,1,21.56,sure_thing,0.03,0.72
4855,treatment,217,3,7.13,0.354,1,8.07,lost_cause,0.02,0.18
4856,treatment,171,4,5.0,0.242,0,0.0,lost_cause,0.02,0.18
4857,treatment,47,7,163.54,0.435,0,0.0,persuadable,0.58,13.34
4858,treatment,16,15,315.27,0.504,1,12.3,sure_thing,0.03,0.72
4859,treatment,0,15,411.54,0.509,1,24.91,sure_thing,0.03,0.72
4860,control,4,20,343.61,0.381,1,24.24,sure_thing,0.03,0.72
4861,treatment,0,7,93.87,0.501,1,16.12,persuadable,0.58,13.34
4862,treatment,147,0,35.11,0.118,0,0.0,lost_cause,0.02,0.18
4863,control,65,4,282.48,0.414,1,25.06,persuadable,0.58,13.34
4864,treatment,151,1,5.0,0.063,0,0.0,lost_cause,0.02,0.18
4865,treatment,24,9,710.61,0.458,1,23.4,sure_thing,0.03,0.72
4866,control,16,1,25.99,0.041,1,63.23,sleeping_dog,-0.11,-4.84
4867,treatment,162,2,25.69,0.121,0,0.0,lost_cause,0.02,0.18
4868,control,67,11,116.17,0.44,0,0.0,persuadable,0.58,13.34
4869,treatment,190,3,45.22,0.264,0,0.0,lost_cause,0.02,0.18
4870,control,13,1,5.0,0.476,0,0.0,lost_cause,0.02,0.18
4871,control,286,1,5.0,0.072,1,8.23,lost_cause,0.02,0.18
4872,treatment,13,18,211.83,0.583,1,26.04,sure_thing,0.03,0.72
4873,control,186,2,40.07,0.144,0,0.0,lost_cause,0.02,0.18
4874,control,17,5,231.45,0.07,0,0.0,sleeping_dog,-0.11,-4.84
4875,treatment,183,3,43.91,0.282,0,0.0,lost_cause,0.02,0.18
4876,control,188,3,73.75,0.1,0,0.0,lost_cause,0.02,0.18
4877,treatment,290,1,27.49,0.288,0,0.0,lost_cause,0.02,0.18
4878,treatment,243,3,31.11,0.289,0,0.0,lost_cause,0.02,0.18
4879,control,400,2,11.63,0.113,0,0.0,lost_cause,0.02,0.18
4880,treatment,23,2,53.73,0.191,0,0.0,lost_cause,0.02,0.18
4881,treatment,290,3,60.76,0.239,0,0.0,lost_cause,0.02,0.18
4882,treatment,303,2,26.84,0.017,0,0.0,lost_cause,0.02,0.18
4883,control,16,20,503.32,0.883,1,22.92,sure_thing,0.03,0.72
4884,treatment,0,3,39.88,0.118,1,8.02,lost_cause,0.02,0.18
4885,control,32,9,137.2,0.21,0,0.0,persuadable,0.58,13.34
4886,treatment,266,3,61.49,0.079,0,0.0,lost_cause,0.02,0.18
4887,control,205,1,34.7,0.05,0,0.0,lost_cause,0.02,0.18
4888,treatment,203,1,66.79,0.273,0,0.0,lost_cause,0.02,0.18
4889,treatment,214,2,61.59,0.114,0,0.0,lost_cause,0.02,0.18
4890,control,70,7,38.29,0.204,1,20.86,persuadable,0.58,13.34
4891,treatment,17,9,426.48,0.52,1,21.68,sure_thing,0.03,0.72
4892,treatment,250,2,31.92,0.139,0,0.0,lost_cause,0.02,0.18
4893,control,180,4,24.43,0.213,0,0.0,lost_cause,0.02,0.18
4894,treatment,58,8,151.55,0.517,0,0.0,persuadable,0.58,13.34
4895,treatment,44,1,207.24,0.314,0,0.0,persuadable,0.58,13.34
4896,control,22,9,602.82,0.636,1,25.0,sure_thing,0.03,0.72
4897,control,63,6,128.52,0.366,0,0.0,persuadable,0.58,13.34
4898,control,150,3,21.79,0.245,0,0.0,lost_cause,0.02,0.18
4899,control,69,5,131.54,0.576,0,0.0,persuadable,0.58,13.34
4900,control,301,2,13.92,0.145,0,0.0,lost_cause,0.02,0.18
4901,treatment,21,21,611.66,0.24,1,22.58,sure_thing,0.03,0.72
4902,control,215,0,72.21,0.162,0,0.0,lost_cause,0.02,0.18
4903,control,39,18,175.59,0.399,1,21.61,sure_thing,0.03,0.72
4904,treatment,290,1,27.3,0.267,0,0.0,lost_cause,0.02,0.18
4905,control,400,3,19.0,0.131,0,0.0,lost_cause,0.02,0.18
4906,treatment,4,18,356.77,0.482,0,0.0,sure_thing,0.03,0.72
4907,control,3,1,198.29,0.142,0,0.0,sleeping_dog,-0.11,-4.84
4908,treatment,92,0,10.52,0.212,0,0.0,lost_cause,0.02,0.18
4909,control,134,0,22.03,0.132,1,9.74,lost_cause,0.02,0.18
4910,control,150,3,49.39,0.21,1,11.3,lost_cause,0.02,0.18
4911,control,9,14,468.48,0.727,1,23.66,sure_thing,0.03,0.72
4912,treatment,62,6,126.38,0.253,1,22.06,persuadable,0.58,13.34
4913,control,205,3,42.08,0.175,0,0.0,lost_cause,0.02,0.18
4914,treatment,364,1,5.0,0.268,0,0.0,lost_cause,0.02,0.18
4915,control,254,2,39.79,0.167,0,0.0,lost_cause,0.02,0.18
4916,treatment,0,7,170.52,0.05,1,50.06,sleeping_dog,-0.11,-4.84
4917,control,312,1,45.61,0.16,0,0.0,lost_cause,0.02,0.18
4918,treatment,384,2,48.42,0.012,0,0.0,lost_cause,0.02,0.18
4919,control,57,7,148.75,0.065,0,0.0,persuadable,0.58,13.34
4920,control,1,1,140.82,0.014,1,47.62,sleeping_dog,-0.11,-4.84
4921,control,95,11,178.17,0.461,0,0.0,persuadable,0.58,13.34
4922,control,35,3,60.49,0.0,0,0.0,lost_cause,0.02,0.18
4923,control,182,3,44.18,0.358,0,0.0,lost_cause,0.02,0.18
4924,control,13,20,406.58,0.518,1,29.45,sure_thing,0.03,0.72
4925,control,87,6,81.18,0.361,0,0.0,persuadable,0.58,13.34
4926,control,86,3,149.52,0.618,0,0.0,persuadable,0.58,13.34
4927,treatment,152,5,83.84,0.252,0,0.0,lost_cause,0.02,0.18
4928,control,6,12,326.76,0.383,1,19.03,sure_thing,0.03,0.72
4929,control,53,7,85.42,0.499,0,0.0,persuadable,0.58,13.34
4930,control,15,18,574.08,0.505,1,22.91,sure_thing,0.03,0.72
4931,control,6,19,490.77,0.571,1,24.89,sure_thing,0.03,0.72
4932,treatment,26,3,158.79,0.107,1,39.5,sleeping_dog,-0.11,-4.84
4933,treatment,21,3,228.11,0.082,0,0.0,sleeping_dog,-0.11,-4.84
4934,control,75,4,214.58,0.326,0,0.0,persuadable,0.58,13.34
4935,treatment,33,25,426.77,0.367,1,22.25,sure_thing,0.03,0.72
4936,treatment,251,4,20.53,0.0,0,0.0,lost_cause,0.02,0.18
4937,treatment,121,3,58.2,0.324,0,0.0,lost_cause,0.02,0.18
4938,treatment,360,2,18.96,0.024,0,0.0,lost_cause,0.02,0.18
4939,control,16,15,457.61,0.285,0,0.0,sure_thing,0.03,0.72
4940,treatment,0,11,26.58,0.494,1,28.84,persuadable,0.58,13.34
4941,treatment,100,13,49.54,0.193,1,27.37,persuadable,0.58,13.34
4942,control,35,10,169.8,0.279,0,0.0,persuadable,0.58,13.34
4943,treatment,168,4,24.29,0.172,0,0.0,lost_cause,0.02,0.18
4944,treatment,144,3,70.15,0.264,0,0.0,lost_cause,0.02,0.18
4945,control,119,3,54.12,0.349,1,13.67,lost_cause,0.02,0.18
4946,treatment,11,8,463.77,0.634,1,16.98,sure_thing,0.03,0.72
4947,treatment,14,3,172.88,0.058,1,42.34,sleeping_dog,-0.11,-4.84
4948,control,53,5,219.61,0.181,0,0.0,persuadable,0.58,13.34
4949,treatment,95,3,21.2,0.327,0,0.0,lost_cause,0.02,0.18
4950,treatment,209,2,45.21,0.186,0,0.0,lost_cause,0.02,0.18
4951,control,56,10,188.73,0.421,0,0.0,persuadable,0.58,13.34
4952,treatment,42,3,5.0,0.335,1,30.26,persuadable,0.58,13.34
4953,control,62,8,132.62,0.468,0,0.0,persuadable,0.58,13.34
4954,treatment,160,1,5.0,0.144,0,0.0,lost_cause,0.02,0.18
4955,treatment,241,3,19.4,0.114,1,7.77,lost_cause,0.02,0.18
4956,treatment,18,15,340.38,0.598,0,0.0,sure_thing,0.03,0.72
4957,treatment,53,7,164.88,0.446,1,28.94,persuadable,0.58,13.34
4958,treatment,169,2,19.27,0.057,0,0.0,lost_cause,0.02,0.18
4959,treatment,254,1,5.0,0.067,0,0.0,lost_cause,0.02,0.18
4960,control,231,3,46.28,0.009,0,0.0,lost_cause,0.02,0.18
4961,control,311,1,7.94,0.199,0,0.0,lost_cause,0.02,0.18
4962,control,278,0,31.79,0.15,0,0.0,lost_cause,0.02,0.18
4963,treatment,57,0,139.65,0.291,0,0.0,persuadable,0.58,13.34
4964,treatment,0,20,643.11,0.421,1,28.64,sure_thing,0.03,0.72
4965,control,17,15,520.57,0.48,1,29.76,sure_thing,0.03,0.72
4966,control,164,5,62.03,0.049,0,0.0,lost_cause,0.02,0.18
4967,control,324,3,46.51,0.304,0,0.0,lost_cause,0.02,0.18
4968,treatment,55,7,196.79,0.437,1,21.48,persuadable,0.58,13.34
4969,treatment,19,19,578.62,0.652,1,25.5,sure_thing,0.03,0.72
4970,control,161,2,19.77,0.0,0,0.0,lost_cause,0.02,0.18
4971,treatment,11,22,448.09,0.665,1,26.78,sure_thing,0.03,0.72
4972,control,54,4,123.07,0.162,1,42.67,sleeping_dog,-0.11,-4.84
4973,treatment,131,3,25.62,0.177,0,0.0,lost_cause,0.02,0.18
4974,treatment,7,5,103.24,0.081,0,0.0,sleeping_dog,-0.11,-4.84
4975,treatment,291,2,42.38,0.135,0,0.0,lost_cause,0.02,0.18
4976,control,99,1,7.0,0.094,0,0.0,lost_cause,0.02,0.18
4977,treatment,28,2,90.5,0.223,0,0.0,sleeping_dog,-0.11,-4.84
4978,control,45,5,200.36,0.307,1,53.74,sleeping_dog,-0.11,-4.84
4979,control,151,1,44.97,0.0,0,0.0,lost_cause,0.02,0.18
4980,control,81,12,112.18,0.436,0,0.0,persuadable,0.58,13.34
4981,treatment,0,15,527.07,0.463,1,25.38,sure_thing,0.03,0.72
4982,treatment,75,0,44.61,0.2,0,0.0,lost_cause,0.02,0.18
4983,treatment,57,4,217.4,0.356,0,0.0,persuadable,0.58,13.34
4984,treatment,13,21,345.37,0.461,0,0.0,sure_thing,0.03,0.72
4985,control,77,3,62.92,0.198,0,0.0,lost_cause,0.02,0.18
4986,control,9,18,357.39,0.404,1,23.7,sure_thing,0.03,0.72
4987,control,0,15,165.2,0.285,1,29.17,persuadable,0.58,13.34
4988,treatment,11,10,449.0,0.424,0,0.0,sure_thing,0.03,0.72
4989,treatment,21,17,318.69,0.289,1,27.43,sure_thing,0.03,0.72
4990,control,95,1,222.95,0.432,0,0.0,persuadable,0.58,13.34
4991,control,238,4,37.23,0.054,0,0.0,lost_cause,0.02,0.18
4992,treatment,128,4,37.43,0.259,0,0.0,lost_cause,0.02,0.18
4993,treatment,362,2,5.0,0.109,0,0.0,lost_cause,0.02,0.18
4994,treatment,10,16,574.62,0.473,1,21.98,sure_thing,0.03,0.72
4995,treatment,341,4,39.96,0.217,0,0.0,lost_cause,0.02,0.18
4996,control,80,6,116.59,0.41,0,0.0,persuadable,0.58,13.34
4997,control,0,7,45.2,0.304,0,0.0,sleeping_dog,-0.11,-4.84
4998,control,243,2,54.61,0.1,0,0.0,lost_cause,0.02,0.18
4999,control,151,4,37.46,0.109,0,0.0,lost_cause,0.02,0.18
5000,treatment,209,4,31.89,0.118,0,0.0,lost_cause,0.02,0.18
5001,treatment,39,26,593.26,0.488,1,30.77,sure_thing,0.03,0.72
5002,control,79,7,172.97,0.342,0,0.0,persuadable,0.58,13.34
5003,treatment,19,20,304.21,0.698,1,28.09,sure_thing,0.03,0.72
5004,control,188,2,25.04,0.193,0,0.0,lost_cause,0.02,0.18
5005,control,20,20,432.82,0.078,1,26.87,sure_thing,0.03,0.72
5006,control,312,2,21.32,0.118,0,0.0,lost_cause,0.02,0.18
5007,control,18,12,419.64,0.625,1,36.1,sure_thing,0.03,0.72
5008,treatment,40,2,36.74,0.301,0,0.0,lost_cause,0.02,0.18
5009,control,33,18,499.06,0.718,1,13.23,sure_thing,0.03,0.72
5010,treatment,9,21,474.27,0.616,1,28.65,sure_thing,0.03,0.72
5011,treatment,2,8,298.09,0.295,1,24.69,sure_thing,0.03,0.72
5012,control,16,16,382.5,0.279,1,34.94,sure_thing,0.03,0.72
5013,control,16,11,654.52,0.442,0,0.0,sure_thing,0.03,0.72
5014,control,83,6,198.52,0.523,1,17.22,persuadable,0.58,13.34
5015,control,196,1,6.24,0.18,0,0.0,lost_cause,0.02,0.18
5016,treatment,33,11,79.95,0.511,1,17.4,persuadable,0.58,13.34
5017,control,0,18,511.92,0.516,0,0.0,sure_thing,0.03,0.72
5018,control,28,17,428.98,0.443,1,19.26,sure_thing,0.03,0.72
5019,control,218,2,48.45,0.101,0,0.0,lost_cause,0.02,0.18
5020,control,247,4,28.83,0.049,0,0.0,lost_cause,0.02,0.18
5021,treatment,18,12,188.79,0.541,1,23.56,persuadable,0.58,13.34
5022,control,43,5,220.7,0.264,1,11.85,persuadable,0.58,13.34
5023,treatment,32,5,166.66,0.0,1,56.12,sleeping_dog,-0.11,-4.84
5024,control,35,21,284.39,0.589,1,7.45,sure_thing,0.03,0.72
5025,control,27,2,103.62,0.666,0,0.0,persuadable,0.58,13.34
5026,control,121,7,144.42,0.439,0,0.0,persuadable,0.58,13.34
5027,treatment,17,25,728.34,0.584,1,31.26,sure_thing,0.03,0.72
5028,control,46,5,53.02,0.426,0,0.0,persuadable,0.58,13.34
5029,treatment,94,9,188.35,0.373,0,0.0,persuadable,0.58,13.34
5030,control,273,4,44.55,0.0,0,0.0,lost_cause,0.02,0.18
5031,control,175,1,29.37,0.29,0,0.0,lost_cause,0.02,0.18
5032,control,266,2,33.7,0.324,0,0.0,lost_cause,0.02,0.18
5033,control,21,18,393.35,0.536,1,24.07,sure_thing,0.03,0.72
5034,control,3,16,491.39,0.361,0,0.0,sure_thing,0.03,0.72
5035,control,0,21,532.29,0.435,1,29.57,sure_thing,0.03,0.72
5036,control,50,7,154.44,0.382,1,18.78,persuadable,0.58,13.34
5037,control,68,9,130.53,0.428,0,0.0,persuadable,0.58,13.34
5038,treatment,104,5,10.1,0.199,0,0.0,lost_cause,0.02,0.18
5039,treatment,311,1,75.37,0.174,0,0.0,lost_cause,0.02,0.18
5040,control,38,8,129.61,0.543,0,0.0,persuadable,0.58,13.34
5041,treatment,64,12,142.24,0.562,1,17.7,persuadable,0.58,13.34
5042,control,244,2,56.17,0.052,0,0.0,lost_cause,0.02,0.18
5043,control,8,12,435.74,0.377,1,29.64,sure_thing,0.03,0.72
5044,treatment,199,5,38.6,0.213,0,0.0,lost_cause,0.02,0.18
5045,control,21,17,487.43,0.419,1,18.64,sure_thing,0.03,0.72
5046,treatment,41,6,187.81,0.024,1,40.59,sleeping_dog,-0.11,-4.84
5047,control,310,2,13.91,0.112,0,0.0,lost_cause,0.02,0.18
5048,treatment,78,6,225.7,0.257,1,22.98,persuadable,0.58,13.34
5049,control,1,13,165.79,0.528,1,17.15,sure_thing,0.03,0.72
5050,treatment,0,5,206.71,0.107,0,0.0,sleeping_dog,-0.11,-4.84
5051,control,49,3,49.47,0.413,0,0.0,persuadable,0.58,13.34
5052,treatment,146,3,74.03,0.223,0,0.0,lost_cause,0.02,0.18
5053,treatment,7,20,457.23,0.688,1,22.6,sure_thing,0.03,0.72
5054,treatment,36,4,78.27,0.344,1,24.79,persuadable,0.58,13.34
5055,treatment,58,2,44.84,0.089,0,0.0,lost_cause,0.02,0.18
5056,treatment,68,4,202.31,0.173,0,0.0,persuadable,0.58,13.34
5057,control,255,0,31.0,0.427,0,0.0,lost_cause,0.02,0.18
5058,control,218,3,21.24,0.189,0,0.0,lost_cause,0.02,0.18
5059,control,180,0,32.7,0.118,0,0.0,lost_cause,0.02,0.18
5060,treatment,149,0,61.38,0.233,0,0.0,lost_cause,0.02,0.18
5061,treatment,21,6,126.31,0.183,0,0.0,sleeping_dog,-0.11,-4.84
5062,treatment,251,4,17.63,0.101,0,0.0,lost_cause,0.02,0.18
5063,treatment,289,3,32.54,0.052,0,0.0,lost_cause,0.02,0.18
5064,treatment,23,19,222.77,0.634,1,17.32,sure_thing,0.03,0.72
5065,treatment,9,9,527.38,0.571,1,22.76,sure_thing,0.03,0.72
5066,treatment,42,3,229.25,0.058,1,38.55,sleeping_dog,-0.11,-4.84
5067,treatment,15,9,239.51,0.358,1,23.67,sure_thing,0.03,0.72
5068,control,3,13,218.3,0.361,0,0.0,persuadable,0.58,13.34
5069,treatment,128,2,33.77,0.147,1,9.54,lost_cause,0.02,0.18
5070,control,1,23,439.19,0.465,1,29.07,sure_thing,0.03,0.72
5071,control,84,4,46.64,0.109,0,0.0,lost_cause,0.02,0.18
5072,control,55,7,7.78,0.425,0,0.0,persuadable,0.58,13.34
5073,control,23,19,652.09,0.551,0,0.0,sure_thing,0.03,0.72
5074,control,271,4,57.3,0.28,0,0.0,lost_cause,0.02,0.18
5075,treatment,45,3,164.59,0.416,1,9.33,persuadable,0.58,13.34
5076,control,19,18,323.11,0.446,1,24.17,sure_thing,0.03,0.72
5077,treatment,9,21,533.11,0.423,1,28.75,sure_thing,0.03,0.72
5078,treatment,113,3,36.62,0.279,0,0.0,lost_cause,0.02,0.18
5079,treatment,36,4,155.24,0.22,0,0.0,persuadable,0.58,13.34
5080,treatment,1,16,374.6,0.652,0,0.0,sure_thing,0.03,0.72
5081,control,46,4,260.71,0.384,1,30.34,persuadable,0.58,13.34
5082,treatment,324,0,42.43,0.29,1,9.52,lost_cause,0.02,0.18
5083,control,15,17,388.68,0.727,1,23.38,sure_thing,0.03,0.72
5084,treatment,337,1,42.07,0.211,0,0.0,lost_cause,0.02,0.18
5085,control,10,21,361.59,0.415,1,26.89,sure_thing,0.03,0.72
5086,control,12,22,375.98,0.726,1,32.17,sure_thing,0.03,0.72
5087,treatment,117,5,170.46,0.298,1,26.23,persuadable,0.58,13.34
5088,control,66,10,116.73,0.598,0,0.0,persuadable,0.58,13.34
5089,control,158,4,19.83,0.359,0,0.0,lost_cause,0.02,0.18
5090,control,51,9,107.08,0.502,0,0.0,persuadable,0.58,13.34
5091,control,400,2,33.8,0.292,0,0.0,lost_cause,0.02,0.18
5092,control,187,4,10.32,0.239,0,0.0,lost_cause,0.02,0.18
5093,treatment,202,1,38.99,0.282,0,0.0,lost_cause,0.02,0.18
5094,control,201,3,34.86,0.22,0,0.0,lost_cause,0.02,0.18
5095,treatment,12,9,113.49,0.494,0,0.0,persuadable,0.58,13.34
5096,control,20,25,560.48,0.545,0,0.0,sure_thing,0.03,0.72
5097,control,250,0,38.18,0.279,0,0.0,lost_cause,0.02,0.18
5098,control,69,5,76.45,0.292,0,0.0,persuadable,0.58,13.34
5099,control,17,3,153.55,0.166,0,0.0,sleeping_dog,-0.11,-4.84
5100,control,16,14,481.23,0.275,0,0.0,sure_thing,0.03,0.72
5101,treatment,9,18,339.07,0.697,0,0.0,sure_thing,0.03,0.72
5102,treatment,60,10,128.1,0.538,0,0.0,persuadable,0.58,13.34
5103,treatment,285,3,21.68,0.021,0,0.0,lost_cause,0.02,0.18
5104,control,31,7,107.31,0.141,1,35.19,sleeping_dog,-0.11,-4.84
5105,treatment,242,3,82.51,0.097,1,8.82,lost_cause,0.02,0.18
5106,treatment,148,4,57.03,0.402,0,0.0,lost_cause,0.02,0.18
5107,treatment,51,5,41.45,0.534,1,16.33,persuadable,0.58,13.34
5108,control,181,0,29.47,0.132,0,0.0,lost_cause,0.02,0.18
5109,treatment,72,0,17.13,0.092,0,0.0,lost_cause,0.02,0.18
5110,treatment,6,14,451.83,0.781,1,23.76,sure_thing,0.03,0.72
5111,control,119,1,34.34,0.131,0,0.0,lost_cause,0.02,0.18
5112,treatment,226,3,29.79,0.149,0,0.0,lost_cause,0.02,0.18
5113,treatment,211,5,34.66,0.22,0,0.0,lost_cause,0.02,0.18
5114,control,159,4,42.11,0.192,0,0.0,lost_cause,0.02,0.18
5115,treatment,22,31,422.97,0.526,1,24.1,sure_thing,0.03,0.72
5116,treatment,28,13,359.19,0.565,1,30.67,sure_thing,0.03,0.72
5117,control,231,0,12.02,0.015,1,6.87,lost_cause,0.02,0.18
5118,control,0,8,157.9,0.48,1,24.28,persuadable,0.58,13.34
5119,treatment,143,1,19.35,0.253,0,0.0,lost_cause,0.02,0.18
5120,control,207,4,35.9,0.31,0,0.0,lost_cause,0.02,0.18
5121,control,41,7,155.85,0.584,0,0.0,persuadable,0.58,13.34
5122,control,215,3,5.0,0.31,0,0.0,lost_cause,0.02,0.18
5123,treatment,299,0,81.66,0.255,0,0.0,lost_cause,0.02,0.18
5124,treatment,302,3,52.6,0.278,0,0.0,lost_cause,0.02,0.18
5125,treatment,120,3,40.82,0.169,0,0.0,lost_cause,0.02,0.18
5126,treatment,175,3,54.07,0.134,0,0.0,lost_cause,0.02,0.18
5127,control,52,2,38.71,0.159,0,0.0,lost_cause,0.02,0.18
5128,treatment,389,3,33.93,0.039,0,0.0,lost_cause,0.02,0.18
5129,control,20,4,43.69,0.098,0,0.0,lost_cause,0.02,0.18
5130,treatment,3,17,384.93,0.578,1,25.19,sure_thing,0.03,0.72
5131,control,203,3,37.31,0.119,0,0.0,lost_cause,0.02,0.18
5132,treatment,70,4,56.84,0.182,0,0.0,lost_cause,0.02,0.18
5133,treatment,214,3,35.07,0.153,0,0.0,lost_cause,0.02,0.18
5134,control,229,3,58.37,0.264,0,0.0,lost_cause,0.02,0.18
5135,treatment,264,2,70.13,0.227,0,0.0,lost_cause,0.02,0.18
5136,treatment,22,28,491.84,0.648,1,28.6,sure_thing,0.03,0.72
5137,control,22,14,68.65,0.302,0,0.0,persuadable,0.58,13.34
5138,treatment,117,3,154.49,0.486,1,16.98,persuadable,0.58,13.34
5139,control,29,15,516.3,0.359,1,23.1,sure_thing,0.03,0.72
5140,treatment,21,7,263.17,0.451,1,27.93,persuadable,0.58,13.34
5141,control,37,8,154.06,0.48,0,0.0,persuadable,0.58,13.34
5142,control,4,24,511.13,0.416,1,36.42,sure_thing,0.03,0.72
5143,treatment,70,13,152.69,0.451,1,12.15,persuadable,0.58,13.34
5144,treatment,154,3,48.6,0.059,1,3.0,lost_cause,0.02,0.18
5145,treatment,55,11,318.67,0.085,0,0.0,persuadable,0.58,13.34
5146,control,2,20,538.75,0.614,1,22.32,sure_thing,0.03,0.72
5147,treatment,55,6,185.26,0.499,0,0.0,persuadable,0.58,13.34
5148,control,49,3,104.38,0.384,0,0.0,persuadable,0.58,13.34
5149,treatment,272,4,37.77,0.103,0,0.0,lost_cause,0.02,0.18
5150,control,68,9,137.01,0.187,0,0.0,persuadable,0.58,13.34
5151,treatment,147,1,10.41,0.0,0,0.0,lost_cause,0.02,0.18
5152,treatment,124,1,23.43,0.253,0,0.0,lost_cause,0.02,0.18
5153,treatment,8,18,458.54,0.544,1,21.03,sure_thing,0.03,0.72
5154,control,10,5,157.34,0.305,0,0.0,persuadable,0.58,13.34
5155,treatment,137,3,13.08,0.238,0,0.0,lost_cause,0.02,0.18
5156,control,23,24,513.15,0.773,1,22.15,sure_thing,0.03,0.72
5157,control,140,3,32.71,0.243,0,0.0,lost_cause,0.02,0.18
5158,control,359,1,54.57,0.132,0,0.0,lost_cause,0.02,0.18
5159,control,289,3,5.0,0.056,0,0.0,lost_cause,0.02,0.18
5160,treatment,0,16,551.9,0.744,1,20.59,sure_thing,0.03,0.72
5161,control,265,5,42.5,0.107,0,0.0,lost_cause,0.02,0.18
5162,control,47,6,133.04,0.392,0,0.0,persuadable,0.58,13.34
5163,treatment,28,0,5.0,0.229,0,0.0,lost_cause,0.02,0.18
5164,treatment,201,3,25.7,0.221,0,0.0,lost_cause,0.02,0.18
5165,treatment,266,3,49.06,0.269,0,0.0,lost_cause,0.02,0.18
5166,treatment,51,2,23.7,0.113,0,0.0,lost_cause,0.02,0.18
5167,treatment,59,9,152.45,0.508,1,25.78,persuadable,0.58,13.34
5168,control,48,2,286.2,0.125,0,0.0,sleeping_dog,-0.11,-4.84
5169,treatment,59,8,176.07,0.461,1,16.5,persuadable,0.58,13.34
5170,treatment,296,2,61.27,0.227,0,0.0,lost_cause,0.02,0.18
5171,control,39,11,212.86,0.495,0,0.0,persuadable,0.58,13.34
5172,treatment,112,3,38.49,0.357,0,0.0,lost_cause,0.02,0.18
5173,treatment,207,2,30.33,0.0,0,0.0,lost_cause,0.02,0.18
5174,control,17,14,692.01,0.628,1,22.58,sure_thing,0.03,0.72
5175,control,231,1,34.78,0.115,0,0.0,lost_cause,0.02,0.18
5176,treatment,198,3,32.54,0.152,0,0.0,lost_cause,0.02,0.18
5177,control,34,5,305.95,0.137,1,51.5,sleeping_dog,-0.11,-4.84
5178,treatment,207,5,41.38,0.222,0,0.0,lost_cause,0.02,0.18
5179,control,54,8,231.73,0.414,0,0.0,persuadable,0.58,13.34
5180,treatment,251,2,8.84,0.097,0,0.0,lost_cause,0.02,0.18
5181,treatment,313,3,32.24,0.256,0,0.0,lost_cause,0.02,0.18
5182,treatment,7,16,476.42,0.459,1,32.3,sure_thing,0.03,0.72
5183,treatment,346,4,19.85,0.006,0,0.0,lost_cause,0.02,0.18
5184,control,331,1,37.07,0.196,1,6.23,lost_cause,0.02,0.18
5185,control,221,2,19.3,0.161,0,0.0,lost_cause,0.02,0.18
5186,treatment,29,1,36.58,0.046,0,0.0,lost_cause,0.02,0.18
5187,control,109,2,72.82,0.178,0,0.0,lost_cause,0.02,0.18
5188,control,166,4,75.54,0.272,0,0.0,lost_cause,0.02,0.18
5189,treatment,31,1,233.24,0.122,0,0.0,sleeping_dog,-0.11,-4.84
5190,treatment,99,12,221.1,0.197,1,22.72,persuadable,0.58,13.34
5191,control,51,9,178.47,0.406,0,0.0,persuadable,0.58,13.34
5192,control,266,1,28.01,0.117,1,11.74,lost_cause,0.02,0.18
5193,treatment,101,4,148.71,0.283,1,23.34,persuadable,0.58,13.34
5194,control,23,20,420.67,0.478,1,25.29,sure_thing,0.03,0.72
5195,treatment,1,21,341.37,0.297,0,0.0,sure_thing,0.03,0.72
5196,control,315,4,36.96,0.053,0,0.0,lost_cause,0.02,0.18
5197,control,175,5,49.82,0.171,0,0.0,lost_cause,0.02,0.18
5198,control,149,1,25.17,0.097,1,9.83,lost_cause,0.02,0.18
5199,treatment,218,2,36.15,0.109,0,0.0,lost_cause,0.02,0.18
5200,control,0,8,138.38,0.533,0,0.0,persuadable,0.58,13.34
5201,treatment,30,16,324.56,0.747,1,20.72,sure_thing,0.03,0.72
5202,control,16,17,513.48,0.243,1,23.54,sure_thing,0.03,0.72
5203,treatment,98,8,181.98,0.659,1,17.45,persuadable,0.58,13.34
5204,treatment,15,9,255.14,0.24,0,0.0,sure_thing,0.03,0.72
5205,treatment,228,3,22.85,0.297,0,0.0,lost_cause,0.02,0.18
5206,control,271,0,50.11,0.209,0,0.0,lost_cause,0.02,0.18
5207,treatment,0,8,171.02,0.484,1,23.55,persuadable,0.58,13.34
5208,control,278,0,16.2,0.254,0,0.0,lost_cause,0.02,0.18
5209,control,190,2,77.45,0.0,0,0.0,lost_cause,0.02,0.18
5210,treatment,14,18,415.05,0.695,1,19.42,sure_thing,0.03,0.72
5211,treatment,64,5,127.79,0.25,0,0.0,persuadable,0.58,13.34
5212,control,0,6,186.56,0.317,0,0.0,persuadable,0.58,13.34
5213,control,61,6,84.96,0.372,0,0.0,persuadable,0.58,13.34
5214,control,80,7,146.11,0.644,0,0.0,persuadable,0.58,13.34
5215,treatment,0,1,15.24,0.041,1,11.35,lost_cause,0.02,0.18
5216,treatment,172,2,35.11,0.057,0,0.0,lost_cause,0.02,0.18
5217,control,33,12,290.15,0.391,1,20.56,sure_thing,0.03,0.72
5218,treatment,0,1,65.14,0.096,0,0.0,lost_cause,0.02,0.18
5219,treatment,73,8,239.63,0.244,1,29.32,persuadable,0.58,13.34
5220,control,194,1,44.09,0.068,1,7.54,lost_cause,0.02,0.18
5221,control,400,1,5.0,0.154,0,0.0,lost_cause,0.02,0.18
5222,control,14,1,138.5,0.144,1,39.57,sleeping_dog,-0.11,-4.84
5223,control,320,2,50.59,0.244,0,0.0,lost_cause,0.02,0.18
5224,control,0,19,564.19,0.427,1,31.66,sure_thing,0.03,0.72
5225,treatment,242,3,36.52,0.29,0,0.0,lost_cause,0.02,0.18
5226,treatment,57,4,155.65,0.187,1,37.67,sleeping_dog,-0.11,-4.84
5227,control,400,2,46.32,0.133,0,0.0,lost_cause,0.02,0.18
5228,control,23,28,464.91,0.673,1,28.23,sure_thing,0.03,0.72
5229,control,78,6,101.97,0.007,0,0.0,persuadable,0.58,13.34
5230,control,116,3,5.0,0.15,1,8.06,lost_cause,0.02,0.18
5231,control,246,0,82.88,0.332,0,0.0,lost_cause,0.02,0.18
5232,treatment,258,4,5.0,0.014,0,0.0,lost_cause,0.02,0.18
5233,treatment,148,4,61.87,0.226,0,0.0,lost_cause,0.02,0.18
5234,control,0,7,77.0,0.552,0,0.0,persuadable,0.58,13.34
5235,treatment,27,26,498.66,0.53,1,17.99,sure_thing,0.03,0.72
5236,treatment,38,11,229.45,0.486,0,0.0,persuadable,0.58,13.34
5237,control,1,23,467.98,0.778,1,18.58,sure_thing,0.03,0.72
5238,treatment,9,19,498.24,0.41,1,29.66,sure_thing,0.03,0.72
5239,control,158,5,11.16,0.199,0,0.0,lost_cause,0.02,0.18
5240,control,272,2,10.82,0.225,0,0.0,lost_cause,0.02,0.18
5241,treatment,22,8,133.27,0.049,0,0.0,sleeping_dog,-0.11,-4.84
5242,control,34,5,148.49,0.013,1,52.22,sleeping_dog,-0.11,-4.84
5243,treatment,233,1,52.83,0.196,0,0.0,lost_cause,0.02,0.18
5244,control,33,7,186.64,0.551,0,0.0,persuadable,0.58,13.34
5245,control,52,5,99.44,0.384,0,0.0,persuadable,0.58,13.34
5246,control,159,3,21.84,0.158,0,0.0,lost_cause,0.02,0.18
5247,treatment,199,0,77.68,0.265,1,6.93,lost_cause,0.02,0.18
5248,control,5,9,276.54,0.301,0,0.0,persuadable,0.58,13.34
5249,treatment,34,7,231.4,0.143,1,39.09,sleeping_dog,-0.11,-4.84
5250,control,19,4,146.41,0.188,0,0.0,sleeping_dog,-0.11,-4.84
5251,treatment,270,2,65.31,0.122,1,6.54,lost_cause,0.02,0.18
5252,treatment,192,2,45.06,0.185,1,5.31,lost_cause,0.02,0.18
5253,treatment,144,2,25.42,0.0,0,0.0,lost_cause,0.02,0.18
5254,control,245,0,26.84,0.269,0,0.0,lost_cause,0.02,0.18
5255,treatment,27,2,118.32,0.061,0,0.0,sleeping_dog,-0.11,-4.84
5256,treatment,199,3,44.44,0.164,0,0.0,lost_cause,0.02,0.18
5257,control,48,4,333.66,0.549,0,0.0,persuadable,0.58,13.34
5258,treatment,222,0,42.83,0.0,1,6.47,lost_cause,0.02,0.18
5259,treatment,32,4,115.59,0.11,1,44.4,sleeping_dog,-0.11,-4.84
5260,control,8,19,399.53,0.444,0,0.0,sure_thing,0.03,0.72
5261,treatment,29,14,127.95,0.372,1,34.58,persuadable,0.58,13.34
5262,treatment,8,18,585.52,0.407,1,25.34,sure_thing,0.03,0.72
5263,control,74,9,89.0,0.374,1,19.38,persuadable,0.58,13.34
5264,treatment,104,2,26.36,0.276,0,0.0,lost_cause,0.02,0.18
5265,treatment,206,2,36.61,0.09,0,0.0,lost_cause,0.02,0.18
5266,treatment,177,0,39.89,0.205,0,0.0,lost_cause,0.02,0.18
5267,control,122,4,191.19,0.606,1,15.76,persuadable,0.58,13.34
5268,control,72,6,203.13,0.012,0,0.0,persuadable,0.58,13.34
5269,control,114,9,132.42,0.476,1,27.07,persuadable,0.58,13.34
5270,control,14,22,248.64,0.564,0,0.0,sure_thing,0.03,0.72
5271,treatment,80,3,56.29,0.182,0,0.0,lost_cause,0.02,0.18
5272,control,3,9,77.39,0.584,0,0.0,persuadable,0.58,13.34
5273,treatment,37,18,403.11,0.676,1,16.35,sure_thing,0.03,0.72
5274,treatment,8,9,342.53,0.68,1,21.95,sure_thing,0.03,0.72
5275,treatment,90,4,95.68,0.281,1,32.35,persuadable,0.58,13.34
5276,treatment,348,2,21.3,0.136,0,0.0,lost_cause,0.02,0.18
5277,treatment,3,19,556.99,0.868,1,20.93,sure_thing,0.03,0.72
5278,treatment,32,26,716.57,0.763,1,27.49,sure_thing,0.03,0.72
5279,treatment,26,6,81.88,0.376,1,24.29,persuadable,0.58,13.34
5280,control,223,5,34.5,0.261,1,3.0,lost_cause,0.02,0.18
5281,treatment,38,6,184.24,0.038,0,0.0,persuadable,0.58,13.34
5282,control,50,9,78.02,0.509,0,0.0,persuadable,0.58,13.34
5283,control,12,15,404.53,0.454,1,25.34,sure_thing,0.03,0.72
5284,treatment,233,5,53.35,0.04,0,0.0,lost_cause,0.02,0.18
5285,treatment,50,2,79.95,0.528,1,8.64,persuadable,0.58,13.34
5286,control,288,1,46.87,0.173,0,0.0,lost_cause,0.02,0.18
5287,treatment,336,0,5.0,0.37,0,0.0,lost_cause,0.02,0.18
5288,treatment,53,7,136.81,0.405,1,20.9,persuadable,0.58,13.34
5289,treatment,1,10,245.19,0.493,1,23.53,sure_thing,0.03,0.72
5290,treatment,302,2,49.47,0.213,0,0.0,lost_cause,0.02,0.18
5291,control,34,12,127.34,0.144,0,0.0,persuadable,0.58,13.34
5292,control,24,18,438.47,0.646,1,21.39,sure_thing,0.03,0.72
5293,treatment,149,3,24.97,0.195,0,0.0,lost_cause,0.02,0.18
5294,control,231,2,57.31,0.01,0,0.0,lost_cause,0.02,0.18
5295,treatment,54,9,79.85,0.414,0,0.0,persuadable,0.58,13.34
5296,control,89,9,108.56,0.448,0,0.0,persuadable,0.58,13.34
5297,control,157,5,27.37,0.138,1,3.92,lost_cause,0.02,0.18
5298,treatment,19,21,480.96,0.739,1,21.42,sure_thing,0.03,0.72
5299,control,15,10,57.0,0.469,0,0.0,persuadable,0.58,13.34
5300,treatment,190,2,13.92,0.146,0,0.0,lost_cause,0.02,0.18
5301,control,246,1,96.45,0.141,0,0.0,lost_cause,0.02,0.18
5302,treatment,318,2,15.37,0.128,0,0.0,lost_cause,0.02,0.18
5303,treatment,28,6,240.69,0.037,0,0.0,sleeping_dog,-0.11,-4.84
5304,treatment,59,4,187.72,0.363,1,15.85,persuadable,0.58,13.34
5305,control,115,2,6.44,0.14,0,0.0,lost_cause,0.02,0.18
5306,control,53,3,210.43,0.416,0,0.0,persuadable,0.58,13.34
5307,treatment,12,21,596.34,0.653,1,26.85,sure_thing,0.03,0.72
5308,treatment,280,4,36.73,0.114,0,0.0,lost_cause,0.02,0.18
5309,control,245,1,52.56,0.027,0,0.0,lost_cause,0.02,0.18
5310,control,118,2,45.88,0.078,0,0.0,lost_cause,0.02,0.18
5311,treatment,400,3,39.05,0.141,0,0.0,lost_cause,0.02,0.18
5312,treatment,201,2,13.48,0.095,0,0.0,lost_cause,0.02,0.18
5313,treatment,319,2,77.92,0.184,0,0.0,lost_cause,0.02,0.18
5314,treatment,56,9,166.94,0.264,1,27.01,persuadable,0.58,13.34
5315,treatment,96,8,270.03,0.234,1,17.02,persuadable,0.58,13.34
5316,treatment,11,23,521.27,0.657,1,24.73,sure_thing,0.03,0.72
5317,control,31,4,100.5,0.22,0,0.0,sleeping_dog,-0.11,-4.84
5318,control,15,13,507.57,0.811,1,23.83,sure_thing,0.03,0.72
5319,control,31,4,140.77,0.055,1,31.21,sleeping_dog,-0.11,-4.84
5320,treatment,89,12,105.46,0.411,1,15.26,persuadable,0.58,13.34
5321,treatment,16,23,502.55,0.509,1,13.83,sure_thing,0.03,0.72
5322,control,11,20,332.58,0.548,0,0.0,sure_thing,0.03,0.72
5323,control,44,4,158.72,0.28,0,0.0,persuadable,0.58,13.34
5324,control,28,13,158.66,0.324,0,0.0,persuadable,0.58,13.34
5325,treatment,87,5,18.75,0.625,1,34.44,persuadable,0.58,13.34
5326,control,206,3,5.0,0.263,0,0.0,lost_cause,0.02,0.18
5327,treatment,245,3,41.11,0.141,0,0.0,lost_cause,0.02,0.18
5328,treatment,291,3,5.0,0.065,0,0.0,lost_cause,0.02,0.18
5329,treatment,95,12,71.6,0.34,1,17.79,persuadable,0.58,13.34
5330,treatment,37,9,132.32,0.416,1,23.87,persuadable,0.58,13.34
5331,control,216,1,40.37,0.017,0,0.0,lost_cause,0.02,0.18
5332,treatment,213,0,35.38,0.29,0,0.0,lost_cause,0.02,0.18
5333,treatment,324,1,45.06,0.113,0,0.0,lost_cause,0.02,0.18
5334,treatment,16,5,133.79,0.154,0,0.0,sleeping_dog,-0.11,-4.84
5335,treatment,31,16,455.08,0.747,1,21.14,sure_thing,0.03,0.72
5336,control,26,2,199.35,0.096,0,0.0,sleeping_dog,-0.11,-4.84
5337,treatment,2,24,564.87,0.353,0,0.0,sure_thing,0.03,0.72
5338,treatment,8,24,634.07,0.329,1,16.45,sure_thing,0.03,0.72
5339,control,87,8,129.59,0.364,1,22.85,persuadable,0.58,13.34
5340,control,0,4,133.0,0.48,0,0.0,persuadable,0.58,13.34
5341,treatment,42,7,132.75,0.297,1,21.99,persuadable,0.58,13.34
5342,control,311,1,14.08,0.042,0,0.0,lost_cause,0.02,0.18
5343,treatment,6,21,701.54,0.476,1,20.88,sure_thing,0.03,0.72
5344,control,17,2,231.42,0.287,1,37.27,sleeping_dog,-0.11,-4.84
5345,treatment,14,15,436.0,0.562,1,30.57,sure_thing,0.03,0.72
5346,treatment,41,9,220.73,0.454,1,22.63,persuadable,0.58,13.34
5347,control,5,22,491.16,0.566,1,24.34,sure_thing,0.03,0.72
5348,treatment,1,10,82.58,0.422,1,21.39,persuadable,0.58,13.34
5349,control,400,3,17.71,0.127,0,0.0,lost_cause,0.02,0.18
5350,control,239,1,5.0,0.158,0,0.0,lost_cause,0.02,0.18
5351,treatment,52,1,17.9,0.181,0,0.0,lost_cause,0.02,0.18
5352,control,83,1,12.21,0.0,0,0.0,lost_cause,0.02,0.18
5353,control,260,2,26.97,0.17,0,0.0,lost_cause,0.02,0.18
5354,treatment,46,5,267.83,0.094,0,0.0,sleeping_dog,-0.11,-4.84
5355,control,28,5,219.13,0.184,1,55.54,sleeping_dog,-0.11,-4.84
5356,treatment,122,1,13.55,0.145,0,0.0,lost_cause,0.02,0.18
5357,treatment,59,5,142.7,0.649,0,0.0,persuadable,0.58,13.34
5358,treatment,31,14,525.41,0.831,1,21.7,sure_thing,0.03,0.72
5359,control,104,9,144.35,0.589,0,0.0,persuadable,0.58,13.34
5360,treatment,83,4,40.77,0.109,0,0.0,lost_cause,0.02,0.18
5361,treatment,11,9,238.27,0.348,1,22.27,persuadable,0.58,13.34
5362,treatment,316,3,35.63,0.17,0,0.0,lost_cause,0.02,0.18
5363,treatment,24,25,607.18,0.611,1,26.77,sure_thing,0.03,0.72
5364,treatment,65,2,51.31,0.102,0,0.0,lost_cause,0.02,0.18
5365,control,65,1,54.31,0.336,0,0.0,lost_cause,0.02,0.18
5366,treatment,227,5,25.91,0.227,0,0.0,lost_cause,0.02,0.18
5367,treatment,320,3,54.35,0.234,0,0.0,lost_cause,0.02,0.18
5368,treatment,24,17,246.18,0.23,1,19.42,sure_thing,0.03,0.72
5369,treatment,7,18,421.07,0.792,1,24.31,sure_thing,0.03,0.72
5370,control,65,5,104.96,0.38,0,0.0,persuadable,0.58,13.34
5371,control,89,3,103.67,0.622,1,19.15,persuadable,0.58,13.34
5372,control,53,4,117.13,0.181,0,0.0,sleeping_dog,-0.11,-4.84
5373,treatment,17,16,495.28,0.759,1,29.31,sure_thing,0.03,0.72
5374,treatment,285,3,48.26,0.135,0,0.0,lost_cause,0.02,0.18
5375,control,9,35,462.13,0.743,1,28.93,sure_thing,0.03,0.72
5376,control,108,3,5.0,0.274,0,0.0,lost_cause,0.02,0.18
5377,treatment,280,1,63.82,0.159,0,0.0,lost_cause,0.02,0.18
5378,control,120,1,15.92,0.022,1,9.04,lost_cause,0.02,0.18
5379,control,239,2,33.46,0.011,0,0.0,lost_cause,0.02,0.18
5380,control,25,9,342.01,0.694,1,22.95,sure_thing,0.03,0.72
5381,control,0,3,63.6,0.114,0,0.0,lost_cause,0.02,0.18
5382,treatment,7,19,441.9,0.332,0,0.0,sure_thing,0.03,0.72
5383,treatment,97,3,25.42,0.145,0,0.0,lost_cause,0.02,0.18
5384,treatment,244,0,55.79,0.156,0,0.0,lost_cause,0.02,0.18
5385,control,197,3,22.62,0.221,0,0.0,lost_cause,0.02,0.18
5386,control,49,2,99.39,0.171,0,0.0,sleeping_dog,-0.11,-4.84
5387,treatment,2,19,388.33,0.301,1,24.35,sure_thing,0.03,0.72
5388,control,247,0,23.99,0.145,0,0.0,lost_cause,0.02,0.18
5389,control,0,17,564.7,0.854,1,22.67,sure_thing,0.03,0.72
5390,treatment,20,14,140.37,0.318,1,21.12,persuadable,0.58,13.34
5391,treatment,0,1,58.98,0.124,0,0.0,lost_cause,0.02,0.18
5392,treatment,337,4,29.45,0.177,0,0.0,lost_cause,0.02,0.18
5393,treatment,290,2,57.28,0.024,0,0.0,lost_cause,0.02,0.18
5394,control,13,23,375.57,0.782,1,28.43,sure_thing,0.03,0.72
5395,treatment,76,11,72.44,0.477,1,17.19,persuadable,0.58,13.34
5396,control,400,2,66.18,0.202,0,0.0,lost_cause,0.02,0.18
5397,control,161,0,49.25,0.175,0,0.0,lost_cause,0.02,0.18
5398,treatment,296,3,47.57,0.165,0,0.0,lost_cause,0.02,0.18
5399,control,17,7,437.31,0.369,1,21.19,sure_thing,0.03,0.72
5400,control,266,2,22.93,0.204,0,0.0,lost_cause,0.02,0.18
5401,control,8,14,357.7,0.577,0,0.0,sure_thing,0.03,0.72
5402,control,63,8,129.15,0.489,0,0.0,persuadable,0.58,13.34
5403,treatment,36,6,222.57,0.263,0,0.0,persuadable,0.58,13.34
5404,control,3,19,357.09,0.489,0,0.0,sure_thing,0.03,0.72
5405,treatment,193,2,22.48,0.0,0,0.0,lost_cause,0.02,0.18
5406,treatment,258,0,38.79,0.0,0,0.0,lost_cause,0.02,0.18
5407,control,220,1,45.96,0.0,0,0.0,lost_cause,0.02,0.18
5408,treatment,34,30,446.05,0.799,1,23.82,sure_thing,0.03,0.72
5409,treatment,274,2,6.78,0.283,0,0.0,lost_cause,0.02,0.18
5410,control,195,0,26.17,0.052,0,0.0,lost_cause,0.02,0.18
5411,control,31,3,250.54,0.189,1,51.2,sleeping_dog,-0.11,-4.84
5412,treatment,38,12,221.39,0.32,1,28.04,persuadable,0.58,13.34
5413,control,219,3,36.16,0.14,0,0.0,lost_cause,0.02,0.18
5414,control,0,9,109.11,0.361,0,0.0,persuadable,0.58,13.34
5415,control,143,3,53.62,0.32,0,0.0,lost_cause,0.02,0.18
5416,treatment,174,0,32.87,0.0,0,0.0,lost_cause,0.02,0.18
5417,treatment,35,7,206.64,0.141,0,0.0,sleeping_dog,-0.11,-4.84
5418,treatment,53,3,191.53,0.099,1,27.71,sleeping_dog,-0.11,-4.84
5419,control,10,25,306.51,0.237,0,0.0,sure_thing,0.03,0.72
5420,control,57,0,170.07,0.318,0,0.0,persuadable,0.58,13.34
5421,treatment,231,1,14.79,0.027,0,0.0,lost_cause,0.02,0.18
5422,control,28,8,167.45,0.684,0,0.0,persuadable,0.58,13.34
5423,control,240,2,37.44,0.137,0,0.0,lost_cause,0.02,0.18
5424,control,247,2,18.39,0.197,0,0.0,lost_cause,0.02,0.18
5425,treatment,293,1,22.14,0.265,0,0.0,lost_cause,0.02,0.18
5426,control,22,21,460.84,0.752,1,21.98,sure_thing,0.03,0.72
5427,control,4,17,451.85,0.517,1,28.75,sure_thing,0.03,0.72
5428,control,4,3,181.55,0.483,0,0.0,persuadable,0.58,13.34
5429,control,145,2,43.25,0.042,0,0.0,lost_cause,0.02,0.18
5430,control,55,10,152.09,0.372,0,0.0,persuadable,0.58,13.34
5431,treatment,39,6,187.27,0.326,1,49.4,sleeping_dog,-0.11,-4.84
5432,treatment,69,3,126.64,0.584,1,18.1,persuadable,0.58,13.34
5433,treatment,143,0,83.67,0.203,0,0.0,lost_cause,0.02,0.18
5434,treatment,61,0,78.96,0.026,1,6.96,lost_cause,0.02,0.18
5435,control,329,3,8.42,0.121,0,0.0,lost_cause,0.02,0.18
5436,treatment,388,3,84.42,0.102,1,9.44,lost_cause,0.02,0.18
5437,control,96,8,152.45,0.654,0,0.0,persuadable,0.58,13.34
5438,treatment,246,0,5.0,0.096,1,14.14,lost_cause,0.02,0.18
5439,treatment,270,2,26.11,0.243,0,0.0,lost_cause,0.02,0.18
5440,treatment,143,2,22.53,0.199,0,0.0,lost_cause,0.02,0.18
5441,treatment,1,19,579.17,0.577,0,0.0,sure_thing,0.03,0.72
5442,control,224,4,62.18,0.0,0,0.0,lost_cause,0.02,0.18
5443,treatment,51,8,105.81,0.275,1,28.84,persuadable,0.58,13.34
5444,control,22,27,471.94,0.602,1,27.16,sure_thing,0.03,0.72
5445,control,341,4,25.83,0.192,0,0.0,lost_cause,0.02,0.18
5446,control,10,21,419.51,0.455,0,0.0,sure_thing,0.03,0.72
5447,treatment,241,4,55.29,0.254,0,0.0,lost_cause,0.02,0.18
5448,control,7,16,507.86,0.599,1,25.29,sure_thing,0.03,0.72
5449,control,3,11,369.98,0.189,1,21.96,sure_thing,0.03,0.72
5450,control,84,1,25.87,0.094,0,0.0,lost_cause,0.02,0.18
5451,treatment,240,4,31.73,0.12,0,0.0,lost_cause,0.02,0.18
5452,control,52,0,139.48,0.208,0,0.0,persuadable,0.58,13.34
5453,treatment,100,11,138.89,0.626,1,25.08,persuadable,0.58,13.34
5454,control,40,6,210.58,0.179,0,0.0,persuadable,0.58,13.34
5455,treatment,10,25,504.98,0.574,1,23.77,sure_thing,0.03,0.72
5456,control,76,7,180.32,0.279,0,0.0,persuadable,0.58,13.34
5457,treatment,213,1,22.1,0.25,0,0.0,lost_cause,0.02,0.18
5458,treatment,3,4,229.41,0.021,0,0.0,sleeping_dog,-0.11,-4.84
5459,control,293,0,31.42,0.076,0,0.0,lost_cause,0.02,0.18
5460,treatment,48,5,156.24,0.488,0,0.0,persuadable,0.58,13.34
5461,control,55,5,179.89,0.071,0,0.0,persuadable,0.58,13.34
5462,treatment,363,5,22.05,0.288,0,0.0,lost_cause,0.02,0.18
5463,control,48,9,156.28,0.206,0,0.0,persuadable,0.58,13.34
5464,treatment,45,6,219.37,0.13,0,0.0,sleeping_dog,-0.11,-4.84
5465,control,218,1,79.96,0.064,0,0.0,lost_cause,0.02,0.18
5466,control,8,17,291.53,0.578,1,18.36,sure_thing,0.03,0.72
5467,treatment,259,4,67.67,0.124,1,9.35,lost_cause,0.02,0.18
5468,treatment,25,18,453.98,0.697,0,0.0,sure_thing,0.03,0.72
5469,control,303,1,58.19,0.088,0,0.0,lost_cause,0.02,0.18
5470,treatment,15,23,429.75,0.554,1,26.04,sure_thing,0.03,0.72
5471,control,135,1,85.93,0.158,0,0.0,lost_cause,0.02,0.18
5472,control,194,5,32.39,0.154,0,0.0,lost_cause,0.02,0.18
5473,control,93,10,170.9,0.542,0,0.0,persuadable,0.58,13.34
5474,control,63,0,19.69,0.005,0,0.0,lost_cause,0.02,0.18
5475,control,42,5,164.54,0.231,1,35.56,sleeping_dog,-0.11,-4.84
5476,treatment,18,23,482.07,0.934,1,28.65,sure_thing,0.03,0.72
5477,treatment,237,2,18.6,0.149,0,0.0,lost_cause,0.02,0.18
5478,control,5,4,213.97,0.008,0,0.0,sleeping_dog,-0.11,-4.84
5479,treatment,280,3,5.0,0.158,0,0.0,lost_cause,0.02,0.18
5480,control,10,16,485.85,0.748,1,21.29,sure_thing,0.03,0.72
5481,treatment,5,5,277.27,0.053,0,0.0,sleeping_dog,-0.11,-4.84
5482,treatment,36,0,292.29,0.121,0,0.0,sleeping_dog,-0.11,-4.84
5483,treatment,0,21,366.47,0.799,1,20.15,sure_thing,0.03,0.72
5484,treatment,246,1,29.06,0.091,0,0.0,lost_cause,0.02,0.18
5485,control,16,23,539.97,0.67,0,0.0,sure_thing,0.03,0.72
5486,treatment,255,0,40.96,0.059,0,0.0,lost_cause,0.02,0.18
5487,treatment,146,1,14.09,0.169,0,0.0,lost_cause,0.02,0.18
5488,control,139,5,39.84,0.155,0,0.0,lost_cause,0.02,0.18
5489,treatment,331,0,38.06,0.0,0,0.0,lost_cause,0.02,0.18
5490,control,275,0,21.75,0.192,0,0.0,lost_cause,0.02,0.18
5491,control,60,7,239.37,0.284,0,0.0,persuadable,0.58,13.34
5492,treatment,182,1,10.77,0.324,0,0.0,lost_cause,0.02,0.18
5493,control,21,10,696.07,0.731,1,25.48,sure_thing,0.03,0.72
5494,treatment,269,0,38.7,0.158,0,0.0,lost_cause,0.02,0.18
5495,treatment,6,17,531.99,0.62,1,21.1,sure_thing,0.03,0.72
5496,treatment,18,19,413.52,0.978,0,0.0,sure_thing,0.03,0.72
5497,control,2,10,458.12,0.262,1,23.54,sure_thing,0.03,0.72
5498,control,86,4,88.49,0.346,0,0.0,persuadable,0.58,13.34
5499,control,28,15,318.46,0.791,1,30.57,sure_thing,0.03,0.72
5500,treatment,51,5,258.67,0.445,1,27.67,persuadable,0.58,13.34
5501,treatment,16,25,471.02,0.603,0,0.0,sure_thing,0.03,0.72
5502,control,27,7,114.89,0.142,0,0.0,persuadable,0.58,13.34
5503,control,41,6,255.05,0.451,0,0.0,persuadable,0.58,13.34
5504,control,59,7,230.69,0.408,0,0.0,persuadable,0.58,13.34
5505,treatment,146,3,32.28,0.18,0,0.0,lost_cause,0.02,0.18
5506,control,40,20,419.01,0.583,1,28.8,sure_thing,0.03,0.72
5507,treatment,125,1,17.72,0.0,0,0.0,lost_cause,0.02,0.18
5508,control,46,7,139.5,0.556,0,0.0,persuadable,0.58,13.34
5509,treatment,23,13,535.49,0.351,1,25.93,sure_thing,0.03,0.72
5510,treatment,55,0,206.93,0.524,1,26.3,persuadable,0.58,13.34
5511,control,246,1,5.0,0.221,0,0.0,lost_cause,0.02,0.18
5512,treatment,207,2,68.76,0.178,0,0.0,lost_cause,0.02,0.18
5513,treatment,5,21,284.37,0.469,1,21.0,sure_thing,0.03,0.72
5514,control,114,13,137.89,0.467,0,0.0,persuadable,0.58,13.34
5515,control,242,1,52.62,0.165,0,0.0,lost_cause,0.02,0.18
5516,treatment,400,2,26.37,0.097,0,0.0,lost_cause,0.02,0.18
5517,control,253,0,19.69,0.237,0,0.0,lost_cause,0.02,0.18
5518,control,230,2,49.86,0.219,0,0.0,lost_cause,0.02,0.18
5519,treatment,400,3,23.87,0.224,0,0.0,lost_cause,0.02,0.18
5520,control,143,3,40.84,0.063,0,0.0,lost_cause,0.02,0.18
5521,control,202,0,5.0,0.274,1,6.36,lost_cause,0.02,0.18
5522,treatment,171,0,40.04,0.214,0,0.0,lost_cause,0.02,0.18
5523,treatment,207,5,52.96,0.346,0,0.0,lost_cause,0.02,0.18
5524,treatment,400,3,58.59,0.036,0,0.0,lost_cause,0.02,0.18
5525,treatment,39,0,45.36,0.152,0,0.0,lost_cause,0.02,0.18
5526,control,44,9,89.2,0.421,0,0.0,persuadable,0.58,13.34
5527,control,4,22,603.43,0.49,0,0.0,sure_thing,0.03,0.72
5528,control,3,16,388.24,0.803,1,28.52,sure_thing,0.03,0.72
5529,treatment,25,11,375.48,0.71,0,0.0,sure_thing,0.03,0.72
5530,control,330,3,51.95,0.133,0,0.0,lost_cause,0.02,0.18
5531,treatment,95,2,42.2,0.211,0,0.0,lost_cause,0.02,0.18
5532,treatment,70,3,37.25,0.201,0,0.0,lost_cause,0.02,0.18
5533,treatment,22,4,211.36,0.173,0,0.0,sleeping_dog,-0.11,-4.84
5534,treatment,31,12,72.65,0.235,1,20.63,persuadable,0.58,13.34
5535,treatment,0,17,391.62,0.664,1,18.69,sure_thing,0.03,0.72
5536,treatment,13,15,399.79,0.545,1,24.62,sure_thing,0.03,0.72
5537,treatment,91,9,229.68,0.616,1,21.16,persuadable,0.58,13.34
5538,treatment,28,3,108.69,0.471,1,17.53,persuadable,0.58,13.34
5539,control,201,4,29.28,0.104,0,0.0,lost_cause,0.02,0.18
5540,control,64,8,201.87,0.334,1,24.54,persuadable,0.58,13.34
5541,treatment,9,17,465.52,0.67,1,22.48,sure_thing,0.03,0.72
5542,control,206,2,5.0,0.146,0,0.0,lost_cause,0.02,0.18
5543,treatment,187,3,14.4,0.0,0,0.0,lost_cause,0.02,0.18
5544,control,114,1,42.02,0.264,0,0.0,lost_cause,0.02,0.18
5545,control,4,12,98.88,0.707,0,0.0,sure_thing,0.03,0.72
5546,treatment,33,5,87.34,0.208,0,0.0,sleeping_dog,-0.11,-4.84
5547,treatment,41,8,250.33,0.179,1,17.75,persuadable,0.58,13.34
5548,treatment,275,4,5.0,0.148,0,0.0,lost_cause,0.02,0.18
5549,control,98,3,59.39,0.124,0,0.0,lost_cause,0.02,0.18
5550,control,272,4,52.54,0.127,0,0.0,lost_cause,0.02,0.18
5551,treatment,400,3,9.53,0.125,0,0.0,lost_cause,0.02,0.18
5552,control,96,0,52.74,0.18,0,0.0,lost_cause,0.02,0.18
5553,control,101,6,133.52,0.398,0,0.0,persuadable,0.58,13.34
5554,control,239,2,28.23,0.107,0,0.0,lost_cause,0.02,0.18
5555,treatment,13,20,412.51,0.582,0,0.0,sure_thing,0.03,0.72
5556,control,226,2,67.71,0.13,0,0.0,lost_cause,0.02,0.18
5557,control,21,6,162.06,0.143,1,51.72,sleeping_dog,-0.11,-4.84
5558,treatment,10,21,505.89,0.506,1,21.43,sure_thing,0.03,0.72
5559,treatment,76,2,21.69,0.006,0,0.0,lost_cause,0.02,0.18
5560,treatment,55,6,192.24,0.471,1,22.53,persuadable,0.58,13.34
5561,control,217,1,59.11,0.187,0,0.0,lost_cause,0.02,0.18
5562,control,26,24,483.47,0.538,1,28.15,sure_thing,0.03,0.72
5563,treatment,305,1,8.22,0.232,1,10.6,lost_cause,0.02,0.18
5564,treatment,17,11,516.77,0.545,1,26.88,sure_thing,0.03,0.72
5565,control,301,1,11.6,0.142,0,0.0,lost_cause,0.02,0.18
5566,treatment,278,0,5.0,0.077,0,0.0,lost_cause,0.02,0.18
5567,treatment,163,2,38.93,0.148,0,0.0,lost_cause,0.02,0.18
5568,control,36,2,156.06,0.227,1,60.32,sleeping_dog,-0.11,-4.84
5569,control,205,1,10.28,0.277,0,0.0,lost_cause,0.02,0.18
5570,control,136,4,64.32,0.112,0,0.0,lost_cause,0.02,0.18
5571,treatment,323,1,5.0,0.097,0,0.0,lost_cause,0.02,0.18
5572,control,149,0,49.37,0.155,0,0.0,lost_cause,0.02,0.18
5573,control,118,2,48.52,0.244,0,0.0,lost_cause,0.02,0.18
5574,control,163,4,19.78,0.198,0,0.0,lost_cause,0.02,0.18
5575,control,30,22,355.39,0.962,1,21.81,sure_thing,0.03,0.72
5576,control,22,17,585.82,0.422,1,15.1,sure_thing,0.03,0.72
5577,control,371,4,33.5,0.141,0,0.0,lost_cause,0.02,0.18
5578,treatment,7,25,321.15,0.793,0,0.0,sure_thing,0.03,0.72
5579,treatment,42,8,143.41,0.527,1,25.04,persuadable,0.58,13.34
5580,control,70,1,80.89,0.051,0,0.0,lost_cause,0.02,0.18
5581,control,298,1,25.61,0.24,0,0.0,lost_cause,0.02,0.18
5582,control,11,15,392.25,0.456,0,0.0,sure_thing,0.03,0.72
5583,treatment,286,1,56.11,0.192,1,9.53,lost_cause,0.02,0.18
5584,control,69,6,112.18,0.375,0,0.0,persuadable,0.58,13.34
5585,treatment,167,3,53.2,0.0,1,10.16,lost_cause,0.02,0.18
5586,control,0,15,421.2,0.613,1,21.14,sure_thing,0.03,0.72
5587,treatment,236,1,41.97,0.318,0,0.0,lost_cause,0.02,0.18
5588,control,81,0,5.0,0.265,0,0.0,lost_cause,0.02,0.18
5589,control,25,10,145.43,0.437,0,0.0,persuadable,0.58,13.34
5590,control,252,3,23.89,0.227,0,0.0,lost_cause,0.02,0.18
5591,treatment,54,5,202.99,0.445,1,15.68,persuadable,0.58,13.34
5592,treatment,65,3,202.17,0.659,1,30.11,persuadable,0.58,13.34
5593,control,28,5,201.09,0.024,1,45.46,sleeping_dog,-0.11,-4.84
5594,treatment,259,3,41.17,0.218,0,0.0,lost_cause,0.02,0.18
5595,control,147,0,56.42,0.087,1,8.52,lost_cause,0.02,0.18
5596,control,233,2,19.15,0.254,0,0.0,lost_cause,0.02,0.18
5597,control,220,1,5.0,0.262,0,0.0,lost_cause,0.02,0.18
5598,treatment,127,5,110.13,0.25,1,24.65,persuadable,0.58,13.34
5599,control,9,18,266.83,0.593,0,0.0,sure_thing,0.03,0.72
5600,control,270,0,5.0,0.3,0,0.0,lost_cause,0.02,0.18
5601,control,281,2,34.78,0.117,0,0.0,lost_cause,0.02,0.18
5602,control,26,6,230.26,0.519,1,22.62,persuadable,0.58,13.34
5603,control,0,10,273.99,0.377,0,0.0,sure_thing,0.03,0.72
5604,control,316,0,16.66,0.099,0,0.0,lost_cause,0.02,0.18
5605,control,4,15,448.64,0.46,1,29.88,sure_thing,0.03,0.72
5606,control,208,2,48.18,0.361,0,0.0,lost_cause,0.02,0.18
5607,control,271,3,44.5,0.172,0,0.0,lost_cause,0.02,0.18
5608,treatment,299,3,27.13,0.0,0,0.0,lost_cause,0.02,0.18
5609,treatment,34,4,118.78,0.264,0,0.0,sleeping_dog,-0.11,-4.84
5610,control,13,20,287.44,0.61,1,27.08,sure_thing,0.03,0.72
5611,control,14,19,410.69,0.612,1,31.29,sure_thing,0.03,0.72
5612,control,370,5,5.0,0.073,0,0.0,lost_cause,0.02,0.18
5613,treatment,228,2,34.75,0.17,0,0.0,lost_cause,0.02,0.18
5614,treatment,17,22,412.34,0.414,1,20.07,sure_thing,0.03,0.72
5615,control,71,3,119.88,0.482,0,0.0,persuadable,0.58,13.34
5616,treatment,55,1,103.47,0.487,1,22.41,persuadable,0.58,13.34
5617,treatment,175,3,42.05,0.253,0,0.0,lost_cause,0.02,0.18
5618,control,158,3,34.67,0.039,0,0.0,lost_cause,0.02,0.18
5619,control,209,1,48.63,0.126,0,0.0,lost_cause,0.02,0.18
5620,treatment,61,0,21.08,0.081,0,0.0,lost_cause,0.02,0.18
5621,treatment,94,7,170.19,0.517,1,32.7,persuadable,0.58,13.34
5622,control,120,0,48.81,0.139,0,0.0,lost_cause,0.02,0.18
5623,control,280,0,48.82,0.059,0,0.0,lost_cause,0.02,0.18
5624,treatment,9,24,393.01,0.548,1,24.63,sure_thing,0.03,0.72
5625,control,9,6,229.39,0.551,1,29.42,sure_thing,0.03,0.72
5626,treatment,400,2,32.64,0.235,0,0.0,lost_cause,0.02,0.18
5627,treatment,344,4,32.87,0.07,0,0.0,lost_cause,0.02,0.18
5628,control,60,6,103.6,0.215,0,0.0,persuadable,0.58,13.34
5629,treatment,162,3,20.82,0.129,0,0.0,lost_cause,0.02,0.18
5630,control,35,8,196.6,0.275,0,0.0,persuadable,0.58,13.34
5631,control,330,5,25.69,0.203,0,0.0,lost_cause,0.02,0.18
5632,control,251,2,17.63,0.104,0,0.0,lost_cause,0.02,0.18
5633,control,17,20,391.85,0.58,1,26.91,sure_thing,0.03,0.72
5634,treatment,64,9,167.43,0.266,1,26.92,persuadable,0.58,13.34
5635,treatment,172,6,58.9,0.16,0,0.0,lost_cause,0.02,0.18
5636,treatment,22,19,598.68,0.598,1,33.9,sure_thing,0.03,0.72
5637,treatment,340,5,37.54,0.111,0,0.0,lost_cause,0.02,0.18
5638,control,303,3,8.89,0.31,0,0.0,lost_cause,0.02,0.18
5639,treatment,301,5,30.41,0.076,0,0.0,lost_cause,0.02,0.18
5640,treatment,52,6,91.84,0.455,1,25.13,persuadable,0.58,13.34
5641,control,25,3,235.93,0.065,1,48.68,sleeping_dog,-0.11,-4.84
5642,treatment,272,1,62.04,0.186,0,0.0,lost_cause,0.02,0.18
5643,control,0,8,155.85,0.376,0,0.0,persuadable,0.58,13.34
5644,control,309,0,67.01,0.111,0,0.0,lost_cause,0.02,0.18
5645,treatment,8,8,41.03,0.56,1,31.93,persuadable,0.58,13.34
5646,control,193,3,60.32,0.103,0,0.0,lost_cause,0.02,0.18
5647,treatment,192,4,8.37,0.014,1,4.97,lost_cause,0.02,0.18
5648,treatment,166,3,49.74,0.153,0,0.0,lost_cause,0.02,0.18
5649,control,302,3,7.44,0.125,0,0.0,lost_cause,0.02,0.18
5650,control,19,2,112.26,0.108,1,33.25,sleeping_dog,-0.11,-4.84
5651,treatment,264,2,72.69,0.174,0,0.0,lost_cause,0.02,0.18
5652,control,309,1,75.85,0.148,0,0.0,lost_cause,0.02,0.18
5653,treatment,190,3,8.63,0.068,0,0.0,lost_cause,0.02,0.18
5654,treatment,55,11,149.38,0.256,0,0.0,persuadable,0.58,13.34
5655,control,195,3,40.23,0.094,0,0.0,lost_cause,0.02,0.18
5656,control,219,1,7.33,0.006,0,0.0,lost_cause,0.02,0.18
5657,control,222,4,38.79,0.196,1,7.29,lost_cause,0.02,0.18
5658,control,41,4,136.72,0.138,1,39.7,sleeping_dog,-0.11,-4.84
5659,control,199,5,21.11,0.231,0,0.0,lost_cause,0.02,0.18
5660,treatment,350,0,12.83,0.121,0,0.0,lost_cause,0.02,0.18
5661,treatment,15,12,515.35,0.713,1,32.84,sure_thing,0.03,0.72
5662,treatment,238,3,54.86,0.091,0,0.0,lost_cause,0.02,0.18
5663,control,30,16,558.7,0.235,0,0.0,sure_thing,0.03,0.72
5664,treatment,2,10,213.12,0.199,0,0.0,sleeping_dog,-0.11,-4.84
5665,treatment,7,16,569.39,0.506,1,30.43,sure_thing,0.03,0.72
5666,treatment,24,29,344.31,0.583,1,32.33,sure_thing,0.03,0.72
5667,control,25,1,186.14,0.218,1,41.79,sleeping_dog,-0.11,-4.84
5668,control,17,17,394.46,0.461,0,0.0,sure_thing,0.03,0.72
5669,treatment,21,18,542.67,0.615,1,18.15,sure_thing,0.03,0.72
5670,treatment,78,5,204.78,0.503,0,0.0,persuadable,0.58,13.34
5671,control,63,3,221.86,0.168,0,0.0,sleeping_dog,-0.11,-4.84
5672,treatment,102,2,164.75,0.712,1,23.23,persuadable,0.58,13.34
5673,treatment,0,0,37.9,0.36,1,10.22,lost_cause,0.02,0.18
5674,control,165,1,54.96,0.12,0,0.0,lost_cause,0.02,0.18
5675,control,243,2,45.02,0.248,0,0.0,lost_cause,0.02,0.18
5676,control,235,3,12.25,0.073,0,0.0,lost_cause,0.02,0.18
5677,treatment,38,1,23.03,0.433,1,15.89,persuadable,0.58,13.34
5678,treatment,30,25,518.53,0.429,1,28.84,sure_thing,0.03,0.72
5679,control,76,10,41.89,0.242,0,0.0,persuadable,0.58,13.34
5680,treatment,14,17,543.44,0.193,1,31.52,sure_thing,0.03,0.72
5681,treatment,9,23,492.5,0.566,1,34.72,sure_thing,0.03,0.72
5682,treatment,68,6,58.16,0.371,1,16.44,persuadable,0.58,13.34
5683,control,13,11,164.43,0.782,0,0.0,sure_thing,0.03,0.72
5684,control,8,24,518.07,0.463,1,21.59,sure_thing,0.03,0.72
5685,control,0,15,500.88,0.65,0,0.0,sure_thing,0.03,0.72
5686,control,226,3,20.4,0.126,0,0.0,lost_cause,0.02,0.18
5687,control,31,8,267.66,0.186,0,0.0,persuadable,0.58,13.34
5688,control,201,3,56.4,0.048,1,11.11,lost_cause,0.02,0.18
5689,control,30,3,5.0,0.191,0,0.0,sleeping_dog,-0.11,-4.84
5690,control,28,0,65.01,0.128,1,44.56,sleeping_dog,-0.11,-4.84
5691,treatment,99,6,197.98,0.479,1,32.32,persuadable,0.58,13.34
5692,control,0,17,244.0,0.482,1,20.27,sure_thing,0.03,0.72
5693,treatment,359,2,57.75,0.145,0,0.0,lost_cause,0.02,0.18
5694,treatment,148,1,25.98,0.108,0,0.0,lost_cause,0.02,0.18
5695,control,13,11,354.81,0.736,0,0.0,sure_thing,0.03,0.72
5696,treatment,290,3,79.05,0.164,0,0.0,lost_cause,0.02,0.18
5697,treatment,22,7,68.65,0.596,1,34.32,persuadable,0.58,13.34
5698,control,55,10,200.41,0.497,0,0.0,persuadable,0.58,13.34
5699,control,2,5,645.43,0.402,1,22.69,sure_thing,0.03,0.72
5700,control,49,6,101.7,0.368,0,0.0,persuadable,0.58,13.34
5701,control,307,1,47.62,0.18,0,0.0,lost_cause,0.02,0.18
5702,treatment,70,6,228.87,0.368,1,29.52,persuadable,0.58,13.34
5703,control,42,3,177.29,0.166,1,45.73,sleeping_dog,-0.11,-4.84
5704,treatment,19,20,517.45,0.433,1,23.88,sure_thing,0.03,0.72
5705,treatment,23,2,78.41,0.02,0,0.0,sleeping_dog,-0.11,-4.84
5706,control,45,7,213.55,0.428,0,0.0,persuadable,0.58,13.34
5707,control,12,18,481.23,0.528,1,24.2,sure_thing,0.03,0.72
5708,treatment,13,11,417.94,0.629,1,14.25,sure_thing,0.03,0.72
5709,treatment,310,3,70.08,0.048,0,0.0,lost_cause,0.02,0.18
5710,treatment,400,2,47.1,0.345,0,0.0,lost_cause,0.02,0.18
5711,control,80,11,193.4,0.384,0,0.0,persuadable,0.58,13.34
5712,control,142,2,63.41,0.076,0,0.0,lost_cause,0.02,0.18
5713,control,32,19,298.44,0.608,1,29.95,sure_thing,0.03,0.72
5714,control,163,0,23.92,0.183,0,0.0,lost_cause,0.02,0.18
5715,treatment,66,7,187.71,0.273,0,0.0,persuadable,0.58,13.34
5716,control,35,4,173.25,0.101,0,0.0,sleeping_dog,-0.11,-4.84
5717,treatment,9,22,369.05,0.792,0,0.0,sure_thing,0.03,0.72
5718,treatment,257,2,34.04,0.249,0,0.0,lost_cause,0.02,0.18
5719,control,57,4,147.65,0.41,0,0.0,persuadable,0.58,13.34
5720,control,23,17,448.6,0.524,1,18.06,sure_thing,0.03,0.72
5721,control,17,6,176.89,0.249,0,0.0,persuadable,0.58,13.34
5722,treatment,271,1,5.0,0.207,0,0.0,lost_cause,0.02,0.18
5723,control,275,2,39.58,0.096,0,0.0,lost_cause,0.02,0.18
5724,treatment,35,5,111.4,0.527,0,0.0,persuadable,0.58,13.34
5725,control,50,6,145.56,0.138,0,0.0,persuadable,0.58,13.34
5726,treatment,61,5,71.24,0.431,1,22.64,persuadable,0.58,13.34
5727,treatment,19,17,411.67,0.262,0,0.0,sure_thing,0.03,0.72
5728,control,20,17,229.94,0.624,1,22.76,sure_thing,0.03,0.72
5729,control,2,0,181.36,0.247,0,0.0,sleeping_dog,-0.11,-4.84
5730,control,2,21,300.82,0.454,1,22.66,sure_thing,0.03,0.72
5731,treatment,161,1,8.7,0.089,0,0.0,lost_cause,0.02,0.18
5732,control,188,5,41.58,0.113,0,0.0,lost_cause,0.02,0.18
5733,treatment,366,4,24.71,0.0,0,0.0,lost_cause,0.02,0.18
5734,treatment,284,5,13.7,0.231,0,0.0,lost_cause,0.02,0.18
5735,control,284,1,26.62,0.3,0,0.0,lost_cause,0.02,0.18
5736,control,300,3,23.25,0.265,0,0.0,lost_cause,0.02,0.18
5737,control,5,21,428.17,0.531,1,24.83,sure_thing,0.03,0.72
5738,control,37,5,167.31,0.47,1,16.33,persuadable,0.58,13.34
5739,control,387,2,10.75,0.352,0,0.0,lost_cause,0.02,0.18
5740,control,210,1,67.45,0.084,0,0.0,lost_cause,0.02,0.18
5741,control,85,7,55.62,0.576,0,0.0,persuadable,0.58,13.34
5742,control,106,6,122.74,0.305,0,0.0,persuadable,0.58,13.34
5743,treatment,44,1,238.95,0.207,1,41.49,sleeping_dog,-0.11,-4.84
5744,treatment,252,3,14.17,0.155,0,0.0,lost_cause,0.02,0.18
5745,treatment,7,16,474.78,0.615,1,23.14,sure_thing,0.03,0.72
5746,control,1,11,422.15,0.488,1,27.0,sure_thing,0.03,0.72
5747,control,1,11,297.11,0.738,1,14.26,sure_thing,0.03,0.72
5748,control,79,1,59.1,0.161,0,0.0,lost_cause,0.02,0.18
5749,treatment,73,6,140.73,0.555,1,25.93,persuadable,0.58,13.34
5750,treatment,13,12,566.55,0.687,0,0.0,sure_thing,0.03,0.72
5751,treatment,192,5,63.03,0.216,0,0.0,lost_cause,0.02,0.18
5752,control,252,2,53.57,0.118,0,0.0,lost_cause,0.02,0.18
5753,treatment,64,8,94.29,0.058,0,0.0,persuadable,0.58,13.34
5754,control,281,3,25.12,0.0,0,0.0,lost_cause,0.02,0.18
5755,treatment,12,4,158.62,0.392,0,0.0,persuadable,0.58,13.34
5756,control,158,1,18.19,0.197,0,0.0,lost_cause,0.02,0.18
5757,control,100,2,7.35,0.322,0,0.0,lost_cause,0.02,0.18
5758,control,146,1,8.36,0.016,0,0.0,lost_cause,0.02,0.18
5759,control,32,4,7.65,0.0,0,0.0,lost_cause,0.02,0.18
5760,control,74,2,108.73,0.358,0,0.0,persuadable,0.58,13.34
5761,treatment,125,4,22.47,0.191,1,6.37,lost_cause,0.02,0.18
5762,control,55,10,182.56,0.578,0,0.0,persuadable,0.58,13.34
5763,control,48,4,106.33,0.331,0,0.0,persuadable,0.58,13.34
5764,treatment,209,3,37.87,0.029,0,0.0,lost_cause,0.02,0.18
5765,treatment,265,1,52.66,0.169,1,7.04,lost_cause,0.02,0.18
5766,control,18,24,399.74,0.619,1,29.43,sure_thing,0.03,0.72
5767,control,355,2,8.04,0.187,0,0.0,lost_cause,0.02,0.18
5768,treatment,74,13,25.86,0.428,1,22.31,persuadable,0.58,13.34
5769,control,236,3,52.81,0.079,0,0.0,lost_cause,0.02,0.18
5770,control,43,11,201.46,0.225,0,0.0,persuadable,0.58,13.34
5771,control,152,1,14.59,0.038,0,0.0,lost_cause,0.02,0.18
5772,control,240,3,85.66,0.163,0,0.0,lost_cause,0.02,0.18
5773,treatment,187,0,61.46,0.08,0,0.0,lost_cause,0.02,0.18
5774,control,29,11,161.9,0.369,0,0.0,persuadable,0.58,13.34
5775,control,18,20,321.88,0.667,1,36.66,sure_thing,0.03,0.72
5776,treatment,31,20,241.68,0.466,1,21.15,sure_thing,0.03,0.72
5777,treatment,316,1,76.6,0.189,0,0.0,lost_cause,0.02,0.18
5778,treatment,318,1,42.21,0.18,0,0.0,lost_cause,0.02,0.18
5779,control,120,5,198.17,0.033,1,17.4,persuadable,0.58,13.34
5780,control,6,22,463.34,0.605,0,0.0,sure_thing,0.03,0.72
5781,control,61,11,274.62,0.52,1,22.47,persuadable,0.58,13.34
5782,control,11,22,426.03,0.623,1,28.95,sure_thing,0.03,0.72
5783,control,70,2,16.13,0.253,0,0.0,lost_cause,0.02,0.18
5784,control,91,5,17.01,0.545,0,0.0,persuadable,0.58,13.34
5785,treatment,196,5,5.0,0.206,0,0.0,lost_cause,0.02,0.18
5786,control,400,0,37.63,0.212,0,0.0,lost_cause,0.02,0.18
5787,control,0,19,177.15,0.639,0,0.0,sure_thing,0.03,0.72
5788,treatment,331,2,5.0,0.0,0,0.0,lost_cause,0.02,0.18
5789,treatment,40,5,149.28,0.421,1,23.37,persuadable,0.58,13.34
5790,treatment,67,9,113.82,0.321,1,20.41,persuadable,0.58,13.34
5791,control,202,1,48.24,0.078,0,0.0,lost_cause,0.02,0.18
5792,treatment,18,18,196.25,0.597,1,32.97,sure_thing,0.03,0.72
5793,control,15,5,291.14,0.632,1,25.63,sure_thing,0.03,0.72
5794,control,0,0,48.49,0.381,0,0.0,lost_cause,0.02,0.18
5795,treatment,283,1,16.83,0.198,0,0.0,lost_cause,0.02,0.18
5796,treatment,255,0,57.87,0.08,0,0.0,lost_cause,0.02,0.18
5797,control,206,2,36.89,0.118,0,0.0,lost_cause,0.02,0.18
5798,control,294,3,41.3,0.336,0,0.0,lost_cause,0.02,0.18
5799,control,245,0,47.63,0.211,0,0.0,lost_cause,0.02,0.18
5800,control,16,16,583.73,0.696,1,28.05,sure_thing,0.03,0.72
5801,treatment,23,13,660.56,0.492,1,24.32,sure_thing,0.03,0.72
5802,control,272,2,17.27,0.175,0,0.0,lost_cause,0.02,0.18
5803,treatment,33,10,65.67,0.493,1,20.43,persuadable,0.58,13.34
5804,treatment,25,6,216.97,0.565,1,16.4,persuadable,0.58,13.34
5805,treatment,4,26,466.82,0.633,1,22.98,sure_thing,0.03,0.72
5806,control,0,18,287.73,0.794,0,0.0,sure_thing,0.03,0.72
5807,treatment,197,2,33.11,0.123,1,9.42,lost_cause,0.02,0.18
5808,treatment,21,7,158.56,0.69,1,17.87,persuadable,0.58,13.34
5809,treatment,36,9,477.48,0.221,1,17.91,sure_thing,0.03,0.72
5810,treatment,204,0,13.14,0.137,0,0.0,lost_cause,0.02,0.18
5811,treatment,2,18,620.84,0.553,1,18.79,sure_thing,0.03,0.72
5812,control,6,20,390.99,0.831,1,17.45,sure_thing,0.03,0.72
5813,treatment,0,13,435.69,0.482,1,32.69,sure_thing,0.03,0.72
5814,treatment,6,27,558.31,0.316,1,27.93,sure_thing,0.03,0.72
5815,control,113,7,236.56,0.414,0,0.0,persuadable,0.58,13.34
5816,treatment,104,6,216.07,0.503,0,0.0,persuadable,0.58,13.34
5817,treatment,0,25,461.14,0.609,1,27.55,sure_thing,0.03,0.72
5818,treatment,254,2,45.02,0.346,0,0.0,lost_cause,0.02,0.18
5819,control,189,1,17.65,0.02,0,0.0,lost_cause,0.02,0.18
5820,treatment,21,7,98.89,0.182,1,50.84,sleeping_dog,-0.11,-4.84
5821,treatment,110,0,61.89,0.184,0,0.0,lost_cause,0.02,0.18
5822,control,12,13,396.25,0.6,1,23.01,sure_thing,0.03,0.72
5823,treatment,105,0,55.96,0.0,0,0.0,lost_cause,0.02,0.18
5824,treatment,9,16,280.74,0.515,0,0.0,sure_thing,0.03,0.72
5825,treatment,2,16,489.84,0.526,1,27.86,sure_thing,0.03,0.72
5826,treatment,87,8,104.23,0.426,1,18.41,persuadable,0.58,13.34
5827,treatment,21,5,243.33,0.214,1,42.95,sleeping_dog,-0.11,-4.84
5828,control,3,15,516.89,0.664,1,19.57,sure_thing,0.03,0.72
5829,treatment,243,0,20.52,0.286,0,0.0,lost_cause,0.02,0.18
5830,treatment,142,0,32.47,0.201,0,0.0,lost_cause,0.02,0.18
5831,control,138,0,32.37,0.218,0,0.0,lost_cause,0.02,0.18
5832,treatment,155,3,62.68,0.041,0,0.0,lost_cause,0.02,0.18
5833,control,28,2,288.15,0.182,1,48.44,sleeping_dog,-0.11,-4.84
5834,control,20,20,546.4,0.397,1,27.83,sure_thing,0.03,0.72
5835,treatment,11,20,472.84,0.641,0,0.0,sure_thing,0.03,0.72
5836,control,23,7,172.66,0.477,1,30.34,persuadable,0.58,13.34
5837,treatment,279,0,44.84,0.053,0,0.0,lost_cause,0.02,0.18
5838,treatment,25,3,39.45,0.202,0,0.0,lost_cause,0.02,0.18
5839,control,25,19,227.99,0.388,1,23.31,sure_thing,0.03,0.72
5840,treatment,0,1,81.66,0.152,1,8.8,lost_cause,0.02,0.18
5841,treatment,233,2,37.42,0.178,0,0.0,lost_cause,0.02,0.18
5842,control,61,6,136.83,0.462,0,0.0,persuadable,0.58,13.34
5843,control,26,21,740.34,0.618,1,23.78,sure_thing,0.03,0.72
5844,treatment,196,1,39.49,0.115,0,0.0,lost_cause,0.02,0.18
5845,control,350,1,34.72,0.112,0,0.0,lost_cause,0.02,0.18
5846,control,69,6,39.08,0.35,0,0.0,persuadable,0.58,13.34
5847,control,20,11,294.38,0.733,1,38.01,sure_thing,0.03,0.72
5848,treatment,187,2,43.32,0.087,0,0.0,lost_cause,0.02,0.18
5849,treatment,71,3,78.13,0.599,1,12.54,persuadable,0.58,13.34
5850,control,26,17,350.35,0.676,1,21.22,sure_thing,0.03,0.72
5851,control,30,4,246.21,0.212,0,0.0,sleeping_dog,-0.11,-4.84
5852,treatment,81,1,11.74,0.023,0,0.0,lost_cause,0.02,0.18
5853,control,29,5,163.06,0.497,1,24.72,persuadable,0.58,13.34
5854,treatment,3,16,513.45,0.643,1,23.54,sure_thing,0.03,0.72
5855,control,239,3,64.53,0.091,0,0.0,lost_cause,0.02,0.18
5856,treatment,2,8,381.35,0.779,1,33.06,sure_thing,0.03,0.72
5857,treatment,243,0,13.85,0.0,0,0.0,lost_cause,0.02,0.18
5858,treatment,245,1,5.0,0.22,1,8.4,lost_cause,0.02,0.18
5859,control,246,0,54.59,0.157,0,0.0,lost_cause,0.02,0.18
5860,treatment,12,25,354.22,0.563,1,15.73,sure_thing,0.03,0.72
5861,treatment,79,3,197.02,0.458,1,24.91,persuadable,0.58,13.34
5862,treatment,400,4,60.9,0.225,0,0.0,lost_cause,0.02,0.18
5863,treatment,182,4,36.69,0.149,0,0.0,lost_cause,0.02,0.18
5864,treatment,110,8,227.75,0.315,1,24.11,persuadable,0.58,13.34
5865,treatment,249,2,20.09,0.0,0,0.0,lost_cause,0.02,0.18
5866,control,209,2,5.0,0.228,0,0.0,lost_cause,0.02,0.18
5867,control,26,4,141.34,0.122,0,0.0,sleeping_dog,-0.11,-4.84
5868,treatment,13,26,403.7,0.959,1,22.13,sure_thing,0.03,0.72
5869,control,0,20,467.05,0.756,1,28.94,sure_thing,0.03,0.72
5870,treatment,3,20,353.26,0.401,0,0.0,sure_thing,0.03,0.72
5871,control,57,1,52.29,0.269,0,0.0,lost_cause,0.02,0.18
5872,control,103,2,15.77,0.036,0,0.0,lost_cause,0.02,0.18
5873,control,89,7,156.09,0.0,0,0.0,persuadable,0.58,13.34
5874,control,8,15,448.92,0.463,1,31.05,sure_thing,0.03,0.72
5875,control,76,6,178.01,0.439,0,0.0,persuadable,0.58,13.34
5876,treatment,130,5,42.17,0.016,0,0.0,lost_cause,0.02,0.18
5877,treatment,8,20,239.2,0.604,1,28.3,sure_thing,0.03,0.72
5878,control,183,2,23.69,0.29,0,0.0,lost_cause,0.02,0.18
5879,control,102,2,52.72,0.08,0,0.0,lost_cause,0.02,0.18
5880,treatment,340,1,20.3,0.148,0,0.0,lost_cause,0.02,0.18
5881,treatment,202,3,42.25,0.032,0,0.0,lost_cause,0.02,0.18
5882,treatment,123,3,25.32,0.172,0,0.0,lost_cause,0.02,0.18
5883,treatment,144,1,28.29,0.103,0,0.0,lost_cause,0.02,0.18
5884,control,215,2,15.77,0.292,0,0.0,lost_cause,0.02,0.18
5885,treatment,63,7,133.5,0.659,1,27.25,persuadable,0.58,13.34
5886,control,38,6,162.29,0.372,0,0.0,persuadable,0.58,13.34
5887,treatment,32,23,656.86,0.731,1,33.03,sure_thing,0.03,0.72
5888,treatment,26,18,448.75,0.886,1,23.09,sure_thing,0.03,0.72
5889,control,5,18,381.49,0.323,1,19.18,sure_thing,0.03,0.72
5890,treatment,153,3,59.37,0.184,0,0.0,lost_cause,0.02,0.18
5891,control,6,29,447.24,0.473,1,25.1,sure_thing,0.03,0.72
5892,control,11,24,650.54,0.547,1,24.06,sure_thing,0.03,0.72
5893,treatment,37,4,169.29,0.24,0,0.0,sleeping_dog,-0.11,-4.84
5894,treatment,55,5,130.22,0.556,1,14.66,persuadable,0.58,13.34
5895,treatment,113,2,5.0,0.0,0,0.0,lost_cause,0.02,0.18
5896,treatment,12,18,217.84,0.6,1,26.14,sure_thing,0.03,0.72
5897,treatment,98,1,49.4,0.018,0,0.0,lost_cause,0.02,0.18
5898,treatment,0,19,489.71,0.441,1,20.26,sure_thing,0.03,0.72
5899,treatment,107,7,47.45,0.353,1,20.66,persuadable,0.58,13.34
5900,control,4,18,354.35,0.382,1,29.78,sure_thing,0.03,0.72
5901,control,207,2,13.88,0.177,0,0.0,lost_cause,0.02,0.18
5902,treatment,367,2,25.97,0.171,0,0.0,lost_cause,0.02,0.18
5903,treatment,0,2,55.41,0.002,0,0.0,lost_cause,0.02,0.18
5904,treatment,5,15,418.96,0.535,1,18.06,sure_thing,0.03,0.72
5905,treatment,45,9,34.89,0.422,1,22.31,persuadable,0.58,13.34
5906,control,67,10,89.53,0.195,0,0.0,persuadable,0.58,13.34
5907,control,174,1,6.24,0.141,0,0.0,lost_cause,0.02,0.18
5908,treatment,0,19,625.89,0.647,1,31.53,sure_thing,0.03,0.72
5909,treatment,212,3,55.21,0.25,0,0.0,lost_cause,0.02,0.18
5910,control,84,4,166.62,0.639,1,24.29,persuadable,0.58,13.34
5911,treatment,17,4,184.48,0.059,1,39.32,sleeping_dog,-0.11,-4.84
5912,treatment,134,1,24.48,0.2,0,0.0,lost_cause,0.02,0.18
5913,control,27,18,514.41,0.754,0,0.0,sure_thing,0.03,0.72
5914,treatment,72,7,207.74,0.295,1,22.6,persuadable,0.58,13.34
5915,treatment,400,0,52.35,0.028,0,0.0,lost_cause,0.02,0.18
5916,control,223,1,52.01,0.196,1,3.0,lost_cause,0.02,0.18
5917,control,54,2,56.24,0.256,0,0.0,lost_cause,0.02,0.18
5918,control,95,4,170.73,0.172,0,0.0,persuadable,0.58,13.34
5919,treatment,231,1,27.07,0.091,1,5.83,lost_cause,0.02,0.18
5920,control,100,0,41.36,0.012,0,0.0,lost_cause,0.02,0.18
5921,control,25,9,155.6,0.209,0,0.0,persuadable,0.58,13.34
5922,control,279,3,21.07,0.263,0,0.0,lost_cause,0.02,0.18
5923,treatment,61,4,288.47,0.231,1,23.7,persuadable,0.58,13.34
5924,control,209,0,37.24,0.237,0,0.0,lost_cause,0.02,0.18
5925,control,315,1,26.73,0.12,0,0.0,lost_cause,0.02,0.18
5926,control,15,9,323.92,0.51,1,24.42,sure_thing,0.03,0.72
5927,treatment,121,3,51.61,0.087,0,0.0,lost_cause,0.02,0.18
5928,control,42,6,98.69,0.614,1,26.39,persuadable,0.58,13.34
5929,treatment,14,21,477.11,0.231,1,19.51,sure_thing,0.03,0.72
5930,treatment,242,1,93.83,0.241,0,0.0,lost_cause,0.02,0.18
5931,treatment,355,1,54.54,0.181,1,8.56,lost_cause,0.02,0.18
5932,treatment,31,15,463.76,0.615,1,14.7,sure_thing,0.03,0.72
5933,control,19,4,207.53,0.263,0,0.0,sleeping_dog,-0.11,-4.84
5934,control,43,4,120.21,0.432,0,0.0,persuadable,0.58,13.34
5935,control,184,0,13.28,0.247,0,0.0,lost_cause,0.02,0.18
5936,control,115,2,33.94,0.146,0,0.0,lost_cause,0.02,0.18
5937,control,35,18,401.89,0.686,0,0.0,sure_thing,0.03,0.72
5938,control,175,0,31.39,0.045,0,0.0,lost_cause,0.02,0.18
5939,control,227,3,5.0,0.114,1,10.75,lost_cause,0.02,0.18
5940,control,173,1,12.26,0.239,0,0.0,lost_cause,0.02,0.18
5941,treatment,2,16,738.53,0.663,1,28.57,sure_thing,0.03,0.72
5942,control,50,8,54.31,0.369,0,0.0,persuadable,0.58,13.34
5943,treatment,57,7,146.46,0.378,1,16.02,persuadable,0.58,13.34
5944,treatment,22,25,385.96,0.737,1,24.99,sure_thing,0.03,0.72
5945,control,11,17,312.25,0.832,1,23.55,sure_thing,0.03,0.72
5946,control,247,3,44.97,0.15,0,0.0,lost_cause,0.02,0.18
5947,control,310,1,5.77,0.093,0,0.0,lost_cause,0.02,0.18
5948,treatment,131,0,79.66,0.099,0,0.0,lost_cause,0.02,0.18
5949,control,66,1,5.0,0.28,0,0.0,lost_cause,0.02,0.18
5950,treatment,125,4,31.21,0.222,0,0.0,lost_cause,0.02,0.18
5951,treatment,61,2,69.49,0.188,0,0.0,lost_cause,0.02,0.18
5952,treatment,136,2,44.11,0.1,0,0.0,lost_cause,0.02,0.18
5953,control,182,4,53.49,0.0,1,9.65,lost_cause,0.02,0.18
5954,treatment,75,10,179.69,0.278,1,25.48,persuadable,0.58,13.34
5955,control,29,1,180.84,0.211,1,47.32,sleeping_dog,-0.11,-4.84
5956,treatment,10,21,462.28,0.442,1,29.5,sure_thing,0.03,0.72
5957,control,51,0,5.0,0.197,0,0.0,lost_cause,0.02,0.18
5958,control,0,13,301.94,0.345,1,25.15,sure_thing,0.03,0.72
5959,treatment,36,8,237.04,0.436,0,0.0,persuadable,0.58,13.34
5960,control,0,16,431.56,0.43,1,28.83,sure_thing,0.03,0.72
5961,control,30,24,321.5,0.754,1,11.37,sure_thing,0.03,0.72
5962,treatment,66,6,55.2,0.397,1,24.88,persuadable,0.58,13.34
5963,control,1,5,90.56,0.09,0,0.0,sleeping_dog,-0.11,-4.84
5964,control,6,18,327.44,0.464,1,21.48,sure_thing,0.03,0.72
5965,control,208,1,25.84,0.0,0,0.0,lost_cause,0.02,0.18
5966,treatment,8,19,472.88,0.476,1,25.32,sure_thing,0.03,0.72
5967,control,65,4,118.58,0.705,0,0.0,persuadable,0.58,13.34
5968,treatment,198,3,5.0,0.265,0,0.0,lost_cause,0.02,0.18
5969,treatment,59,1,19.5,0.301,1,8.0,lost_cause,0.02,0.18
5970,control,163,2,38.01,0.237,0,0.0,lost_cause,0.02,0.18
5971,control,53,1,15.11,0.096,0,0.0,lost_cause,0.02,0.18
5972,control,254,4,53.12,0.197,0,0.0,lost_cause,0.02,0.18
5973,control,87,10,16.59,0.252,0,0.0,persuadable,0.58,13.34
5974,treatment,18,10,823.95,0.314,0,0.0,sure_thing,0.03,0.72
5975,treatment,56,10,141.33,0.419,1,16.56,persuadable,0.58,13.34
5976,treatment,16,18,536.95,0.384,0,0.0,sure_thing,0.03,0.72
5977,control,173,3,12.66,0.084,0,0.0,lost_cause,0.02,0.18
5978,control,81,7,170.45,0.544,0,0.0,persuadable,0.58,13.34
5979,control,241,2,36.13,0.064,0,0.0,lost_cause,0.02,0.18
5980,control,324,2,23.59,0.124,0,0.0,lost_cause,0.02,0.18
5981,treatment,257,1,12.95,0.191,0,0.0,lost_cause,0.02,0.18
5982,control,17,20,350.9,0.353,1,21.36,sure_thing,0.03,0.72
5983,control,69,13,171.16,0.74,0,0.0,persuadable,0.58,13.34
5984,treatment,13,22,553.82,0.607,1,22.09,sure_thing,0.03,0.72
5985,control,23,9,421.14,0.407,1,26.53,sure_thing,0.03,0.72
5986,control,197,0,9.12,0.444,0,0.0,lost_cause,0.02,0.18
5987,control,12,19,547.07,0.474,1,24.41,sure_thing,0.03,0.72
5988,treatment,0,4,192.36,0.449,1,25.74,persuadable,0.58,13.34
5989,treatment,224,0,21.53,0.18,0,0.0,lost_cause,0.02,0.18
5990,treatment,88,7,230.31,0.279,1,22.28,persuadable,0.58,13.34
5991,treatment,21,21,363.65,0.631,0,0.0,sure_thing,0.03,0.72
5992,treatment,6,20,457.94,0.714,1,25.99,sure_thing,0.03,0.72
5993,control,26,14,513.64,0.225,1,22.77,sure_thing,0.03,0.72
5994,treatment,154,0,62.55,0.204,0,0.0,lost_cause,0.02,0.18
5995,treatment,193,2,7.3,0.039,0,0.0,lost_cause,0.02,0.18
5996,control,353,2,42.5,0.184,0,0.0,lost_cause,0.02,0.18
5997,treatment,16,17,370.1,0.53,0,0.0,sure_thing,0.03,0.72
5998,treatment,6,20,381.43,0.622,1,25.24,sure_thing,0.03,0.72
5999,treatment,48,10,168.5,0.327,1,20.12,persuadable,0.58,13.34
6000,control,144,5,5.0,0.24,1,9.42,lost_cause,0.02,0.18
6001,control,186,2,46.79,0.245,0,0.0,lost_cause,0.02,0.18
6002,control,216,4,16.45,0.19,0,0.0,lost_cause,0.02,0.18
6003,treatment,7,13,345.01,0.643,0,0.0,sure_thing,0.03,0.72
6004,control,228,0,24.95,0.08,0,0.0,lost_cause,0.02,0.18
6005,treatment,262,1,41.66,0.332,0,0.0,lost_cause,0.02,0.18
6006,control,92,2,31.57,0.202,0,0.0,lost_cause,0.02,0.18
6007,control,43,8,58.52,0.19,1,40.27,sleeping_dog,-0.11,-4.84
6008,treatment,13,19,439.86,0.512,1,31.34,sure_thing,0.03,0.72
6009,treatment,12,3,141.65,0.027,0,0.0,sleeping_dog,-0.11,-4.84
6010,control,150,1,41.56,0.335,0,0.0,lost_cause,0.02,0.18
6011,treatment,187,3,30.32,0.219,0,0.0,lost_cause,0.02,0.18
6012,control,30,2,194.23,0.595,0,0.0,persuadable,0.58,13.34
6013,treatment,45,4,200.33,0.603,1,18.36,persuadable,0.58,13.34
6014,treatment,221,3,37.32,0.284,0,0.0,lost_cause,0.02,0.18
6015,control,55,11,190.03,0.26,0,0.0,persuadable,0.58,13.34
6016,treatment,27,15,284.29,0.55,1,17.12,sure_thing,0.03,0.72
6017,control,39,6,25.1,0.562,0,0.0,persuadable,0.58,13.34
6018,control,33,8,188.98,0.257,1,51.31,sleeping_dog,-0.11,-4.84
6019,treatment,251,2,5.0,0.0,0,0.0,lost_cause,0.02,0.18
6020,treatment,30,3,169.61,0.0,0,0.0,sleeping_dog,-0.11,-4.84
6021,treatment,232,1,23.81,0.069,0,0.0,lost_cause,0.02,0.18
6022,control,201,2,25.66,0.195,0,0.0,lost_cause,0.02,0.18
6023,treatment,113,1,5.0,0.238,0,0.0,lost_cause,0.02,0.18
6024,control,92,4,40.36,0.073,0,0.0,lost_cause,0.02,0.18
6025,control,0,31,572.62,0.605,0,0.0,sure_thing,0.03,0.72
6026,treatment,56,6,158.85,0.281,1,20.85,persuadable,0.58,13.34
6027,control,89,2,38.06,0.0,0,0.0,lost_cause,0.02,0.18
6028,control,17,11,582.79,0.413,1,25.49,sure_thing,0.03,0.72
6029,control,4,19,379.69,0.684,1,31.29,sure_thing,0.03,0.72
6030,treatment,268,4,9.79,0.303,0,0.0,lost_cause,0.02,0.18
6031,control,13,18,319.78,0.452,1,24.2,sure_thing,0.03,0.72
6032,treatment,334,1,30.5,0.063,0,0.0,lost_cause,0.02,0.18
6033,treatment,22,17,434.65,0.557,1,27.84,sure_thing,0.03,0.72
6034,control,0,20,290.83,0.6,1,17.81,sure_thing,0.03,0.72
6035,treatment,0,6,103.4,0.285,1,30.8,persuadable,0.58,13.34
6036,treatment,35,2,227.67,0.027,0,0.0,sleeping_dog,-0.11,-4.84
6037,treatment,23,10,140.51,0.511,1,29.71,persuadable,0.58,13.34
6038,treatment,0,21,417.92,0.402,1,22.02,sure_thing,0.03,0.72
6039,control,119,5,40.95,0.264,0,0.0,lost_cause,0.02,0.18
6040,control,71,1,21.82,0.362,0,0.0,lost_cause,0.02,0.18
6041,control,57,6,151.95,0.481,0,0.0,persuadable,0.58,13.34
6042,control,100,7,133.66,0.227,1,22.9,persuadable,0.58,13.34
6043,treatment,107,3,85.22,0.429,1,33.23,persuadable,0.58,13.34
6044,treatment,46,7,32.59,0.505,0,0.0,persuadable,0.58,13.34
6045,control,18,24,432.26,0.535,1,16.11,sure_thing,0.03,0.72
6046,treatment,60,8,50.56,0.516,1,23.91,persuadable,0.58,13.34
6047,control,3,14,356.58,0.903,0,0.0,sure_thing,0.03,0.72
6048,control,10,12,377.96,0.41,1,20.73,sure_thing,0.03,0.72
6049,control,19,7,186.64,0.471,0,0.0,persuadable,0.58,13.34
6050,control,14,17,567.65,0.403,1,20.51,sure_thing,0.03,0.72
6051,control,56,4,139.71,0.735,1,20.88,persuadable,0.58,13.34
6052,control,69,8,149.7,0.255,0,0.0,persuadable,0.58,13.34
6053,control,161,2,43.27,0.114,0,0.0,lost_cause,0.02,0.18
6054,control,1,5,105.5,0.214,0,0.0,persuadable,0.58,13.34
6055,control,213,3,45.87,0.046,0,0.0,lost_cause,0.02,0.18
6056,treatment,42,14,397.48,0.46,0,0.0,sure_thing,0.03,0.72
6057,treatment,72,7,119.8,0.243,1,28.06,persuadable,0.58,13.34
6058,control,65,5,97.59,0.036,1,44.3,sleeping_dog,-0.11,-4.84
6059,treatment,17,3,130.94,0.207,1,69.04,sleeping_dog,-0.11,-4.84
6060,treatment,66,7,16.82,0.157,1,22.93,persuadable,0.58,13.34
6061,control,9,5,178.34,0.387,0,0.0,persuadable,0.58,13.34
6062,control,65,9,85.41,0.51,0,0.0,persuadable,0.58,13.34
6063,control,8,21,662.91,0.375,1,26.67,sure_thing,0.03,0.72
6064,control,145,4,8.57,0.141,0,0.0,lost_cause,0.02,0.18
6065,control,173,4,50.13,0.267,0,0.0,lost_cause,0.02,0.18
6066,treatment,0,12,175.84,0.344,0,0.0,persuadable,0.58,13.34
6067,control,0,7,229.63,0.303,1,18.92,persuadable,0.58,13.34
6068,treatment,68,5,65.47,0.649,1,21.06,persuadable,0.58,13.34
6069,treatment,8,25,489.95,0.528,1,18.27,sure_thing,0.03,0.72
6070,control,5,17,330.24,0.653,1,22.26,sure_thing,0.03,0.72
6071,control,76,3,150.16,0.387,0,0.0,persuadable,0.58,13.34
6072,control,22,19,461.61,0.809,1,22.48,sure_thing,0.03,0.72
6073,treatment,6,16,733.42,0.625,1,18.84,sure_thing,0.03,0.72
6074,treatment,253,2,61.83,0.009,0,0.0,lost_cause,0.02,0.18
6075,control,8,17,446.31,0.503,0,0.0,sure_thing,0.03,0.72
6076,control,11,19,512.72,0.61,1,23.26,sure_thing,0.03,0.72
6077,treatment,10,28,606.82,0.633,0,0.0,sure_thing,0.03,0.72
6078,treatment,226,0,16.71,0.186,0,0.0,lost_cause,0.02,0.18
6079,treatment,153,4,46.01,0.034,0,0.0,lost_cause,0.02,0.18
6080,treatment,14,9,353.24,0.696,0,0.0,sure_thing,0.03,0.72
6081,control,78,2,5.0,0.01,0,0.0,lost_cause,0.02,0.18
6082,control,16,3,214.35,0.413,0,0.0,persuadable,0.58,13.34
6083,control,180,0,5.0,0.029,0,0.0,lost_cause,0.02,0.18
6084,control,55,4,237.77,0.399,0,0.0,persuadable,0.58,13.34
6085,treatment,289,0,31.88,0.119,0,0.0,lost_cause,0.02,0.18
6086,control,65,2,264.92,0.417,0,0.0,persuadable,0.58,13.34
6087,control,43,1,9.77,0.016,0,0.0,lost_cause,0.02,0.18
6088,control,329,0,49.81,0.16,0,0.0,lost_cause,0.02,0.18
6089,treatment,21,26,461.47,0.545,1,27.08,sure_thing,0.03,0.72
6090,control,64,5,145.8,0.319,0,0.0,persuadable,0.58,13.34
6091,treatment,209,2,68.63,0.032,1,8.59,lost_cause,0.02,0.18
6092,control,23,12,347.03,0.368,1,20.46,sure_thing,0.03,0.72
6093,treatment,2,18,375.68,0.309,1,27.2,sure_thing,0.03,0.72
6094,treatment,327,1,25.91,0.038,0,0.0,lost_cause,0.02,0.18
6095,treatment,135,4,18.82,0.0,0,0.0,lost_cause,0.02,0.18
6096,treatment,12,23,416.6,0.551,1,24.48,sure_thing,0.03,0.72
6097,control,123,3,45.02,0.201,0,0.0,lost_cause,0.02,0.18
6098,treatment,74,2,46.05,0.07,1,10.84,lost_cause,0.02,0.18
6099,treatment,58,3,102.36,0.42,1,22.56,persuadable,0.58,13.34
6100,control,214,0,44.63,0.153,0,0.0,lost_cause,0.02,0.18
6101,treatment,28,4,5.62,0.171,0,0.0,sleeping_dog,-0.11,-4.84
6102,control,98,11,121.71,0.175,0,0.0,persuadable,0.58,13.34
6103,control,205,0,13.42,0.225,0,0.0,lost_cause,0.02,0.18
6104,control,68,8,256.24,0.591,0,0.0,persuadable,0.58,13.34
6105,control,175,1,43.29,0.162,0,0.0,lost_cause,0.02,0.18
6106,treatment,11,17,316.62,0.634,1,23.91,sure_thing,0.03,0.72
6107,control,201,3,35.67,0.129,0,0.0,lost_cause,0.02,0.18
6108,control,233,0,5.0,0.096,0,0.0,lost_cause,0.02,0.18
6109,treatment,52,2,196.58,0.563,1,21.58,persuadable,0.58,13.34
6110,treatment,123,1,21.03,0.028,0,0.0,lost_cause,0.02,0.18
6111,control,54,7,196.81,0.401,0,0.0,persuadable,0.58,13.34
6112,control,276,0,51.29,0.21,0,0.0,lost_cause,0.02,0.18
6113,control,6,17,401.51,0.336,1,14.78,sure_thing,0.03,0.72
6114,treatment,53,4,20.69,0.144,0,0.0,lost_cause,0.02,0.18
6115,treatment,0,15,515.91,0.287,1,22.1,sure_thing,0.03,0.72
6116,control,129,8,115.53,0.551,0,0.0,persuadable,0.58,13.34
6117,treatment,82,6,99.03,0.283,1,15.46,persuadable,0.58,13.34
6118,treatment,152,1,5.0,0.0,0,0.0,lost_cause,0.02,0.18
6119,treatment,224,0,44.54,0.075,0,0.0,lost_cause,0.02,0.18
6120,control,0,16,477.28,0.805,1,22.33,sure_thing,0.03,0.72
6121,control,54,6,185.04,0.56,0,0.0,persuadable,0.58,13.34
6122,control,170,2,49.04,0.271,0,0.0,lost_cause,0.02,0.18
6123,control,31,7,165.55,0.329,1,17.92,persuadable,0.58,13.34
6124,treatment,52,9,266.7,0.568,0,0.0,persuadable,0.58,13.34
6125,treatment,0,6,115.44,0.039,1,55.2,sleeping_dog,-0.11,-4.84
6126,control,208,1,21.16,0.192,0,0.0,lost_cause,0.02,0.18
6127,treatment,54,1,28.54,0.182,0,0.0,lost_cause,0.02,0.18
6128,control,76,12,271.02,0.301,0,0.0,persuadable,0.58,13.34
6129,treatment,34,19,283.03,0.818,1,18.06,sure_thing,0.03,0.72
6130,treatment,166,2,37.41,0.249,0,0.0,lost_cause,0.02,0.18
6131,treatment,189,1,11.22,0.0,0,0.0,lost_cause,0.02,0.18
6132,control,67,1,35.86,0.108,0,0.0,lost_cause,0.02,0.18
6133,control,18,24,423.16,0.562,1,19.6,sure_thing,0.03,0.72
6134,treatment,43,4,43.23,0.427,0,0.0,persuadable,0.58,13.34
6135,control,243,4,59.79,0.105,0,0.0,lost_cause,0.02,0.18
6136,control,29,5,198.95,0.382,0,0.0,persuadable,0.58,13.34
6137,control,10,15,585.11,0.562,1,33.2,sure_thing,0.03,0.72
6138,treatment,9,19,477.54,0.608,1,23.88,sure_thing,0.03,0.72
6139,treatment,83,2,47.23,0.141,0,0.0,lost_cause,0.02,0.18
6140,control,119,1,33.52,0.231,0,0.0,lost_cause,0.02,0.18
6141,control,77,4,22.76,0.116,0,0.0,lost_cause,0.02,0.18
6142,control,80,3,93.44,0.683,0,0.0,persuadable,0.58,13.34
6143,treatment,209,3,79.02,0.011,0,0.0,lost_cause,0.02,0.18
6144,treatment,123,4,5.0,0.1,0,0.0,lost_cause,0.02,0.18
6145,control,245,1,28.8,0.093,0,0.0,lost_cause,0.02,0.18
6146,control,84,10,145.07,0.463,0,0.0,persuadable,0.58,13.34
6147,treatment,0,17,398.95,0.419,0,0.0,sure_thing,0.03,0.72
6148,control,266,2,16.34,0.379,0,0.0,lost_cause,0.02,0.18
6149,control,161,3,12.61,0.261,0,0.0,lost_cause,0.02,0.18
6150,treatment,12,20,407.83,0.536,1,23.49,sure_thing,0.03,0.72
6151,control,240,3,26.81,0.274,0,0.0,lost_cause,0.02,0.18
6152,treatment,67,6,188.01,0.184,0,0.0,sleeping_dog,-0.11,-4.84
6153,treatment,47,7,79.12,0.466,1,22.86,persuadable,0.58,13.34
6154,control,348,1,25.22,0.321,1,8.56,lost_cause,0.02,0.18
6155,treatment,11,20,392.59,0.459,0,0.0,sure_thing,0.03,0.72
6156,control,44,5,61.06,0.177,0,0.0,lost_cause,0.02,0.18
6157,treatment,39,0,65.96,0.258,0,0.0,lost_cause,0.02,0.18
6158,treatment,348,3,57.21,0.229,0,0.0,lost_cause,0.02,0.18
6159,treatment,114,2,44.45,0.199,0,0.0,lost_cause,0.02,0.18
6160,control,9,6,298.78,0.629,0,0.0,sure_thing,0.03,0.72
6161,treatment,400,2,22.7,0.047,0,0.0,lost_cause,0.02,0.18
6162,treatment,2,15,466.99,0.495,0,0.0,sure_thing,0.03,0.72
6163,control,25,1,131.69,0.539,0,0.0,persuadable,0.58,13.34
6164,treatment,18,26,348.1,0.422,0,0.0,sure_thing,0.03,0.72
6165,treatment,269,2,21.38,0.348,0,0.0,lost_cause,0.02,0.18
6166,control,0,5,65.24,0.171,0,0.0,lost_cause,0.02,0.18
6167,control,0,29,399.73,0.506,1,26.7,sure_thing,0.03,0.72
6168,control,0,14,354.75,0.522,1,23.25,sure_thing,0.03,0.72
6169,control,19,7,91.07,0.305,0,0.0,persuadable,0.58,13.34
6170,treatment,271,1,44.29,0.146,0,0.0,lost_cause,0.02,0.18
6171,treatment,181,0,5.0,0.24,0,0.0,lost_cause,0.02,0.18
6172,treatment,37,9,171.03,0.544,0,0.0,persuadable,0.58,13.34
6173,control,16,29,501.22,0.359,1,24.38,sure_thing,0.03,0.72
6174,control,202,4,21.35,0.202,0,0.0,lost_cause,0.02,0.18
6175,treatment,73,2,155.59,0.238,0,0.0,persuadable,0.58,13.34
6176,treatment,268,2,5.0,0.282,0,0.0,lost_cause,0.02,0.18
6177,control,6,20,304.89,0.591,0,0.0,sure_thing,0.03,0.72
6178,treatment,26,11,504.54,0.575,1,23.79,sure_thing,0.03,0.72
6179,control,42,2,299.95,0.433,1,26.77,persuadable,0.58,13.34
6180,treatment,140,3,34.34,0.096,0,0.0,lost_cause,0.02,0.18
6181,control,34,11,110.46,0.321,0,0.0,persuadable,0.58,13.34
6182,treatment,53,8,253.97,0.177,1,37.88,sleeping_dog,-0.11,-4.84
6183,control,44,0,221.25,0.109,0,0.0,sleeping_dog,-0.11,-4.84
6184,control,76,10,136.83,0.44,0,0.0,persuadable,0.58,13.34
6185,control,166,3,52.63,0.0,0,0.0,lost_cause,0.02,0.18
6186,control,21,4,204.86,0.239,0,0.0,sleeping_dog,-0.11,-4.84
6187,treatment,15,17,397.68,0.537,1,29.85,sure_thing,0.03,0.72
6188,control,73,7,145.48,0.484,0,0.0,persuadable,0.58,13.34
6189,control,10,24,320.0,0.899,1,19.03,sure_thing,0.03,0.72
6190,treatment,207,5,59.12,0.005,0,0.0,lost_cause,0.02,0.18
6191,control,81,8,144.67,0.252,0,0.0,persuadable,0.58,13.34
6192,treatment,31,25,239.52,0.279,1,23.24,sure_thing,0.03,0.72
6193,treatment,42,1,29.93,0.148,0,0.0,lost_cause,0.02,0.18
6194,treatment,169,1,32.33,0.202,0,0.0,lost_cause,0.02,0.18
6195,control,217,3,27.45,0.339,0,0.0,lost_cause,0.02,0.18
6196,control,197,2,5.0,0.094,0,0.0,lost_cause,0.02,0.18
6197,treatment,6,8,209.03,0.195,1,55.23,sleeping_dog,-0.11,-4.84
6198,treatment,207,2,20.52,0.164,0,0.0,lost_cause,0.02,0.18
6199,treatment,195,0,28.41,0.061,0,0.0,lost_cause,0.02,0.18
6200,treatment,98,2,232.32,0.604,1,34.37,persuadable,0.58,13.34
6201,treatment,21,1,37.61,0.21,1,11.81,lost_cause,0.02,0.18
6202,control,117,3,42.07,0.276,0,0.0,lost_cause,0.02,0.18
6203,treatment,59,4,158.01,0.379,1,22.72,persuadable,0.58,13.34
6204,treatment,22,0,28.76,0.266,0,0.0,lost_cause,0.02,0.18
6205,treatment,21,19,540.6,0.504,1,10.59,sure_thing,0.03,0.72
6206,treatment,30,3,115.12,0.325,1,26.21,persuadable,0.58,13.34
6207,treatment,26,16,345.42,0.492,1,21.42,sure_thing,0.03,0.72
6208,treatment,224,3,41.79,0.088,0,0.0,lost_cause,0.02,0.18
6209,control,281,0,5.0,0.05,0,0.0,lost_cause,0.02,0.18
6210,control,11,10,316.44,0.481,1,33.05,sure_thing,0.03,0.72
6211,treatment,40,6,204.44,0.069,0,0.0,sleeping_dog,-0.11,-4.84
6212,treatment,3,17,446.77,0.457,1,35.91,sure_thing,0.03,0.72
6213,treatment,1,10,450.44,0.708,0,0.0,sure_thing,0.03,0.72
6214,treatment,8,19,473.64,0.604,1,28.72,sure_thing,0.03,0.72
6215,control,210,6,34.46,0.055,0,0.0,lost_cause,0.02,0.18
6216,treatment,21,18,264.63,0.461,1,20.02,sure_thing,0.03,0.72
6217,treatment,16,4,30.24,0.179,0,0.0,lost_cause,0.02,0.18
6218,control,163,4,69.62,0.0,0,0.0,lost_cause,0.02,0.18
6219,control,90,7,130.74,0.693,1,25.6,persuadable,0.58,13.34
6220,control,267,4,18.89,0.306,0,0.0,lost_cause,0.02,0.18
6221,control,22,19,493.3,0.786,1,30.38,sure_thing,0.03,0.72
6222,treatment,51,10,169.17,0.298,1,22.51,persuadable,0.58,13.34
6223,treatment,239,1,56.18,0.252,0,0.0,lost_cause,0.02,0.18
6224,control,47,11,224.76,0.652,0,0.0,persuadable,0.58,13.34
6225,treatment,264,2,29.2,0.252,0,0.0,lost_cause,0.02,0.18
6226,control,7,4,189.26,0.069,1,30.62,sleeping_dog,-0.11,-4.84
6227,control,270,1,35.22,0.107,0,0.0,lost_cause,0.02,0.18
6228,control,6,25,482.87,0.542,1,20.24,sure_thing,0.03,0.72
6229,control,26,2,188.29,0.099,0,0.0,sleeping_dog,-0.11,-4.84
6230,treatment,11,8,245.98,0.396,0,0.0,persuadable,0.58,13.34
6231,control,24,14,536.94,0.618,1,32.11,sure_thing,0.03,0.72
6232,treatment,102,3,38.38,0.198,0,0.0,lost_cause,0.02,0.18
6233,control,10,9,276.44,0.744,1,22.53,sure_thing,0.03,0.72
6234,treatment,25,11,518.95,0.581,1,29.02,sure_thing,0.03,0.72
6235,control,219,2,49.87,0.331,0,0.0,lost_cause,0.02,0.18
6236,treatment,225,3,5.0,0.179,1,10.8,lost_cause,0.02,0.18
6237,control,38,3,158.15,0.561,0,0.0,persuadable,0.58,13.34
6238,treatment,6,23,519.72,0.749,1,26.52,sure_thing,0.03,0.72
6239,treatment,108,1,5.0,0.252,0,0.0,lost_cause,0.02,0.18
6240,treatment,12,12,455.13,0.814,0,0.0,sure_thing,0.03,0.72
6241,treatment,0,22,508.67,0.805,1,23.76,sure_thing,0.03,0.72
6242,treatment,16,7,138.96,0.174,0,0.0,persuadable,0.58,13.34
6243,control,38,14,322.03,0.25,1,25.24,sure_thing,0.03,0.72
6244,treatment,146,2,58.29,0.201,0,0.0,lost_cause,0.02,0.18
6245,control,187,1,48.65,0.339,0,0.0,lost_cause,0.02,0.18
6246,treatment,371,1,57.31,0.128,0,0.0,lost_cause,0.02,0.18
6247,treatment,6,3,112.62,0.213,1,43.83,sleeping_dog,-0.11,-4.84
6248,control,292,1,25.3,0.0,0,0.0,lost_cause,0.02,0.18
6249,control,201,2,59.62,0.206,0,0.0,lost_cause,0.02,0.18
6250,control,38,3,149.21,0.157,1,55.8,sleeping_dog,-0.11,-4.84
6251,control,204,3,5.0,0.113,0,0.0,lost_cause,0.02,0.18
6252,treatment,4,25,440.15,0.537,1,26.54,sure_thing,0.03,0.72
6253,treatment,54,5,153.0,0.054,1,54.98,sleeping_dog,-0.11,-4.84
6254,treatment,34,6,68.93,0.345,1,22.06,persuadable,0.58,13.34
6255,treatment,57,4,5.0,0.009,0,0.0,lost_cause,0.02,0.18
6256,treatment,14,17,363.05,0.259,1,29.74,sure_thing,0.03,0.72
6257,control,203,1,5.0,0.098,0,0.0,lost_cause,0.02,0.18
6258,treatment,7,13,494.72,0.599,0,0.0,sure_thing,0.03,0.72
6259,control,289,3,56.51,0.071,0,0.0,lost_cause,0.02,0.18
6260,treatment,164,1,35.32,0.189,0,0.0,lost_cause,0.02,0.18
6261,control,247,4,42.2,0.21,0,0.0,lost_cause,0.02,0.18
6262,control,323,2,21.41,0.052,1,6.9,lost_cause,0.02,0.18
6263,control,97,7,128.94,0.528,0,0.0,persuadable,0.58,13.34
6264,treatment,173,1,11.41,0.054,0,0.0,lost_cause,0.02,0.18
6265,control,63,2,41.78,0.265,0,0.0,lost_cause,0.02,0.18
6266,control,191,3,9.6,0.043,0,0.0,lost_cause,0.02,0.18
6267,treatment,187,2,27.65,0.235,0,0.0,lost_cause,0.02,0.18
6268,treatment,400,3,31.54,0.123,1,9.25,lost_cause,0.02,0.18
6269,control,192,2,65.34,0.053,0,0.0,lost_cause,0.02,0.18
6270,treatment,32,10,134.91,0.489,1,31.68,persuadable,0.58,13.34
6271,control,190,5,55.18,0.183,0,0.0,lost_cause,0.02,0.18
6272,control,13,26,490.3,0.845,0,0.0,sure_thing,0.03,0.72
6273,control,290,4,39.1,0.125,0,0.0,lost_cause,0.02,0.18
6274,treatment,134,2,38.1,0.0,0,0.0,lost_cause,0.02,0.18
6275,treatment,170,3,5.0,0.15,0,0.0,lost_cause,0.02,0.18
6276,control,45,8,144.54,0.347,0,0.0,persuadable,0.58,13.34
6277,control,186,5,49.54,0.011,0,0.0,lost_cause,0.02,0.18
6278,control,184,3,41.18,0.046,0,0.0,lost_cause,0.02,0.18
6279,treatment,105,6,81.01,0.316,1,30.82,persuadable,0.58,13.34
6280,treatment,233,2,44.43,0.0,0,0.0,lost_cause,0.02,0.18
6281,treatment,215,1,28.95,0.286,0,0.0,lost_cause,0.02,0.18
6282,treatment,0,3,29.0,0.164,0,0.0,lost_cause,0.02,0.18
6283,control,94,6,217.98,0.258,0,0.0,persuadable,0.58,13.34
6284,treatment,299,1,46.9,0.068,0,0.0,lost_cause,0.02,0.18
6285,treatment,19,4,195.53,0.031,0,0.0,sleeping_dog,-0.11,-4.84
6286,treatment,159,2,27.53,0.207,0,0.0,lost_cause,0.02,0.18
6287,treatment,11,24,355.11,0.695,1,23.74,sure_thing,0.03,0.72
6288,control,107,4,129.48,0.331,1,21.39,persuadable,0.58,13.34
6289,control,19,14,350.16,0.439,1,17.13,sure_thing,0.03,0.72
6290,control,6,19,437.89,0.749,1,29.34,sure_thing,0.03,0.72
6291,treatment,262,5,16.89,0.159,0,0.0,lost_cause,0.02,0.18
6292,control,208,1,34.58,0.118,0,0.0,lost_cause,0.02,0.18
6293,treatment,44,5,205.2,0.197,1,39.82,sleeping_dog,-0.11,-4.84
6294,control,254,4,32.7,0.065,0,0.0,lost_cause,0.02,0.18
6295,control,22,16,430.93,0.527,1,27.23,sure_thing,0.03,0.72
6296,control,24,26,594.58,0.744,1,25.74,sure_thing,0.03,0.72
6297,control,23,4,198.79,0.18,1,57.77,sleeping_dog,-0.11,-4.84
6298,treatment,318,1,19.58,0.13,0,0.0,lost_cause,0.02,0.18
6299,control,183,0,5.0,0.185,0,0.0,lost_cause,0.02,0.18
6300,control,3,13,137.24,0.581,0,0.0,persuadable,0.58,13.34
6301,control,5,19,636.77,0.698,1,24.1,sure_thing,0.03,0.72
6302,control,21,25,578.15,0.552,1,21.01,sure_thing,0.03,0.72
6303,treatment,16,20,353.44,0.359,1,26.12,sure_thing,0.03,0.72
6304,treatment,101,7,85.67,0.33,1,11.45,persuadable,0.58,13.34
6305,control,8,14,145.8,0.585,0,0.0,persuadable,0.58,13.34
6306,treatment,60,5,65.56,0.489,0,0.0,persuadable,0.58,13.34
6307,control,161,1,55.08,0.237,0,0.0,lost_cause,0.02,0.18
6308,control,50,9,86.45,0.443,0,0.0,persuadable,0.58,13.34
6309,control,235,1,5.0,0.115,0,0.0,lost_cause,0.02,0.18
6310,treatment,66,7,152.55,0.17,1,27.26,persuadable,0.58,13.34
6311,treatment,192,2,60.6,0.154,0,0.0,lost_cause,0.02,0.18
6312,treatment,26,8,121.31,0.59,1,33.69,persuadable,0.58,13.34
6313,control,0,10,333.5,0.598,1,27.76,sure_thing,0.03,0.72
6314,treatment,360,1,33.63,0.211,0,0.0,lost_cause,0.02,0.18
6315,treatment,34,9,285.35,0.62,1,24.3,persuadable,0.58,13.34
6316,treatment,20,18,546.96,0.577,0,0.0,sure_thing,0.03,0.72
6317,control,181,1,31.76,0.241,0,0.0,lost_cause,0.02,0.18
6318,treatment,62,10,156.67,0.294,1,29.55,persuadable,0.58,13.34
6319,control,9,17,467.82,0.664,1,27.1,sure_thing,0.03,0.72
6320,control,18,21,370.44,0.872,1,31.71,sure_thing,0.03,0.72
6321,control,48,2,278.58,0.218,0,0.0,sleeping_dog,-0.11,-4.84
6322,treatment,149,2,26.8,0.201,0,0.0,lost_cause,0.02,0.18
6323,treatment,378,4,25.1,0.108,1,6.59,lost_cause,0.02,0.18
6324,treatment,14,7,244.85,0.168,1,25.61,persuadable,0.58,13.34
6325,control,141,3,14.34,0.177,0,0.0,lost_cause,0.02,0.18
6326,control,0,5,201.24,0.286,0,0.0,persuadable,0.58,13.34
6327,treatment,272,1,26.07,0.151,0,0.0,lost_cause,0.02,0.18
6328,control,58,1,202.27,0.481,0,0.0,persuadable,0.58,13.34
6329,treatment,149,2,17.69,0.275,0,0.0,lost_cause,0.02,0.18
6330,treatment,10,16,499.41,0.65,1,23.5,sure_thing,0.03,0.72
6331,control,14,21,346.28,0.701,0,0.0,sure_thing,0.03,0.72
6332,control,261,1,47.71,0.065,0,0.0,lost_cause,0.02,0.18
6333,treatment,20,11,348.95,0.624,1,22.87,sure_thing,0.03,0.72
6334,control,20,19,774.45,0.657,1,19.9,sure_thing,0.03,0.72
6335,control,344,4,5.0,0.211,0,0.0,lost_cause,0.02,0.18
6336,treatment,53,6,161.24,0.435,0,0.0,persuadable,0.58,13.34
6337,control,52,8,158.07,0.656,1,29.46,persuadable,0.58,13.34
6338,treatment,326,0,16.55,0.178,0,0.0,lost_cause,0.02,0.18
6339,treatment,168,3,18.28,0.136,0,0.0,lost_cause,0.02,0.18
6340,treatment,254,3,67.64,0.182,0,0.0,lost_cause,0.02,0.18
6341,treatment,47,8,69.47,0.452,1,21.73,persuadable,0.58,13.34
6342,control,7,17,306.83,0.53,1,26.12,sure_thing,0.03,0.72
6343,treatment,311,1,43.55,0.1,1,10.76,lost_cause,0.02,0.18
6344,treatment,69,4,312.59,0.444,1,21.43,persuadable,0.58,13.34
6345,treatment,215,1,38.46,0.022,0,0.0,lost_cause,0.02,0.18
6346,treatment,0,1,266.56,0.368,1,28.81,persuadable,0.58,13.34
6347,treatment,95,8,257.67,0.433,0,0.0,persuadable,0.58,13.34
6348,control,370,2,58.88,0.327,0,0.0,lost_cause,0.02,0.18
6349,treatment,0,14,476.25,0.623,1,19.21,sure_thing,0.03,0.72
6350,control,10,25,288.0,0.461,1,22.19,sure_thing,0.03,0.72
6351,control,29,2,269.31,0.147,0,0.0,sleeping_dog,-0.11,-4.84
6352,control,344,0,19.32,0.276,0,0.0,lost_cause,0.02,0.18
6353,control,15,15,485.21,0.721,1,22.91,sure_thing,0.03,0.72
6354,control,20,4,238.45,0.016,1,52.01,sleeping_dog,-0.11,-4.84
6355,control,358,1,12.09,0.141,0,0.0,lost_cause,0.02,0.18
6356,treatment,76,6,116.58,0.507,0,0.0,persuadable,0.58,13.34
6357,treatment,208,0,47.75,0.312,0,0.0,lost_cause,0.02,0.18
6358,treatment,242,3,26.64,0.252,0,0.0,lost_cause,0.02,0.18
6359,treatment,7,6,152.98,0.096,0,0.0,sleeping_dog,-0.11,-4.84
6360,control,98,0,52.57,0.074,0,0.0,lost_cause,0.02,0.18
6361,control,127,1,79.0,0.212,0,0.0,lost_cause,0.02,0.18
6362,control,258,0,38.56,0.155,0,0.0,lost_cause,0.02,0.18
6363,control,12,20,446.56,0.827,1,22.43,sure_thing,0.03,0.72
6364,control,4,17,402.0,0.616,1,19.14,sure_thing,0.03,0.72
6365,treatment,142,1,54.0,0.103,0,0.0,lost_cause,0.02,0.18
6366,treatment,16,23,408.04,0.823,1,20.87,sure_thing,0.03,0.72
6367,treatment,210,3,30.99,0.124,0,0.0,lost_cause,0.02,0.18
6368,control,0,10,22.58,0.359,0,0.0,persuadable,0.58,13.34
6369,treatment,111,3,29.06,0.182,0,0.0,lost_cause,0.02,0.18
6370,control,33,25,266.79,0.417,0,0.0,sure_thing,0.03,0.72
6371,treatment,89,9,170.9,0.392,1,26.23,persuadable,0.58,13.34
6372,control,144,4,38.8,0.216,0,0.0,lost_cause,0.02,0.18
6373,control,25,6,211.11,0.291,1,60.86,sleeping_dog,-0.11,-4.84
6374,treatment,0,21,320.45,0.528,1,20.89,sure_thing,0.03,0.72
6375,control,2,10,607.14,0.376,0,0.0,sure_thing,0.03,0.72
6376,control,98,0,66.36,0.183,0,0.0,lost_cause,0.02,0.18
6377,treatment,11,19,345.05,0.587,1,22.38,sure_thing,0.03,0.72
6378,treatment,56,10,137.38,0.501,1,23.53,persuadable,0.58,13.34
6379,treatment,21,26,468.43,0.704,1,30.08,sure_thing,0.03,0.72
6380,treatment,101,9,307.59,0.596,0,0.0,persuadable,0.58,13.34
6381,control,21,27,378.76,0.588,1,26.98,sure_thing,0.03,0.72
6382,treatment,234,0,38.78,0.136,0,0.0,lost_cause,0.02,0.18
6383,control,74,9,112.87,0.52,0,0.0,persuadable,0.58,13.34
6384,treatment,22,18,549.87,0.665,1,24.25,sure_thing,0.03,0.72
6385,control,26,8,399.54,0.696,1,32.91,sure_thing,0.03,0.72
6386,treatment,28,17,395.48,0.769,1,15.42,sure_thing,0.03,0.72
6387,control,141,5,63.31,0.027,0,0.0,lost_cause,0.02,0.18
6388,control,219,3,30.73,0.091,0,0.0,lost_cause,0.02,0.18
6389,control,259,0,20.38,0.212,0,0.0,lost_cause,0.02,0.18
6390,control,13,12,652.15,0.655,1,22.1,sure_thing,0.03,0.72
6391,control,39,9,195.92,0.4,0,0.0,persuadable,0.58,13.34
6392,treatment,9,12,167.56,0.606,1,28.96,sure_thing,0.03,0.72
6393,control,11,8,130.32,0.518,0,0.0,persuadable,0.58,13.34
6394,treatment,175,3,22.57,0.14,0,0.0,lost_cause,0.02,0.18
6395,control,208,3,40.26,0.126,0,0.0,lost_cause,0.02,0.18
6396,control,400,3,28.4,0.109,0,0.0,lost_cause,0.02,0.18
6397,treatment,256,3,18.39,0.157,0,0.0,lost_cause,0.02,0.18
6398,control,349,3,38.18,0.043,1,12.2,lost_cause,0.02,0.18
6399,control,341,3,29.21,0.106,0,0.0,lost_cause,0.02,0.18
6400,treatment,285,2,57.15,0.004,0,0.0,lost_cause,0.02,0.18
6401,treatment,0,19,408.22,0.739,1,21.25,sure_thing,0.03,0.72
6402,treatment,20,23,529.41,0.576,1,18.41,sure_thing,0.03,0.72
6403,control,64,7,205.41,0.25,1,15.52,persuadable,0.58,13.34
6404,control,64,3,97.85,0.146,0,0.0,sleeping_dog,-0.11,-4.84
6405,treatment,255,3,19.0,0.328,0,0.0,lost_cause,0.02,0.18
6406,treatment,40,7,232.44,0.111,0,0.0,sleeping_dog,-0.11,-4.84
6407,treatment,60,8,181.79,0.496,0,0.0,persuadable,0.58,13.34
6408,control,24,13,536.67,0.529,1,18.64,sure_thing,0.03,0.72
6409,control,17,4,265.26,0.228,1,32.47,sleeping_dog,-0.11,-4.84
6410,control,12,12,695.78,0.287,1,30.94,sure_thing,0.03,0.72
6411,control,62,2,65.66,0.186,0,0.0,lost_cause,0.02,0.18
6412,treatment,251,2,54.53,0.087,0,0.0,lost_cause,0.02,0.18
6413,control,119,2,58.33,0.161,0,0.0,lost_cause,0.02,0.18
6414,treatment,22,16,304.76,0.45,1,29.21,sure_thing,0.03,0.72
6415,treatment,9,24,457.96,0.731,0,0.0,sure_thing,0.03,0.72
6416,control,14,24,414.29,0.373,1,14.76,sure_thing,0.03,0.72
6417,control,88,2,49.6,0.228,0,0.0,lost_cause,0.02,0.18
6418,treatment,201,2,69.13,0.361,0,0.0,lost_cause,0.02,0.18
6419,control,4,17,386.46,0.365,1,19.78,sure_thing,0.03,0.72
6420,treatment,32,19,564.95,0.444,1,24.63,sure_thing,0.03,0.72
6421,control,310,3,38.34,0.247,0,0.0,lost_cause,0.02,0.18
6422,control,261,2,22.58,0.038,0,0.0,lost_cause,0.02,0.18
6423,treatment,273,2,5.0,0.198,0,0.0,lost_cause,0.02,0.18
6424,control,45,8,187.21,0.493,0,0.0,persuadable,0.58,13.34
6425,control,85,7,228.46,0.448,0,0.0,persuadable,0.58,13.34
6426,treatment,278,5,53.68,0.267,0,0.0,lost_cause,0.02,0.18
6427,treatment,67,4,147.49,0.201,1,31.98,sleeping_dog,-0.11,-4.84
6428,treatment,277,5,55.03,0.176,1,11.58,lost_cause,0.02,0.18
6429,control,113,2,43.33,0.0,0,0.0,lost_cause,0.02,0.18
6430,control,110,1,32.9,0.019,0,0.0,lost_cause,0.02,0.18
6431,treatment,51,6,34.17,0.377,1,17.82,persuadable,0.58,13.34
6432,treatment,29,14,584.06,0.451,1,21.61,sure_thing,0.03,0.72
6433,control,0,15,515.5,0.402,1,24.51,sure_thing,0.03,0.72
6434,treatment,7,4,218.12,0.029,0,0.0,sleeping_dog,-0.11,-4.84
6435,treatment,215,4,47.44,0.383,1,8.13,lost_cause,0.02,0.18
6436,control,301,0,42.5,0.193,0,0.0,lost_cause,0.02,0.18
6437,treatment,204,4,14.18,0.054,0,0.0,lost_cause,0.02,0.18
6438,control,15,21,364.78,0.366,1,22.42,sure_thing,0.03,0.72
6439,control,141,4,62.07,0.031,0,0.0,lost_cause,0.02,0.18
6440,control,159,1,33.14,0.0,0,0.0,lost_cause,0.02,0.18
6441,treatment,77,3,154.3,0.234,1,23.09,persuadable,0.58,13.34
6442,control,25,0,125.89,0.0,0,0.0,sleeping_dog,-0.11,-4.84
6443,treatment,43,7,156.67,0.082,0,0.0,sleeping_dog,-0.11,-4.84
6444,control,165,2,30.51,0.093,0,0.0,lost_cause,0.02,0.18
6445,control,13,12,524.26,0.348,0,0.0,sure_thing,0.03,0.72
6446,control,49,7,53.95,0.507,0,0.0,persuadable,0.58,13.34
6447,treatment,31,7,197.86,0.137,0,0.0,sleeping_dog,-0.11,-4.84
6448,treatment,149,0,42.41,0.076,0,0.0,lost_cause,0.02,0.18
6449,control,45,4,264.3,0.236,1,32.61,sleeping_dog,-0.11,-4.84
6450,control,14,25,443.89,0.395,1,25.07,sure_thing,0.03,0.72
6451,treatment,110,2,69.93,0.066,0,0.0,lost_cause,0.02,0.18
6452,control,22,19,504.21,0.591,1,22.16,sure_thing,0.03,0.72
6453,treatment,351,0,23.19,0.316,0,0.0,lost_cause,0.02,0.18
6454,treatment,224,0,31.31,0.338,0,0.0,lost_cause,0.02,0.18
6455,treatment,10,20,501.78,0.517,1,22.34,sure_thing,0.03,0.72
6456,control,0,7,169.07,0.322,0,0.0,persuadable,0.58,13.34
6457,control,60,2,25.4,0.111,0,0.0,lost_cause,0.02,0.18
6458,treatment,19,18,579.3,0.479,1,19.07,sure_thing,0.03,0.72
6459,treatment,9,23,398.77,0.502,1,17.53,sure_thing,0.03,0.72
6460,treatment,36,22,298.47,0.537,0,0.0,sure_thing,0.03,0.72
6461,control,7,16,486.72,0.623,0,0.0,sure_thing,0.03,0.72
6462,treatment,2,16,553.8,0.556,1,29.09,sure_thing,0.03,0.72
6463,treatment,16,23,583.59,0.568,0,0.0,sure_thing,0.03,0.72
6464,treatment,1,13,443.34,0.6,1,26.75,sure_thing,0.03,0.72
6465,treatment,51,2,29.52,0.393,1,23.57,persuadable,0.58,13.34
6466,treatment,224,1,15.28,0.0,0,0.0,lost_cause,0.02,0.18
6467,treatment,0,4,35.23,0.358,1,17.5,persuadable,0.58,13.34
6468,control,84,2,89.08,0.524,0,0.0,persuadable,0.58,13.34
6469,control,255,2,5.0,0.0,1,8.03,lost_cause,0.02,0.18
6470,control,11,3,46.09,0.524,1,28.13,persuadable,0.58,13.34
6471,control,283,2,48.35,0.194,0,0.0,lost_cause,0.02,0.18
6472,treatment,6,22,307.19,0.391,1,16.34,sure_thing,0.03,0.72
6473,control,9,19,258.59,0.464,0,0.0,sure_thing,0.03,0.72
6474,control,70,5,249.83,0.334,1,17.59,persuadable,0.58,13.34
6475,control,12,25,461.68,0.5,1,13.78,sure_thing,0.03,0.72
6476,control,14,15,488.99,0.503,0,0.0,sure_thing,0.03,0.72
6477,treatment,116,1,21.27,0.288,0,0.0,lost_cause,0.02,0.18
6478,control,41,2,43.23,0.031,0,0.0,lost_cause,0.02,0.18
6479,control,14,29,389.09,0.734,1,26.6,sure_thing,0.03,0.72
6480,control,29,1,303.63,0.154,1,28.52,sleeping_dog,-0.11,-4.84
6481,control,400,1,68.66,0.105,0,0.0,lost_cause,0.02,0.18
6482,treatment,74,11,118.01,0.368,1,25.7,persuadable,0.58,13.34
6483,treatment,91,3,37.88,0.137,0,0.0,lost_cause,0.02,0.18
6484,treatment,12,18,361.74,0.53,1,22.91,sure_thing,0.03,0.72
6485,control,81,1,35.22,0.25,0,0.0,lost_cause,0.02,0.18
6486,treatment,21,12,541.01,0.52,1,28.62,sure_thing,0.03,0.72
6487,control,224,4,19.78,0.182,0,0.0,lost_cause,0.02,0.18
6488,treatment,58,4,208.24,0.531,1,14.37,persuadable,0.58,13.34
6489,treatment,307,1,36.77,0.131,0,0.0,lost_cause,0.02,0.18
6490,treatment,297,3,9.67,0.04,0,0.0,lost_cause,0.02,0.18
6491,treatment,12,16,298.17,0.483,1,21.92,sure_thing,0.03,0.72
6492,control,133,3,5.0,0.23,0,0.0,lost_cause,0.02,0.18
6493,control,25,6,290.79,0.0,0,0.0,sleeping_dog,-0.11,-4.84
6494,control,20,23,566.01,0.48,1,30.45,sure_thing,0.03,0.72
6495,treatment,0,5,209.5,0.176,1,51.54,sleeping_dog,-0.11,-4.84
6496,control,209,2,16.37,0.181,0,0.0,lost_cause,0.02,0.18
6497,control,18,3,115.1,0.554,0,0.0,persuadable,0.58,13.34
6498,control,141,0,34.61,0.039,0,0.0,lost_cause,0.02,0.18
6499,treatment,207,3,25.27,0.0,0,0.0,lost_cause,0.02,0.18
6500,treatment,146,0,29.32,0.363,0,0.0,lost_cause,0.02,0.18
6501,treatment,17,18,685.29,0.678,1,25.34,sure_thing,0.03,0.72
6502,control,17,11,520.87,0.321,1,26.55,sure_thing,0.03,0.72
6503,treatment,0,13,317.96,0.469,1,21.15,sure_thing,0.03,0.72
6504,control,400,3,18.42,0.0,0,0.0,lost_cause,0.02,0.18
6505,treatment,7,27,573.99,0.89,1,32.18,sure_thing,0.03,0.72
6506,treatment,314,0,15.39,0.186,0,0.0,lost_cause,0.02,0.18
6507,control,190,1,45.87,0.072,0,0.0,lost_cause,0.02,0.18
6508,treatment,67,8,249.11,0.34,1,24.33,persuadable,0.58,13.34
6509,treatment,20,9,383.03,0.387,1,27.68,sure_thing,0.03,0.72
6510,control,107,10,260.21,0.416,0,0.0,persuadable,0.58,13.34
6511,control,75,7,151.68,0.435,0,0.0,persuadable,0.58,13.34
6512,control,5,6,121.85,0.35,0,0.0,persuadable,0.58,13.34
6513,treatment,195,2,52.32,0.072,0,0.0,lost_cause,0.02,0.18
6514,control,39,4,85.18,0.14,1,50.62,sleeping_dog,-0.11,-4.84
6515,treatment,12,10,402.42,0.757,1,26.32,sure_thing,0.03,0.72
6516,control,1,23,475.41,0.46,1,27.49,sure_thing,0.03,0.72
6517,treatment,332,1,55.61,0.137,0,0.0,lost_cause,0.02,0.18
6518,control,145,2,49.6,0.31,0,0.0,lost_cause,0.02,0.18
6519,treatment,20,21,408.38,0.382,0,0.0,sure_thing,0.03,0.72
6520,control,183,3,32.14,0.193,0,0.0,lost_cause,0.02,0.18
6521,treatment,48,9,176.68,0.475,1,17.69,persuadable,0.58,13.34
6522,treatment,165,2,5.0,0.1,0,0.0,lost_cause,0.02,0.18
6523,control,19,15,411.74,0.948,1,21.03,sure_thing,0.03,0.72
6524,treatment,51,10,137.72,0.428,1,21.32,persuadable,0.58,13.34
6525,control,15,18,85.33,0.332,1,24.85,sure_thing,0.03,0.72
6526,control,209,2,30.03,0.301,0,0.0,lost_cause,0.02,0.18
6527,treatment,8,29,436.85,0.363,1,22.38,sure_thing,0.03,0.72
6528,treatment,360,4,52.65,0.025,0,0.0,lost_cause,0.02,0.18
6529,control,89,6,284.49,0.121,0,0.0,persuadable,0.58,13.34
6530,control,57,8,103.9,0.188,0,0.0,persuadable,0.58,13.34
6531,control,20,11,577.5,0.895,1,27.63,sure_thing,0.03,0.72
6532,control,49,9,102.82,0.394,0,0.0,persuadable,0.58,13.34
6533,treatment,149,3,5.0,0.243,0,0.0,lost_cause,0.02,0.18
6534,control,65,4,115.21,0.555,0,0.0,persuadable,0.58,13.34
6535,treatment,21,4,154.2,0.222,1,44.04,sleeping_dog,-0.11,-4.84
6536,treatment,63,8,226.55,0.435,1,13.65,persuadable,0.58,13.34
6537,treatment,69,7,136.34,0.0,1,28.38,persuadable,0.58,13.34
6538,control,95,2,5.0,0.259,0,0.0,lost_cause,0.02,0.18
6539,control,35,6,170.93,0.029,0,0.0,sleeping_dog,-0.11,-4.84
6540,treatment,11,20,392.56,0.529,1,21.27,sure_thing,0.03,0.72
6541,treatment,105,1,36.03,0.146,0,0.0,lost_cause,0.02,0.18
6542,treatment,9,16,348.6,0.801,1,25.5,sure_thing,0.03,0.72
6543,treatment,40,6,124.1,0.476,0,0.0,persuadable,0.58,13.34
6544,treatment,17,27,240.78,0.419,1,32.24,sure_thing,0.03,0.72
6545,treatment,30,3,188.04,0.302,1,18.63,persuadable,0.58,13.34
6546,treatment,151,0,21.55,0.17,0,0.0,lost_cause,0.02,0.18
6547,treatment,19,3,201.65,0.0,1,37.73,sleeping_dog,-0.11,-4.84
6548,control,63,8,180.24,0.387,0,0.0,persuadable,0.58,13.34
6549,control,7,7,444.43,1.0,1,24.74,sure_thing,0.03,0.72
6550,control,8,6,116.29,0.361,0,0.0,persuadable,0.58,13.34
6551,treatment,82,1,20.5,0.22,0,0.0,lost_cause,0.02,0.18
6552,control,95,3,53.25,0.334,0,0.0,lost_cause,0.02,0.18
6553,control,131,2,36.79,0.262,0,0.0,lost_cause,0.02,0.18
6554,control,19,15,399.4,0.532,1,28.2,sure_thing,0.03,0.72
6555,control,0,6,247.8,0.505,0,0.0,persuadable,0.58,13.34
6556,control,33,3,144.03,0.0,0,0.0,sleeping_dog,-0.11,-4.84
6557,treatment,252,3,24.73,0.098,0,0.0,lost_cause,0.02,0.18
6558,treatment,66,7,159.32,0.261,1,22.96,persuadable,0.58,13.34
6559,treatment,11,19,418.64,0.676,1,20.86,sure_thing,0.03,0.72
6560,control,229,0,19.4,0.115,0,0.0,lost_cause,0.02,0.18
6561,treatment,15,8,216.95,0.127,1,30.61,persuadable,0.58,13.34
6562,control,18,21,436.6,0.59,1,20.15,sure_thing,0.03,0.72
6563,control,174,0,19.56,0.081,0,0.0,lost_cause,0.02,0.18
6564,treatment,240,2,50.47,0.023,0,0.0,lost_cause,0.02,0.18
6565,treatment,0,13,443.91,0.673,1,29.24,sure_thing,0.03,0.72
6566,control,0,5,196.9,0.423,0,0.0,persuadable,0.58,13.34
6567,treatment,210,0,33.35,0.087,1,9.52,lost_cause,0.02,0.18
6568,treatment,8,21,377.1,0.689,1,25.19,sure_thing,0.03,0.72
6569,control,196,1,58.18,0.052,0,0.0,lost_cause,0.02,0.18
6570,treatment,82,2,122.06,0.41,0,0.0,persuadable,0.58,13.34
6571,control,126,0,5.0,0.046,0,0.0,lost_cause,0.02,0.18
6572,control,34,4,214.96,0.048,1,62.0,sleeping_dog,-0.11,-4.84
6573,control,4,21,424.71,0.474,1,10.17,sure_thing,0.03,0.72
6574,treatment,46,7,176.54,0.472,1,14.12,persuadable,0.58,13.34
6575,treatment,0,6,465.05,0.373,1,30.9,sure_thing,0.03,0.72
6576,control,25,19,277.16,0.602,1,32.23,sure_thing,0.03,0.72
6577,control,278,2,47.01,0.203,0,0.0,lost_cause,0.02,0.18
6578,control,204,3,33.24,0.18,0,0.0,lost_cause,0.02,0.18
6579,control,188,0,33.27,0.182,0,0.0,lost_cause,0.02,0.18
6580,control,173,4,48.66,0.204,0,0.0,lost_cause,0.02,0.18
6581,treatment,220,2,11.89,0.213,0,0.0,lost_cause,0.02,0.18
6582,control,8,20,611.01,0.742,1,17.44,sure_thing,0.03,0.72
6583,control,17,24,322.26,0.783,1,31.3,sure_thing,0.03,0.72
6584,control,1,16,477.19,0.696,1,21.44,sure_thing,0.03,0.72
6585,treatment,7,11,456.48,0.746,1,21.64,sure_thing,0.03,0.72
6586,treatment,25,5,182.7,0.153,0,0.0,sleeping_dog,-0.11,-4.84
6587,treatment,30,0,197.08,0.225,1,24.32,persuadable,0.58,13.34
6588,treatment,198,2,28.81,0.163,0,0.0,lost_cause,0.02,0.18
6589,control,31,11,354.83,0.524,0,0.0,sure_thing,0.03,0.72
6590,treatment,25,1,111.54,0.114,0,0.0,sleeping_dog,-0.11,-4.84
6591,treatment,96,0,31.65,0.209,0,0.0,lost_cause,0.02,0.18
6592,control,3,1,78.56,0.629,0,0.0,persuadable,0.58,13.34
6593,treatment,31,16,439.17,0.548,0,0.0,sure_thing,0.03,0.72
6594,control,14,20,574.54,0.69,1,22.98,sure_thing,0.03,0.72
6595,treatment,18,14,605.57,0.348,1,24.19,sure_thing,0.03,0.72
6596,control,18,6,208.5,0.673,0,0.0,persuadable,0.58,13.34
6597,control,152,0,46.36,0.0,0,0.0,lost_cause,0.02,0.18
6598,treatment,10,2,72.21,0.12,1,42.62,sleeping_dog,-0.11,-4.84
6599,treatment,0,14,461.01,0.678,1,21.26,sure_thing,0.03,0.72
6600,control,99,1,34.8,0.152,0,0.0,lost_cause,0.02,0.18
6601,control,20,12,479.66,0.321,1,17.28,sure_thing,0.03,0.72
6602,treatment,20,19,274.65,0.634,1,24.34,sure_thing,0.03,0.72
6603,control,61,8,52.8,0.157,0,0.0,persuadable,0.58,13.34
6604,treatment,21,17,487.04,0.527,1,20.83,sure_thing,0.03,0.72
6605,control,15,8,241.9,0.0,1,25.76,sure_thing,0.03,0.72
6606,control,0,3,33.4,0.126,1,9.69,lost_cause,0.02,0.18
6607,treatment,89,2,5.0,0.248,0,0.0,lost_cause,0.02,0.18
6608,treatment,400,0,27.79,0.148,0,0.0,lost_cause,0.02,0.18
6609,treatment,7,24,568.05,0.4,1,23.77,sure_thing,0.03,0.72
6610,control,18,8,238.8,0.33,0,0.0,persuadable,0.58,13.34
6611,treatment,2,16,396.83,0.385,1,30.0,sure_thing,0.03,0.72
6612,control,46,0,30.77,0.038,0,0.0,lost_cause,0.02,0.18
6613,control,196,2,42.54,0.278,0,0.0,lost_cause,0.02,0.18
6614,control,64,9,127.06,0.285,0,0.0,persuadable,0.58,13.34
6615,treatment,274,1,5.0,0.109,0,0.0,lost_cause,0.02,0.18
6616,control,4,20,393.66,0.709,1,15.43,sure_thing,0.03,0.72
6617,treatment,38,4,186.07,0.203,0,0.0,sleeping_dog,-0.11,-4.84
6618,control,7,2,97.53,0.163,1,38.02,sleeping_dog,-0.11,-4.84
6619,treatment,4,17,571.82,0.526,1,26.75,sure_thing,0.03,0.72
6620,control,139,5,191.62,0.69,0,0.0,persuadable,0.58,13.34
6621,control,190,3,42.37,0.219,0,0.0,lost_cause,0.02,0.18
6622,control,40,5,19.08,0.0,0,0.0,sleeping_dog,-0.11,-4.84
6623,control,20,11,501.3,0.813,1,21.13,sure_thing,0.03,0.72
6624,control,196,3,53.48,0.219,0,0.0,lost_cause,0.02,0.18
6625,treatment,25,15,162.3,0.133,1,26.51,persuadable,0.58,13.34
6626,treatment,114,3,45.71,0.217,0,0.0,lost_cause,0.02,0.18
6627,treatment,40,7,152.94,0.173,0,0.0,sleeping_dog,-0.11,-4.84
6628,control,140,4,40.07,0.239,0,0.0,lost_cause,0.02,0.18
6629,control,67,8,219.48,0.263,0,0.0,persuadable,0.58,13.34
6630,control,141,3,39.05,0.069,0,0.0,lost_cause,0.02,0.18
6631,treatment,26,14,312.48,0.713,0,0.0,sure_thing,0.03,0.72
6632,treatment,100,2,27.58,0.021,0,0.0,lost_cause,0.02,0.18
6633,treatment,44,9,198.96,0.503,1,25.26,persuadable,0.58,13.34
6634,control,192,0,5.0,0.131,0,0.0,lost_cause,0.02,0.18
6635,control,36,2,143.58,0.277,1,27.02,persuadable,0.58,13.34
6636,treatment,27,2,128.2,0.086,1,70.04,sleeping_dog,-0.11,-4.84
6637,treatment,263,3,22.14,0.0,0,0.0,lost_cause,0.02,0.18
6638,control,61,8,202.46,0.508,0,0.0,persuadable,0.58,13.34
6639,treatment,288,3,36.25,0.26,0,0.0,lost_cause,0.02,0.18
6640,control,90,12,146.27,0.533,0,0.0,persuadable,0.58,13.34
6641,treatment,72,12,82.47,0.147,1,33.25,persuadable,0.58,13.34
6642,control,361,3,19.68,0.179,0,0.0,lost_cause,0.02,0.18
6643,treatment,70,1,182.39,0.075,0,0.0,persuadable,0.58,13.34
6644,control,260,0,46.43,0.122,0,0.0,lost_cause,0.02,0.18
6645,treatment,400,3,46.44,0.054,1,10.57,lost_cause,0.02,0.18
6646,treatment,28,4,184.42,0.078,0,0.0,sleeping_dog,-0.11,-4.84
6647,treatment,223,3,5.0,0.0,0,0.0,lost_cause,0.02,0.18
6648,control,108,3,44.81,0.295,0,0.0,lost_cause,0.02,0.18
6649,treatment,77,1,69.43,0.205,1,7.61,lost_cause,0.02,0.18
6650,control,85,11,161.94,0.467,0,0.0,persuadable,0.58,13.34
6651,treatment,73,2,102.67,0.092,0,0.0,sleeping_dog,-0.11,-4.84
6652,treatment,0,15,465.89,0.56,1,25.04,sure_thing,0.03,0.72
6653,control,6,13,577.29,0.507,1,22.16,sure_thing,0.03,0.72
6654,control,7,26,492.37,0.489,1,25.87,sure_thing,0.03,0.72
6655,control,58,2,211.18,0.397,0,0.0,persuadable,0.58,13.34
6656,treatment,232,0,16.27,0.058,0,0.0,lost_cause,0.02,0.18
6657,treatment,48,14,119.05,0.365,1,21.38,persuadable,0.58,13.34
6658,treatment,21,7,236.91,0.139,0,0.0,sleeping_dog,-0.11,-4.84
6659,control,285,1,44.11,0.063,0,0.0,lost_cause,0.02,0.18
6660,control,293,5,52.99,0.283,0,0.0,lost_cause,0.02,0.18
6661,treatment,17,5,104.25,0.0,1,28.77,sleeping_dog,-0.11,-4.84
6662,treatment,212,2,9.05,0.178,0,0.0,lost_cause,0.02,0.18
6663,treatment,330,3,39.95,0.122,0,0.0,lost_cause,0.02,0.18
6664,treatment,128,9,298.63,0.481,1,17.68,persuadable,0.58,13.34
6665,control,6,13,475.27,0.501,1,25.66,sure_thing,0.03,0.72
6666,control,19,22,584.5,0.424,1,18.48,sure_thing,0.03,0.72
6667,treatment,215,2,51.64,0.187,0,0.0,lost_cause,0.02,0.18
6668,control,21,12,205.91,0.482,1,29.04,sure_thing,0.03,0.72
6669,control,174,0,22.04,0.157,0,0.0,lost_cause,0.02,0.18
6670,control,81,6,103.05,0.504,0,0.0,persuadable,0.58,13.34
6671,control,15,19,521.42,0.647,0,0.0,sure_thing,0.03,0.72
6672,treatment,60,8,224.5,0.322,1,25.62,persuadable,0.58,13.34
6673,control,5,20,433.28,0.749,1,11.26,sure_thing,0.03,0.72
6674,control,111,6,85.08,0.199,0,0.0,persuadable,0.58,13.34
6675,control,195,4,43.38,0.031,0,0.0,lost_cause,0.02,0.18
6676,control,13,23,298.78,0.819,1,24.34,sure_thing,0.03,0.72
6677,treatment,218,3,40.18,0.309,0,0.0,lost_cause,0.02,0.18
6678,treatment,2,18,381.6,0.5,1,19.33,sure_thing,0.03,0.72
6679,treatment,0,17,226.7,0.706,1,21.76,sure_thing,0.03,0.72
6680,treatment,266,4,52.25,0.25,0,0.0,lost_cause,0.02,0.18
6681,treatment,13,25,499.97,0.513,0,0.0,sure_thing,0.03,0.72
6682,treatment,67,10,81.68,0.598,1,28.46,persuadable,0.58,13.34
6683,control,99,2,16.79,0.166,0,0.0,lost_cause,0.02,0.18
6684,treatment,17,21,472.55,0.36,1,21.25,sure_thing,0.03,0.72
6685,control,78,4,170.59,0.273,0,0.0,persuadable,0.58,13.34
6686,treatment,114,0,45.56,0.0,0,0.0,lost_cause,0.02,0.18
6687,treatment,316,4,72.52,0.22,0,0.0,lost_cause,0.02,0.18
6688,control,6,15,268.14,0.116,1,23.49,sure_thing,0.03,0.72
6689,treatment,14,18,551.26,0.321,1,22.48,sure_thing,0.03,0.72
6690,treatment,91,7,126.4,0.382,0,0.0,persuadable,0.58,13.34
6691,control,18,17,353.66,0.654,0,0.0,sure_thing,0.03,0.72
6692,control,8,8,52.73,0.353,0,0.0,persuadable,0.58,13.34
6693,treatment,177,1,5.0,0.103,0,0.0,lost_cause,0.02,0.18
6694,control,68,9,180.47,0.472,1,18.63,persuadable,0.58,13.34
6695,treatment,50,10,28.47,0.146,0,0.0,persuadable,0.58,13.34
6696,control,317,2,47.35,0.203,0,0.0,lost_cause,0.02,0.18
6697,control,23,21,446.72,0.766,1,26.84,sure_thing,0.03,0.72
6698,control,63,13,154.36,0.32,1,19.56,persuadable,0.58,13.34
6699,control,9,27,330.39,0.965,1,24.31,sure_thing,0.03,0.72
6700,control,38,4,5.0,0.239,1,35.07,sleeping_dog,-0.11,-4.84
6701,control,269,2,72.02,0.196,0,0.0,lost_cause,0.02,0.18
6702,treatment,6,14,525.84,0.832,1,17.99,sure_thing,0.03,0.72
6703,treatment,11,24,454.61,0.408,1,23.16,sure_thing,0.03,0.72
6704,control,238,3,46.49,0.011,0,0.0,lost_cause,0.02,0.18
6705,treatment,85,9,117.36,0.421,1,17.2,persuadable,0.58,13.34
6706,control,320,3,48.69,0.192,0,0.0,lost_cause,0.02,0.18
6707,treatment,16,19,422.82,0.459,1,14.5,sure_thing,0.03,0.72
6708,treatment,42,3,192.04,0.286,1,22.41,persuadable,0.58,13.34
6709,control,0,7,44.48,0.453,1,25.85,persuadable,0.58,13.34
6710,control,197,4,47.22,0.119,0,0.0,lost_cause,0.02,0.18
6711,treatment,271,2,18.79,0.063,1,9.39,lost_cause,0.02,0.18
6712,control,76,2,126.6,0.313,0,0.0,persuadable,0.58,13.34
6713,treatment,4,19,442.33,0.808,1,28.54,sure_thing,0.03,0.72
6714,treatment,285,4,5.0,0.217,0,0.0,lost_cause,0.02,0.18
6715,control,306,4,15.09,0.129,0,0.0,lost_cause,0.02,0.18
6716,control,11,18,163.53,0.528,1,22.31,sure_thing,0.03,0.72
6717,treatment,125,2,33.27,0.274,0,0.0,lost_cause,0.02,0.18
6718,control,20,2,183.23,0.05,0,0.0,sleeping_dog,-0.11,-4.84
6719,treatment,209,0,42.29,0.2,0,0.0,lost_cause,0.02,0.18
6720,control,31,4,81.9,0.085,0,0.0,sleeping_dog,-0.11,-4.84
6721,treatment,32,6,224.06,0.628,1,21.7,persuadable,0.58,13.34
6722,control,13,23,447.48,0.268,1,31.3,sure_thing,0.03,0.72
6723,control,0,17,613.3,0.398,1,15.47,sure_thing,0.03,0.72
6724,treatment,15,10,420.94,0.722,1,21.19,sure_thing,0.03,0.72
6725,treatment,348,2,22.22,0.032,0,0.0,lost_cause,0.02,0.18
6726,control,1,20,639.08,0.448,1,29.59,sure_thing,0.03,0.72
6727,control,277,4,53.74,0.167,0,0.0,lost_cause,0.02,0.18
6728,treatment,335,2,56.83,0.058,1,9.18,lost_cause,0.02,0.18
6729,treatment,18,4,172.03,0.17,0,0.0,sleeping_dog,-0.11,-4.84
6730,treatment,55,5,98.15,0.617,1,23.26,persuadable,0.58,13.34
6731,treatment,28,6,190.6,0.294,1,20.6,persuadable,0.58,13.34
6732,treatment,352,3,23.96,0.191,0,0.0,lost_cause,0.02,0.18
6733,treatment,17,14,387.39,0.493,1,20.47,sure_thing,0.03,0.72
6734,treatment,39,3,152.86,0.378,0,0.0,persuadable,0.58,13.34
6735,control,159,2,29.45,0.149,0,0.0,lost_cause,0.02,0.18
6736,treatment,210,0,5.0,0.268,0,0.0,lost_cause,0.02,0.18
6737,control,0,6,157.65,0.582,0,0.0,persuadable,0.58,13.34
6738,control,344,1,31.09,0.126,0,0.0,lost_cause,0.02,0.18
6739,control,0,25,352.16,0.652,0,0.0,sure_thing,0.03,0.72
6740,control,261,0,36.59,0.03,0,0.0,lost_cause,0.02,0.18
6741,control,133,0,77.4,0.103,0,0.0,lost_cause,0.02,0.18
6742,treatment,0,13,322.31,0.369,1,27.84,sure_thing,0.03,0.72
6743,control,253,2,22.13,0.07,0,0.0,lost_cause,0.02,0.18
6744,control,45,10,229.53,0.282,0,0.0,persuadable,0.58,13.34
6745,control,69,13,213.89,0.272,0,0.0,persuadable,0.58,13.34
6746,control,78,9,108.2,0.388,0,0.0,persuadable,0.58,13.34
6747,treatment,43,11,69.9,0.37,1,26.21,persuadable,0.58,13.34
6748,control,24,21,304.85,0.387,1,17.46,sure_thing,0.03,0.72
6749,control,249,4,61.9,0.0,0,0.0,lost_cause,0.02,0.18
6750,control,39,9,80.52,0.19,1,26.12,persuadable,0.58,13.34
6751,treatment,165,3,51.47,0.059,0,0.0,lost_cause,0.02,0.18
6752,treatment,3,14,364.83,0.798,0,0.0,sure_thing,0.03,0.72
6753,treatment,1,12,334.73,0.981,0,0.0,sure_thing,0.03,0.72
6754,treatment,177,3,46.05,0.273,0,0.0,lost_cause,0.02,0.18
6755,treatment,296,3,51.6,0.001,0,0.0,lost_cause,0.02,0.18
6756,treatment,19,27,380.94,0.521,1,24.41,sure_thing,0.03,0.72
6757,treatment,88,3,63.92,0.38,1,32.72,persuadable,0.58,13.34
6758,control,277,1,54.53,0.194,0,0.0,lost_cause,0.02,0.18
6759,control,0,22,296.81,0.592,1,16.76,sure_thing,0.03,0.72
6760,treatment,29,5,113.22,0.431,1,22.62,persuadable,0.58,13.34
6761,treatment,13,16,419.96,0.496,0,0.0,sure_thing,0.03,0.72
6762,control,21,15,448.32,0.59,1,32.78,sure_thing,0.03,0.72
6763,control,6,9,474.57,0.565,1,25.14,sure_thing,0.03,0.72
6764,treatment,74,12,22.1,0.685,1,7.98,persuadable,0.58,13.34
6765,control,9,8,140.51,0.455,0,0.0,persuadable,0.58,13.34
6766,treatment,9,19,368.52,0.386,1,23.89,sure_thing,0.03,0.72
6767,control,13,12,431.93,0.771,1,17.91,sure_thing,0.03,0.72
6768,control,113,4,36.69,0.079,0,0.0,lost_cause,0.02,0.18
6769,control,129,3,55.57,0.205,1,15.23,lost_cause,0.02,0.18
6770,treatment,67,7,21.15,0.54,1,12.11,persuadable,0.58,13.34
6771,treatment,184,3,5.0,0.162,0,0.0,lost_cause,0.02,0.18
6772,control,213,0,37.84,0.116,0,0.0,lost_cause,0.02,0.18
6773,control,88,10,76.74,0.316,0,0.0,persuadable,0.58,13.34
6774,control,205,3,39.33,0.0,0,0.0,lost_cause,0.02,0.18
6775,control,23,7,367.99,0.488,1,23.72,sure_thing,0.03,0.72
6776,treatment,136,4,67.42,0.029,0,0.0,lost_cause,0.02,0.18
6777,control,6,17,412.72,0.621,0,0.0,sure_thing,0.03,0.72
6778,treatment,92,7,141.61,0.29,1,18.97,persuadable,0.58,13.34
6779,control,65,7,146.24,0.273,0,0.0,persuadable,0.58,13.34
6780,control,36,10,198.4,0.309,0,0.0,persuadable,0.58,13.34
6781,treatment,2,11,436.39,0.433,0,0.0,sure_thing,0.03,0.72
6782,control,11,15,523.16,0.795,1,22.36,sure_thing,0.03,0.72
6783,control,241,2,48.57,0.077,0,0.0,lost_cause,0.02,0.18
6784,treatment,28,0,29.17,0.337,0,0.0,lost_cause,0.02,0.18
6785,control,55,8,202.95,0.274,0,0.0,persuadable,0.58,13.34
6786,control,134,3,23.96,0.31,0,0.0,lost_cause,0.02,0.18
6787,control,43,3,234.75,0.324,0,0.0,sleeping_dog,-0.11,-4.84
6788,treatment,213,1,21.17,0.0,1,6.52,lost_cause,0.02,0.18
6789,treatment,69,2,167.29,0.514,1,21.18,persuadable,0.58,13.34
6790,control,210,2,56.25,0.155,0,0.0,lost_cause,0.02,0.18
6791,control,13,19,690.44,0.477,1,28.61,sure_thing,0.03,0.72
6792,treatment,65,9,216.11,0.256,1,27.57,persuadable,0.58,13.34
6793,control,200,1,22.26,0.0,0,0.0,lost_cause,0.02,0.18
6794,treatment,79,5,222.41,0.411,1,20.75,persuadable,0.58,13.34
6795,treatment,55,5,89.97,0.566,1,24.86,persuadable,0.58,13.34
6796,treatment,22,20,330.87,0.579,1,25.1,sure_thing,0.03,0.72
6797,treatment,5,13,509.25,0.488,0,0.0,sure_thing,0.03,0.72
6798,control,243,2,34.86,0.11,0,0.0,lost_cause,0.02,0.18
6799,control,8,2,17.35,0.122,1,32.85,sleeping_dog,-0.11,-4.84
6800,treatment,227,0,5.0,0.3,0,0.0,lost_cause,0.02,0.18
6801,treatment,182,2,16.9,0.243,1,8.08,lost_cause,0.02,0.18
6802,treatment,11,19,361.04,0.774,1,23.53,sure_thing,0.03,0.72
6803,treatment,87,4,89.02,0.154,1,19.15,persuadable,0.58,13.34
6804,treatment,12,6,130.02,0.256,1,32.76,persuadable,0.58,13.34
6805,treatment,0,21,470.1,0.723,0,0.0,sure_thing,0.03,0.72
6806,treatment,355,4,20.13,0.183,0,0.0,lost_cause,0.02,0.18
6807,treatment,106,9,151.88,0.72,1,13.55,persuadable,0.58,13.34
6808,control,17,9,423.67,0.481,1,20.78,sure_thing,0.03,0.72
6809,control,53,5,96.61,0.573,0,0.0,persuadable,0.58,13.34
6810,treatment,105,10,250.34,0.373,1,30.04,persuadable,0.58,13.34
6811,control,87,10,131.2,0.58,0,0.0,persuadable,0.58,13.34
6812,control,0,4,138.77,0.175,0,0.0,sleeping_dog,-0.11,-4.84
6813,treatment,5,14,575.27,0.188,1,23.68,sure_thing,0.03,0.72
6814,control,23,7,101.3,0.056,1,41.5,sleeping_dog,-0.11,-4.84
6815,treatment,19,26,544.37,0.245,1,25.64,sure_thing,0.03,0.72
6816,control,201,2,68.21,0.0,0,0.0,lost_cause,0.02,0.18
6817,control,19,19,665.27,0.44,1,25.5,sure_thing,0.03,0.72
6818,treatment,56,10,178.73,0.295,1,26.84,persuadable,0.58,13.34
6819,treatment,400,0,36.33,0.061,0,0.0,lost_cause,0.02,0.18
6820,treatment,59,1,19.99,0.039,0,0.0,lost_cause,0.02,0.18
6821,control,291,2,31.16,0.368,0,0.0,lost_cause,0.02,0.18
6822,control,1,3,108.89,0.31,0,0.0,persuadable,0.58,13.34
6823,control,96,2,85.88,0.138,0,0.0,lost_cause,0.02,0.18
6824,treatment,56,2,31.67,0.273,0,0.0,lost_cause,0.02,0.18
6825,treatment,23,4,144.35,0.547,1,23.3,persuadable,0.58,13.34
6826,control,41,3,221.12,0.199,1,33.6,sleeping_dog,-0.11,-4.84
6827,treatment,50,4,110.63,0.299,0,0.0,persuadable,0.58,13.34
6828,treatment,25,12,115.72,0.388,1,21.83,persuadable,0.58,13.34
6829,treatment,30,7,112.03,0.429,1,19.45,persuadable,0.58,13.34
6830,treatment,10,24,456.31,0.414,1,29.83,sure_thing,0.03,0.72
6831,treatment,0,19,288.49,0.809,1,16.77,sure_thing,0.03,0.72
6832,control,52,2,135.52,0.433,0,0.0,persuadable,0.58,13.34
6833,treatment,121,2,56.48,0.185,0,0.0,lost_cause,0.02,0.18
6834,control,0,2,17.01,0.134,1,7.86,lost_cause,0.02,0.18
6835,treatment,15,26,461.61,0.993,0,0.0,sure_thing,0.03,0.72
6836,treatment,20,13,450.15,0.724,0,0.0,sure_thing,0.03,0.72
6837,control,46,6,211.55,0.019,1,46.27,sleeping_dog,-0.11,-4.84
6838,control,163,2,28.09,0.086,1,10.52,lost_cause,0.02,0.18
6839,treatment,201,0,22.25,0.297,0,0.0,lost_cause,0.02,0.18
6840,treatment,117,3,23.06,0.137,1,11.43,lost_cause,0.02,0.18
6841,control,167,3,71.54,0.194,0,0.0,lost_cause,0.02,0.18
6842,control,251,2,24.32,0.158,0,0.0,lost_cause,0.02,0.18
6843,treatment,0,16,435.12,0.691,0,0.0,sure_thing,0.03,0.72
6844,treatment,17,4,332.34,0.125,0,0.0,sleeping_dog,-0.11,-4.84
6845,treatment,152,2,48.47,0.072,0,0.0,lost_cause,0.02,0.18
6846,treatment,294,6,15.57,0.217,0,0.0,lost_cause,0.02,0.18
6847,control,8,23,350.35,0.63,0,0.0,sure_thing,0.03,0.72
6848,control,143,3,23.44,0.06,0,0.0,lost_cause,0.02,0.18
6849,control,379,5,28.93,0.165,1,9.8,lost_cause,0.02,0.18
6850,treatment,52,8,128.81,0.342,1,26.57,persuadable,0.58,13.34
6851,control,207,1,45.91,0.05,0,0.0,lost_cause,0.02,0.18
6852,control,88,1,33.98,0.0,0,0.0,lost_cause,0.02,0.18
6853,treatment,25,9,116.92,0.45,0,0.0,persuadable,0.58,13.34
6854,control,106,4,107.08,0.536,0,0.0,persuadable,0.58,13.34
6855,control,31,3,217.78,0.215,1,38.71,sleeping_dog,-0.11,-4.84
6856,treatment,3,16,529.43,0.566,0,0.0,sure_thing,0.03,0.72
6857,treatment,275,0,9.86,0.256,1,11.25,lost_cause,0.02,0.18
6858,treatment,231,0,20.38,0.238,0,0.0,lost_cause,0.02,0.18
6859,control,0,14,248.39,0.685,1,30.26,sure_thing,0.03,0.72
6860,control,0,18,561.29,0.639,1,26.59,sure_thing,0.03,0.72
6861,control,74,1,35.94,0.161,0,0.0,lost_cause,0.02,0.18
6862,control,387,2,15.42,0.0,0,0.0,lost_cause,0.02,0.18
6863,control,170,2,50.09,0.029,0,0.0,lost_cause,0.02,0.18
6864,treatment,262,1,9.05,0.181,0,0.0,lost_cause,0.02,0.18
6865,treatment,400,2,6.84,0.003,1,13.04,lost_cause,0.02,0.18
6866,treatment,148,1,40.27,0.445,0,0.0,lost_cause,0.02,0.18
6867,control,70,10,192.53,0.203,0,0.0,persuadable,0.58,13.34
6868,treatment,17,22,652.96,0.515,1,26.84,sure_thing,0.03,0.72
6869,control,88,7,181.89,0.642,0,0.0,persuadable,0.58,13.34
6870,control,0,17,126.98,0.644,1,22.55,sure_thing,0.03,0.72
6871,control,145,1,72.72,0.045,0,0.0,lost_cause,0.02,0.18
6872,control,79,3,121.07,0.419,0,0.0,persuadable,0.58,13.34
6873,control,14,24,405.8,0.585,0,0.0,sure_thing,0.03,0.72
6874,treatment,88,2,109.33,0.237,1,24.99,persuadable,0.58,13.34
6875,control,252,0,77.62,0.099,0,0.0,lost_cause,0.02,0.18
6876,control,32,3,192.05,0.184,0,0.0,sleeping_dog,-0.11,-4.84
6877,treatment,0,12,646.12,0.52,1,19.14,sure_thing,0.03,0.72
6878,treatment,0,1,63.35,0.276,0,0.0,lost_cause,0.02,0.18
6879,treatment,310,4,21.45,0.243,0,0.0,lost_cause,0.02,0.18
6880,control,131,0,48.0,0.211,0,0.0,lost_cause,0.02,0.18
6881,treatment,341,3,5.0,0.23,0,0.0,lost_cause,0.02,0.18
6882,treatment,323,3,20.23,0.25,0,0.0,lost_cause,0.02,0.18
6883,control,108,1,86.99,0.167,0,0.0,lost_cause,0.02,0.18
6884,treatment,10,8,455.43,0.52,0,0.0,sure_thing,0.03,0.72
6885,control,90,3,49.56,0.111,1,8.04,lost_cause,0.02,0.18
6886,control,325,4,40.72,0.137,0,0.0,lost_cause,0.02,0.18
6887,treatment,99,1,35.8,0.18,0,0.0,lost_cause,0.02,0.18
6888,control,213,2,42.91,0.193,0,0.0,lost_cause,0.02,0.18
6889,control,254,1,38.26,0.262,0,0.0,lost_cause,0.02,0.18
6890,treatment,291,2,5.0,0.212,0,0.0,lost_cause,0.02,0.18
6891,treatment,15,22,281.36,0.525,1,21.04,sure_thing,0.03,0.72
6892,control,215,2,83.71,0.25,0,0.0,lost_cause,0.02,0.18
6893,treatment,58,11,116.83,0.342,1,21.72,persuadable,0.58,13.34
6894,control,11,4,183.38,0.133,0,0.0,sleeping_dog,-0.11,-4.84
6895,treatment,7,4,198.03,0.526,1,26.95,sure_thing,0.03,0.72
6896,control,138,2,36.19,0.115,0,0.0,lost_cause,0.02,0.18
6897,control,288,1,28.71,0.087,0,0.0,lost_cause,0.02,0.18
6898,control,0,20,428.44,0.515,1,28.7,sure_thing,0.03,0.72
6899,treatment,45,4,186.33,0.082,0,0.0,sleeping_dog,-0.11,-4.84
6900,treatment,13,6,299.02,0.012,1,41.44,sleeping_dog,-0.11,-4.84
6901,treatment,60,4,64.9,0.314,1,19.75,persuadable,0.58,13.34
6902,treatment,58,3,96.54,0.266,1,17.28,persuadable,0.58,13.34
6903,treatment,254,1,20.59,0.086,0,0.0,lost_cause,0.02,0.18
6904,control,0,26,500.83,0.792,1,23.28,sure_thing,0.03,0.72
6905,treatment,23,22,225.9,0.827,1,25.33,sure_thing,0.03,0.72
6906,treatment,312,4,17.1,0.133,0,0.0,lost_cause,0.02,0.18
6907,control,1,28,555.53,0.462,1,18.41,sure_thing,0.03,0.72
6908,control,3,8,137.46,0.568,1,10.92,sure_thing,0.03,0.72
6909,treatment,45,8,179.52,0.178,0,0.0,sleeping_dog,-0.11,-4.84
6910,treatment,116,4,36.35,0.011,1,7.6,lost_cause,0.02,0.18
6911,control,354,2,42.48,0.083,0,0.0,lost_cause,0.02,0.18
6912,treatment,260,3,10.48,0.194,0,0.0,lost_cause,0.02,0.18
6913,control,183,1,33.65,0.1,0,0.0,lost_cause,0.02,0.18
6914,treatment,268,1,10.99,0.037,0,0.0,lost_cause,0.02,0.18
6915,treatment,203,2,75.02,0.02,0,0.0,lost_cause,0.02,0.18
6916,treatment,21,4,237.31,0.132,0,0.0,sleeping_dog,-0.11,-4.84
6917,treatment,42,4,61.15,0.055,0,0.0,lost_cause,0.02,0.18
6918,treatment,1,14,531.92,0.354,1,21.19,sure_thing,0.03,0.72
6919,treatment,151,2,23.63,0.055,0,0.0,lost_cause,0.02,0.18
6920,control,243,0,37.38,0.308,0,0.0,lost_cause,0.02,0.18
6921,treatment,237,3,41.86,0.295,0,0.0,lost_cause,0.02,0.18
6922,control,28,25,377.85,0.469,0,0.0,sure_thing,0.03,0.72
6923,control,232,5,12.86,0.329,0,0.0,lost_cause,0.02,0.18
6924,treatment,141,3,63.16,0.116,0,0.0,lost_cause,0.02,0.18
6925,treatment,19,14,638.69,0.799,0,0.0,sure_thing,0.03,0.72
6926,treatment,116,0,45.0,0.052,0,0.0,lost_cause,0.02,0.18
6927,control,49,6,139.27,0.129,0,0.0,persuadable,0.58,13.34
6928,treatment,171,2,12.04,0.08,0,0.0,lost_cause,0.02,0.18
6929,control,227,5,25.01,0.02,0,0.0,lost_cause,0.02,0.18
6930,treatment,48,6,114.95,0.132,1,33.37,sleeping_dog,-0.11,-4.84
6931,control,200,2,31.65,0.157,0,0.0,lost_cause,0.02,0.18
6932,control,241,3,19.17,0.072,0,0.0,lost_cause,0.02,0.18
6933,control,2,15,393.34,0.44,1,25.17,sure_thing,0.03,0.72
6934,control,1,18,543.31,0.437,1,22.18,sure_thing,0.03,0.72
6935,treatment,148,2,13.34,0.237,0,0.0,lost_cause,0.02,0.18
6936,treatment,156,3,16.25,0.056,0,0.0,lost_cause,0.02,0.18
6937,control,11,14,299.4,0.442,1,21.94,sure_thing,0.03,0.72
6938,control,9,22,376.99,0.503,1,27.17,sure_thing,0.03,0.72
6939,control,154,0,5.0,0.167,0,0.0,lost_cause,0.02,0.18
6940,treatment,18,21,401.91,0.631,1,20.61,sure_thing,0.03,0.72
6941,control,46,14,86.38,0.475,0,0.0,persuadable,0.58,13.34
6942,control,5,21,376.59,0.565,1,23.08,sure_thing,0.03,0.72
6943,treatment,183,1,59.06,0.0,0,0.0,lost_cause,0.02,0.18
6944,treatment,16,19,551.62,0.786,0,0.0,sure_thing,0.03,0.72
6945,treatment,11,16,159.41,0.621,1,18.17,sure_thing,0.03,0.72
6946,control,154,1,37.12,0.115,0,0.0,lost_cause,0.02,0.18
6947,control,53,3,192.52,0.29,1,26.59,persuadable,0.58,13.34
6948,treatment,204,3,5.0,0.139,0,0.0,lost_cause,0.02,0.18
6949,control,70,4,95.92,0.193,0,0.0,persuadable,0.58,13.34
6950,control,167,2,16.89,0.153,0,0.0,lost_cause,0.02,0.18
6951,treatment,3,12,38.54,0.181,1,27.4,persuadable,0.58,13.34
6952,control,0,18,163.04,0.573,1,24.0,sure_thing,0.03,0.72
6953,control,94,11,60.81,0.316,0,0.0,persuadable,0.58,13.34
6954,treatment,13,14,456.43,0.72,1,24.88,sure_thing,0.03,0.72
6955,treatment,332,1,34.27,0.096,0,0.0,lost_cause,0.02,0.18
6956,treatment,19,13,159.73,0.15,1,17.72,persuadable,0.58,13.34
6957,control,5,8,108.18,0.438,0,0.0,persuadable,0.58,13.34
6958,treatment,23,19,535.29,0.607,1,26.78,sure_thing,0.03,0.72
6959,treatment,94,11,111.98,0.349,1,30.7,persuadable,0.58,13.34
6960,treatment,50,11,266.78,0.217,1,19.97,persuadable,0.58,13.34
6961,control,45,3,129.33,0.184,1,42.97,sleeping_dog,-0.11,-4.84
6962,control,144,1,41.34,0.15,0,0.0,lost_cause,0.02,0.18
6963,treatment,31,4,69.88,0.179,0,0.0,sleeping_dog,-0.11,-4.84
6964,treatment,12,9,158.19,0.538,0,0.0,persuadable,0.58,13.34
6965,treatment,35,4,190.64,0.295,1,63.11,sleeping_dog,-0.11,-4.84
6966,control,123,0,55.52,0.155,0,0.0,lost_cause,0.02,0.18
6967,control,13,26,401.86,0.408,0,0.0,sure_thing,0.03,0.72
6968,treatment,57,3,162.38,0.265,1,24.86,persuadable,0.58,13.34
6969,treatment,6,30,262.54,0.485,1,25.42,sure_thing,0.03,0.72
6970,treatment,248,1,39.99,0.157,1,9.64,lost_cause,0.02,0.18
6971,control,361,1,62.79,0.29,0,0.0,lost_cause,0.02,0.18
6972,control,39,3,191.36,0.127,1,42.53,sleeping_dog,-0.11,-4.84
6973,treatment,34,21,446.13,0.751,1,21.9,sure_thing,0.03,0.72
6974,treatment,195,2,51.79,0.118,0,0.0,lost_cause,0.02,0.18
6975,treatment,99,4,42.35,0.237,0,0.0,lost_cause,0.02,0.18
6976,treatment,5,29,497.29,0.611,1,22.14,sure_thing,0.03,0.72
6977,treatment,279,1,29.16,0.29,0,0.0,lost_cause,0.02,0.18
6978,control,0,17,477.53,0.585,1,24.99,sure_thing,0.03,0.72
6979,treatment,13,23,419.17,0.549,1,18.6,sure_thing,0.03,0.72
6980,control,113,1,80.73,0.254,0,0.0,lost_cause,0.02,0.18
6981,control,204,2,46.61,0.207,1,7.75,lost_cause,0.02,0.18
6982,treatment,17,12,11.26,0.524,0,0.0,persuadable,0.58,13.34
6983,treatment,184,0,35.39,0.204,0,0.0,lost_cause,0.02,0.18
6984,treatment,101,3,39.96,0.281,0,0.0,lost_cause,0.02,0.18
6985,treatment,74,8,136.2,0.212,1,31.38,persuadable,0.58,13.34
6986,treatment,6,10,610.69,0.556,1,25.89,sure_thing,0.03,0.72
6987,treatment,14,26,583.25,0.68,0,0.0,sure_thing,0.03,0.72
6988,treatment,59,7,194.76,0.415,1,30.98,persuadable,0.58,13.34
6989,control,283,3,45.08,0.287,0,0.0,lost_cause,0.02,0.18
6990,treatment,240,1,51.19,0.099,0,0.0,lost_cause,0.02,0.18
6991,treatment,42,2,84.49,0.305,1,22.0,persuadable,0.58,13.34
6992,control,5,11,422.98,0.522,0,0.0,sure_thing,0.03,0.72
6993,treatment,195,1,39.09,0.144,0,0.0,lost_cause,0.02,0.18
6994,treatment,27,14,409.7,0.217,1,30.37,sure_thing,0.03,0.72
6995,treatment,234,5,5.0,0.306,0,0.0,lost_cause,0.02,0.18
6996,treatment,101,2,44.57,0.198,0,0.0,lost_cause,0.02,0.18
6997,control,11,25,361.47,0.338,1,19.99,sure_thing,0.03,0.72
6998,control,33,10,200.51,0.488,1,32.37,persuadable,0.58,13.34
6999,control,181,1,7.4,0.037,0,0.0,lost_cause,0.02,0.18
7000,treatment,239,1,48.93,0.171,0,0.0,lost_cause,0.02,0.18
7001,treatment,273,4,55.48,0.233,0,0.0,lost_cause,0.02,0.18
7002,control,40,2,43.08,0.207,0,0.0,lost_cause,0.02,0.18
7003,control,17,24,580.31,0.383,1,20.1,sure_thing,0.03,0.72
7004,control,96,8,45.28,0.559,0,0.0,persuadable,0.58,13.34
7005,control,3,18,364.3,0.71,1,25.19,sure_thing,0.03,0.72
7006,control,50,8,160.58,0.216,0,0.0,persuadable,0.58,13.34
7007,control,10,24,500.85,0.675,1,23.55,sure_thing,0.03,0.72
7008,treatment,5,13,659.07,0.553,1,21.52,sure_thing,0.03,0.72
7009,treatment,7,26,354.05,0.443,1,22.78,sure_thing,0.03,0.72
7010,treatment,21,17,393.72,0.594,1,26.55,sure_thing,0.03,0.72
7011,control,92,6,145.52,0.269,1,20.56,persuadable,0.58,13.34
7012,control,40,2,107.47,0.055,0,0.0,sleeping_dog,-0.11,-4.84
7013,control,251,1,37.96,0.163,0,0.0,lost_cause,0.02,0.18
7014,control,22,14,156.04,0.591,1,34.42,sure_thing,0.03,0.72
7015,treatment,112,3,23.68,0.14,0,0.0,lost_cause,0.02,0.18
7016,treatment,15,5,16.81,0.126,0,0.0,lost_cause,0.02,0.18
7017,control,54,5,125.31,0.548,1,23.35,persuadable,0.58,13.34
7018,control,282,0,5.0,0.041,0,0.0,lost_cause,0.02,0.18
7019,treatment,0,28,677.41,0.855,1,21.03,sure_thing,0.03,0.72
7020,control,309,0,47.95,0.205,0,0.0,lost_cause,0.02,0.18
7021,treatment,4,20,359.65,0.706,1,22.03,sure_thing,0.03,0.72
7022,treatment,114,4,53.77,0.191,0,0.0,lost_cause,0.02,0.18
7023,control,23,25,387.61,0.458,1,20.44,sure_thing,0.03,0.72
7024,control,31,7,149.93,0.0,1,45.38,sleeping_dog,-0.11,-4.84
7025,control,3,16,431.56,0.639,1,29.21,sure_thing,0.03,0.72
7026,control,14,19,414.62,0.429,1,13.65,sure_thing,0.03,0.72
7027,treatment,10,13,272.93,0.277,1,18.28,sure_thing,0.03,0.72
7028,control,282,2,23.97,0.083,0,0.0,lost_cause,0.02,0.18
7029,treatment,69,7,239.88,0.015,1,27.55,persuadable,0.58,13.34
7030,control,214,4,50.21,0.079,0,0.0,lost_cause,0.02,0.18
7031,control,281,3,47.4,0.084,0,0.0,lost_cause,0.02,0.18
7032,treatment,15,25,627.18,0.501,1,24.74,sure_thing,0.03,0.72
7033,treatment,40,0,222.11,0.268,1,38.09,sleeping_dog,-0.11,-4.84
7034,treatment,41,6,243.75,0.482,1,17.78,persuadable,0.58,13.34
7035,control,3,24,454.29,0.414,0,0.0,sure_thing,0.03,0.72
7036,treatment,381,0,36.0,0.122,0,0.0,lost_cause,0.02,0.18
7037,treatment,32,6,117.98,0.573,1,23.33,persuadable,0.58,13.34
7038,treatment,322,0,5.0,0.332,0,0.0,lost_cause,0.02,0.18
7039,treatment,16,23,401.08,0.426,1,22.37,sure_thing,0.03,0.72
7040,treatment,15,22,525.36,0.448,0,0.0,sure_thing,0.03,0.72
7041,treatment,60,1,132.68,0.414,1,26.11,persuadable,0.58,13.34
7042,control,224,4,45.44,0.168,0,0.0,lost_cause,0.02,0.18
7043,control,104,1,34.25,0.209,0,0.0,lost_cause,0.02,0.18
7044,treatment,143,2,73.67,0.161,1,4.58,lost_cause,0.02,0.18
7045,treatment,180,0,42.13,0.169,0,0.0,lost_cause,0.02,0.18
7046,treatment,9,7,477.77,0.546,1,24.93,sure_thing,0.03,0.72
7047,treatment,153,3,24.49,0.144,0,0.0,lost_cause,0.02,0.18
7048,control,242,1,68.32,0.0,0,0.0,lost_cause,0.02,0.18
7049,control,11,23,335.45,0.434,1,17.08,sure_thing,0.03,0.72
7050,treatment,264,0,35.78,0.265,0,0.0,lost_cause,0.02,0.18
7051,treatment,55,3,210.35,0.513,1,26.63,persuadable,0.58,13.34
7052,treatment,378,4,27.47,0.22,0,0.0,lost_cause,0.02,0.18
7053,treatment,316,3,26.95,0.213,1,11.3,lost_cause,0.02,0.18
7054,control,21,23,473.27,0.489,1,16.0,sure_thing,0.03,0.72
7055,treatment,57,5,209.7,0.245,1,42.27,sleeping_dog,-0.11,-4.84
7056,treatment,92,2,34.62,0.209,0,0.0,lost_cause,0.02,0.18
7057,treatment,400,4,42.31,0.262,0,0.0,lost_cause,0.02,0.18
7058,treatment,209,0,26.34,0.114,0,0.0,lost_cause,0.02,0.18
7059,control,51,6,147.28,0.358,0,0.0,persuadable,0.58,13.34
7060,control,12,4,156.72,0.133,1,42.68,sleeping_dog,-0.11,-4.84
7061,treatment,171,4,30.86,0.23,0,0.0,lost_cause,0.02,0.18
7062,treatment,47,4,17.38,0.415,0,0.0,lost_cause,0.02,0.18
7063,control,222,3,16.98,0.311,0,0.0,lost_cause,0.02,0.18
7064,treatment,400,2,36.26,0.19,0,0.0,lost_cause,0.02,0.18
7065,treatment,83,7,280.67,0.3,0,0.0,persuadable,0.58,13.34
7066,control,18,17,315.26,0.436,1,17.3,sure_thing,0.03,0.72
7067,treatment,41,1,126.22,0.272,0,0.0,persuadable,0.58,13.34
7068,treatment,210,1,26.05,0.005,0,0.0,lost_cause,0.02,0.18
7069,treatment,261,2,40.72,0.0,0,0.0,lost_cause,0.02,0.18
7070,treatment,29,2,161.88,0.101,0,0.0,sleeping_dog,-0.11,-4.84
7071,treatment,250,0,27.84,0.11,0,0.0,lost_cause,0.02,0.18
7072,control,307,2,12.38,0.218,0,0.0,lost_cause,0.02,0.18
7073,treatment,144,2,24.62,0.119,0,0.0,lost_cause,0.02,0.18
7074,treatment,23,9,169.78,0.611,1,18.27,persuadable,0.58,13.34
7075,treatment,24,21,623.92,0.542,1,26.64,sure_thing,0.03,0.72
7076,treatment,37,16,387.63,0.221,1,25.11,sure_thing,0.03,0.72
7077,control,7,22,206.36,0.53,1,16.07,sure_thing,0.03,0.72
7078,treatment,65,10,79.88,0.326,1,21.8,persuadable,0.58,13.34
7079,control,6,21,365.42,0.58,1,31.64,sure_thing,0.03,0.72
7080,control,137,2,37.72,0.198,0,0.0,lost_cause,0.02,0.18
7081,control,271,2,62.4,0.216,0,0.0,lost_cause,0.02,0.18
7082,control,300,1,36.23,0.255,0,0.0,lost_cause,0.02,0.18
7083,treatment,151,2,12.39,0.295,0,0.0,lost_cause,0.02,0.18
7084,control,47,7,67.27,0.376,0,0.0,persuadable,0.58,13.34
7085,treatment,42,5,174.22,0.47,1,15.56,persuadable,0.58,13.34
7086,control,249,2,36.38,0.201,0,0.0,lost_cause,0.02,0.18
7087,treatment,4,17,311.07,0.627,0,0.0,sure_thing,0.03,0.72
7088,treatment,14,21,400.71,0.471,1,25.87,sure_thing,0.03,0.72
7089,control,14,21,741.53,0.768,1,20.05,sure_thing,0.03,0.72
7090,control,35,5,162.5,0.066,1,44.02,sleeping_dog,-0.11,-4.84
7091,control,304,0,5.0,0.125,0,0.0,lost_cause,0.02,0.18
7092,control,0,19,203.2,0.459,1,23.57,sure_thing,0.03,0.72
7093,control,22,23,416.23,0.539,1,13.63,sure_thing,0.03,0.72
7094,treatment,51,3,165.43,0.152,0,0.0,sleeping_dog,-0.11,-4.84
7095,control,246,4,45.0,0.136,0,0.0,lost_cause,0.02,0.18
7096,treatment,12,22,371.02,0.381,0,0.0,sure_thing,0.03,0.72
7097,control,173,2,5.0,0.081,0,0.0,lost_cause,0.02,0.18
7098,treatment,4,21,576.13,0.378,0,0.0,sure_thing,0.03,0.72
7099,treatment,0,4,225.92,0.205,0,0.0,sleeping_dog,-0.11,-4.84
7100,treatment,17,9,151.97,0.505,1,29.03,persuadable,0.58,13.34
7101,control,400,2,65.45,0.449,0,0.0,lost_cause,0.02,0.18
7102,treatment,34,3,217.59,0.062,0,0.0,sleeping_dog,-0.11,-4.84
7103,control,13,16,139.42,0.284,1,24.08,sure_thing,0.03,0.72
7104,control,0,18,524.39,0.381,1,18.42,sure_thing,0.03,0.72
7105,treatment,57,2,165.05,0.273,1,60.63,sleeping_dog,-0.11,-4.84
7106,treatment,6,23,380.69,0.326,1,30.68,sure_thing,0.03,0.72
7107,treatment,347,3,44.59,0.259,0,0.0,lost_cause,0.02,0.18
7108,treatment,271,3,46.68,0.241,0,0.0,lost_cause,0.02,0.18
7109,control,72,6,213.45,0.409,0,0.0,persuadable,0.58,13.34
7110,treatment,199,0,45.76,0.028,0,0.0,lost_cause,0.02,0.18
7111,control,96,5,22.51,0.039,0,0.0,lost_cause,0.02,0.18
7112,control,171,4,43.82,0.186,0,0.0,lost_cause,0.02,0.18
7113,control,216,1,58.14,0.228,0,0.0,lost_cause,0.02,0.18
7114,treatment,123,3,41.3,0.23,0,0.0,lost_cause,0.02,0.18
7115,treatment,307,3,22.36,0.313,0,0.0,lost_cause,0.02,0.18
7116,control,12,24,167.02,0.396,0,0.0,sure_thing,0.03,0.72
7117,treatment,97,0,59.65,0.223,1,8.19,lost_cause,0.02,0.18
7118,treatment,363,2,53.49,0.143,0,0.0,lost_cause,0.02,0.18
7119,control,42,0,200.44,0.414,0,0.0,persuadable,0.58,13.34
7120,treatment,18,12,417.59,0.7,0,0.0,sure_thing,0.03,0.72
7121,treatment,70,8,192.31,0.295,1,39.76,persuadable,0.58,13.34
7122,control,175,2,29.66,0.153,0,0.0,lost_cause,0.02,0.18
7123,control,13,22,305.25,0.625,1,31.98,sure_thing,0.03,0.72
7124,treatment,140,4,66.87,0.243,0,0.0,lost_cause,0.02,0.18
7125,control,4,18,406.95,0.501,1,26.27,sure_thing,0.03,0.72
7126,treatment,186,0,55.47,0.286,1,5.71,lost_cause,0.02,0.18
7127,control,4,18,487.72,0.772,0,0.0,sure_thing,0.03,0.72
7128,treatment,14,14,675.05,0.524,1,26.16,sure_thing,0.03,0.72
7129,treatment,52,4,200.05,0.631,1,23.21,persuadable,0.58,13.34
7130,control,26,16,455.52,0.53,1,25.89,sure_thing,0.03,0.72
7131,treatment,258,1,39.26,0.301,0,0.0,lost_cause,0.02,0.18
7132,treatment,56,8,177.85,0.416,1,21.94,persuadable,0.58,13.34
7133,treatment,308,0,7.14,0.232,0,0.0,lost_cause,0.02,0.18
7134,treatment,48,4,120.59,0.656,1,17.78,persuadable,0.58,13.34
7135,control,10,15,283.52,0.642,1,19.05,sure_thing,0.03,0.72
7136,control,111,4,56.37,0.381,0,0.0,lost_cause,0.02,0.18
7137,treatment,46,7,94.39,0.585,1,22.43,persuadable,0.58,13.34
7138,treatment,272,0,12.1,0.116,0,0.0,lost_cause,0.02,0.18
7139,control,170,0,39.97,0.202,0,0.0,lost_cause,0.02,0.18
7140,treatment,88,1,5.0,0.089,0,0.0,lost_cause,0.02,0.18
7141,control,2,11,503.98,0.463,1,13.14,sure_thing,0.03,0.72
7142,treatment,1,16,334.12,0.236,1,33.49,sure_thing,0.03,0.72
7143,control,105,2,8.52,0.14,0,0.0,lost_cause,0.02,0.18
7144,control,12,15,297.56,0.773,0,0.0,sure_thing,0.03,0.72
7145,control,9,4,120.63,0.183,0,0.0,sleeping_dog,-0.11,-4.84
7146,treatment,54,4,241.22,0.08,0,0.0,sleeping_dog,-0.11,-4.84
7147,treatment,67,2,269.56,0.439,0,0.0,persuadable,0.58,13.34
7148,control,322,2,43.27,0.343,0,0.0,lost_cause,0.02,0.18
7149,control,0,13,380.29,0.473,1,30.71,sure_thing,0.03,0.72
7150,control,37,8,154.83,0.287,0,0.0,persuadable,0.58,13.34
7151,control,61,11,147.07,0.466,0,0.0,persuadable,0.58,13.34
7152,control,30,4,225.8,0.114,1,53.78,sleeping_dog,-0.11,-4.84
7153,control,85,3,5.0,0.042,0,0.0,lost_cause,0.02,0.18
7154,control,152,1,47.12,0.152,0,0.0,lost_cause,0.02,0.18
7155,treatment,214,2,75.12,0.145,0,0.0,lost_cause,0.02,0.18
7156,control,2,8,50.27,0.354,0,0.0,persuadable,0.58,13.34
7157,treatment,39,0,292.53,0.166,0,0.0,sleeping_dog,-0.11,-4.84
7158,treatment,1,24,488.47,0.505,0,0.0,sure_thing,0.03,0.72
7159,treatment,349,1,43.51,0.182,0,0.0,lost_cause,0.02,0.18
7160,control,5,18,508.63,0.648,0,0.0,sure_thing,0.03,0.72
7161,treatment,13,1,28.21,0.226,0,0.0,lost_cause,0.02,0.18
7162,control,19,14,223.64,1.0,0,0.0,sure_thing,0.03,0.72
7163,control,224,1,14.85,0.082,0,0.0,lost_cause,0.02,0.18
7164,treatment,225,0,20.07,0.107,0,0.0,lost_cause,0.02,0.18
7165,treatment,56,5,54.47,0.095,0,0.0,lost_cause,0.02,0.18
7166,control,168,2,38.49,0.054,0,0.0,lost_cause,0.02,0.18
7167,treatment,179,2,30.86,0.148,0,0.0,lost_cause,0.02,0.18
7168,control,50,4,216.59,0.169,0,0.0,sleeping_dog,-0.11,-4.84
7169,control,11,14,489.64,0.478,1,23.71,sure_thing,0.03,0.72
7170,treatment,261,1,62.65,0.099,0,0.0,lost_cause,0.02,0.18
7171,control,36,4,105.24,0.098,1,24.76,sleeping_dog,-0.11,-4.84
7172,control,180,2,34.63,0.107,0,0.0,lost_cause,0.02,0.18
7173,control,159,4,28.54,0.055,0,0.0,lost_cause,0.02,0.18
7174,control,118,5,127.19,0.184,0,0.0,persuadable,0.58,13.34
7175,control,35,9,154.21,0.061,1,40.38,sleeping_dog,-0.11,-4.84
7176,treatment,3,7,13.42,0.489,1,19.94,persuadable,0.58,13.34
7177,treatment,228,5,9.64,0.022,1,7.82,lost_cause,0.02,0.18
7178,control,19,21,386.96,0.611,1,18.94,sure_thing,0.03,0.72
7179,treatment,309,1,51.96,0.037,0,0.0,lost_cause,0.02,0.18
7180,treatment,87,2,9.5,0.037,0,0.0,lost_cause,0.02,0.18
7181,control,88,3,121.69,0.231,1,23.67,persuadable,0.58,13.34
7182,control,213,5,37.5,0.059,0,0.0,lost_cause,0.02,0.18
7183,treatment,188,0,30.82,0.014,0,0.0,lost_cause,0.02,0.18
7184,control,203,2,55.22,0.043,0,0.0,lost_cause,0.02,0.18
7185,control,69,7,73.14,0.449,0,0.0,persuadable,0.58,13.34
7186,treatment,22,19,547.99,0.491,1,33.67,sure_thing,0.03,0.72
7187,treatment,294,3,67.06,0.326,0,0.0,lost_cause,0.02,0.18
7188,control,152,1,72.02,0.031,0,0.0,lost_cause,0.02,0.18
7189,control,57,2,127.43,0.183,0,0.0,sleeping_dog,-0.11,-4.84
7190,control,70,3,35.27,0.213,0,0.0,lost_cause,0.02,0.18
7191,treatment,188,0,16.13,0.442,0,0.0,lost_cause,0.02,0.18
7192,treatment,1,16,228.74,0.469,1,28.11,sure_thing,0.03,0.72
7193,treatment,89,3,5.0,0.282,0,0.0,lost_cause,0.02,0.18
7194,control,16,21,412.15,0.489,0,0.0,sure_thing,0.03,0.72
7195,control,360,4,79.26,0.218,0,0.0,lost_cause,0.02,0.18
7196,control,336,0,52.74,0.128,0,0.0,lost_cause,0.02,0.18
7197,treatment,2,18,517.56,0.651,1,17.76,sure_thing,0.03,0.72
7198,treatment,63,7,87.52,0.433,1,25.51,persuadable,0.58,13.34
7199,control,109,3,29.73,0.373,0,0.0,lost_cause,0.02,0.18
7200,treatment,208,4,58.36,0.151,0,0.0,lost_cause,0.02,0.18
7201,control,59,0,203.6,0.116,1,58.89,sleeping_dog,-0.11,-4.84
7202,control,57,1,20.36,0.17,0,0.0,lost_cause,0.02,0.18
7203,treatment,191,2,48.63,0.0,1,5.48,lost_cause,0.02,0.18
7204,treatment,164,2,21.16,0.183,0,0.0,lost_cause,0.02,0.18
7205,control,384,0,11.0,0.209,0,0.0,lost_cause,0.02,0.18
7206,control,253,2,30.42,0.0,1,9.2,lost_cause,0.02,0.18
7207,treatment,48,10,151.61,0.285,1,24.38,persuadable,0.58,13.34
7208,control,230,5,34.74,0.183,0,0.0,lost_cause,0.02,0.18
7209,control,47,7,43.56,0.483,1,24.89,persuadable,0.58,13.34
7210,treatment,35,22,441.74,0.694,1,10.79,sure_thing,0.03,0.72
7211,treatment,312,2,56.71,0.204,0,0.0,lost_cause,0.02,0.18
7212,treatment,171,4,29.96,0.191,1,10.72,lost_cause,0.02,0.18
7213,control,21,27,535.76,0.606,1,23.53,sure_thing,0.03,0.72
7214,control,10,21,267.55,0.786,1,21.91,sure_thing,0.03,0.72
7215,treatment,272,0,73.19,0.031,0,0.0,lost_cause,0.02,0.18
7216,treatment,145,2,35.86,0.116,0,0.0,lost_cause,0.02,0.18
7217,control,87,9,151.24,0.468,0,0.0,persuadable,0.58,13.34
7218,treatment,61,3,186.92,0.557,0,0.0,persuadable,0.58,13.34
7219,treatment,14,18,533.14,0.59,1,25.59,sure_thing,0.03,0.72
7220,treatment,63,4,163.7,0.65,1,17.18,persuadable,0.58,13.34
7221,control,154,0,35.32,0.287,0,0.0,lost_cause,0.02,0.18
7222,treatment,388,0,9.17,0.224,0,0.0,lost_cause,0.02,0.18
7223,control,37,5,176.15,0.383,0,0.0,persuadable,0.58,13.34
7224,treatment,0,2,35.71,0.025,0,0.0,lost_cause,0.02,0.18
7225,control,265,4,53.06,0.184,0,0.0,lost_cause,0.02,0.18
7226,treatment,48,12,59.51,0.303,1,31.79,persuadable,0.58,13.34
7227,control,24,2,131.96,0.126,0,0.0,sleeping_dog,-0.11,-4.84
7228,treatment,39,8,225.01,0.736,1,20.61,persuadable,0.58,13.34
7229,treatment,47,4,185.06,0.495,1,28.33,persuadable,0.58,13.34
7230,control,139,1,21.37,0.0,0,0.0,lost_cause,0.02,0.18
7231,treatment,56,5,124.09,0.465,1,21.5,persuadable,0.58,13.34
7232,treatment,296,4,29.54,0.214,1,9.0,lost_cause,0.02,0.18
7233,control,138,2,27.67,0.284,0,0.0,lost_cause,0.02,0.18
7234,control,224,2,52.81,0.385,0,0.0,lost_cause,0.02,0.18
7235,treatment,22,25,555.84,0.267,0,0.0,sure_thing,0.03,0.72
7236,control,77,4,71.4,0.094,1,45.54,sleeping_dog,-0.11,-4.84
7237,control,74,0,217.05,0.612,0,0.0,persuadable,0.58,13.34
7238,treatment,83,0,68.52,0.107,0,0.0,lost_cause,0.02,0.18
7239,treatment,5,17,393.24,0.652,1,22.71,sure_thing,0.03,0.72
7240,treatment,311,0,24.3,0.152,1,9.05,lost_cause,0.02,0.18
7241,control,56,10,246.42,0.066,1,19.96,persuadable,0.58,13.34
7242,treatment,5,21,409.43,0.741,0,0.0,sure_thing,0.03,0.72
7243,treatment,140,1,42.0,0.143,0,0.0,lost_cause,0.02,0.18
7244,treatment,74,2,39.29,0.067,0,0.0,lost_cause,0.02,0.18
7245,control,0,5,5.0,0.064,0,0.0,lost_cause,0.02,0.18
7246,treatment,38,5,53.86,0.206,0,0.0,lost_cause,0.02,0.18
7247,treatment,274,4,28.57,0.095,0,0.0,lost_cause,0.02,0.18
7248,control,3,16,435.15,0.469,1,25.89,sure_thing,0.03,0.72
7249,treatment,14,23,332.83,0.315,1,17.57,sure_thing,0.03,0.72
7250,control,28,11,132.65,0.359,0,0.0,persuadable,0.58,13.34
7251,treatment,48,6,52.86,0.487,1,28.68,persuadable,0.58,13.34
7252,treatment,18,26,399.75,0.752,1,16.82,sure_thing,0.03,0.72
7253,control,89,2,40.31,0.144,0,0.0,lost_cause,0.02,0.18
7254,treatment,84,3,14.74,0.101,0,0.0,lost_cause,0.02,0.18
7255,treatment,10,17,316.25,0.957,1,26.52,sure_thing,0.03,0.72
7256,treatment,209,4,49.71,0.095,0,0.0,lost_cause,0.02,0.18
7257,control,191,0,5.0,0.051,0,0.0,lost_cause,0.02,0.18
7258,treatment,21,15,404.47,0.375,1,26.54,sure_thing,0.03,0.72
7259,treatment,219,2,54.13,0.109,0,0.0,lost_cause,0.02,0.18
7260,treatment,79,9,180.33,0.435,1,24.15,persuadable,0.58,13.34
7261,control,0,19,583.33,0.652,0,0.0,sure_thing,0.03,0.72
7262,control,23,17,464.28,0.649,1,19.01,sure_thing,0.03,0.72
7263,control,20,7,5.86,0.102,0,0.0,sleeping_dog,-0.11,-4.84
7264,treatment,179,3,64.68,0.252,0,0.0,lost_cause,0.02,0.18
7265,treatment,378,0,34.15,0.29,0,0.0,lost_cause,0.02,0.18
7266,control,22,16,379.38,0.384,1,14.42,sure_thing,0.03,0.72
7267,control,36,3,129.04,0.062,0,0.0,sleeping_dog,-0.11,-4.84
7268,control,99,4,11.03,0.353,1,11.32,lost_cause,0.02,0.18
7269,treatment,25,13,462.07,0.56,1,23.34,sure_thing,0.03,0.72
7270,control,61,5,155.79,0.618,1,26.29,persuadable,0.58,13.34
7271,control,143,3,62.82,0.0,0,0.0,lost_cause,0.02,0.18
7272,control,80,6,232.86,0.418,0,0.0,persuadable,0.58,13.34
7273,control,0,19,310.2,0.347,0,0.0,sure_thing,0.03,0.72
7274,control,183,3,27.8,0.029,0,0.0,lost_cause,0.02,0.18
7275,treatment,7,26,374.87,0.655,1,30.59,sure_thing,0.03,0.72
7276,treatment,35,0,106.44,0.181,1,35.68,sleeping_dog,-0.11,-4.84
7277,treatment,25,15,236.02,0.567,1,27.07,sure_thing,0.03,0.72
7278,treatment,11,21,336.64,0.599,1,19.9,sure_thing,0.03,0.72
7279,control,0,26,532.79,0.715,1,15.68,sure_thing,0.03,0.72
7280,treatment,258,2,22.87,0.238,0,0.0,lost_cause,0.02,0.18
7281,control,33,12,159.93,0.252,0,0.0,persuadable,0.58,13.34
7282,control,346,1,81.34,0.214,0,0.0,lost_cause,0.02,0.18
7283,control,0,5,228.45,0.0,0,0.0,sleeping_dog,-0.11,-4.84
7284,control,50,3,170.42,0.048,0,0.0,sleeping_dog,-0.11,-4.84
7285,control,69,6,203.06,0.533,0,0.0,persuadable,0.58,13.34
7286,control,69,7,137.73,0.223,1,17.75,persuadable,0.58,13.34
7287,treatment,13,11,639.02,0.412,1,24.57,sure_thing,0.03,0.72
7288,control,210,3,16.28,0.085,0,0.0,lost_cause,0.02,0.18
7289,control,10,19,401.4,0.563,1,25.37,sure_thing,0.03,0.72
7290,control,2,14,444.76,0.569,1,26.08,sure_thing,0.03,0.72
7291,control,283,1,24.46,0.221,0,0.0,lost_cause,0.02,0.18
7292,control,66,9,245.45,0.566,0,0.0,persuadable,0.58,13.34
7293,treatment,246,1,32.69,0.16,1,6.08,lost_cause,0.02,0.18
7294,treatment,12,21,475.57,0.779,1,27.09,sure_thing,0.03,0.72
7295,treatment,400,2,36.28,0.003,1,6.43,lost_cause,0.02,0.18
7296,control,146,4,11.48,0.202,0,0.0,lost_cause,0.02,0.18
7297,treatment,76,11,103.41,0.404,1,35.05,persuadable,0.58,13.34
7298,control,116,3,157.78,0.2,0,0.0,persuadable,0.58,13.34
7299,control,337,0,73.08,0.178,0,0.0,lost_cause,0.02,0.18
7300,control,34,7,123.22,0.37,1,27.64,persuadable,0.58,13.34
7301,control,18,7,168.5,0.585,0,0.0,persuadable,0.58,13.34
7302,control,75,7,134.59,0.277,0,0.0,persuadable,0.58,13.34
7303,treatment,2,22,465.33,0.271,0,0.0,sure_thing,0.03,0.72
7304,treatment,205,3,5.0,0.158,0,0.0,lost_cause,0.02,0.18
7305,control,25,19,305.84,0.435,0,0.0,sure_thing,0.03,0.72
7306,treatment,231,4,21.3,0.184,0,0.0,lost_cause,0.02,0.18
7307,control,27,5,99.91,0.321,1,20.66,persuadable,0.58,13.34
7308,control,34,5,119.19,0.423,0,0.0,persuadable,0.58,13.34
7309,control,272,2,39.35,0.0,0,0.0,lost_cause,0.02,0.18
7310,treatment,112,6,179.44,0.364,1,21.07,persuadable,0.58,13.34
7311,treatment,57,12,148.13,0.294,1,32.88,persuadable,0.58,13.34
7312,control,325,1,40.6,0.242,0,0.0,lost_cause,0.02,0.18
7313,treatment,145,3,18.53,0.16,0,0.0,lost_cause,0.02,0.18
7314,control,195,1,13.82,0.287,0,0.0,lost_cause,0.02,0.18
7315,control,78,9,134.59,0.315,0,0.0,persuadable,0.58,13.34
7316,treatment,120,0,30.24,0.181,0,0.0,lost_cause,0.02,0.18
7317,treatment,0,4,16.03,0.186,0,0.0,lost_cause,0.02,0.18
7318,control,11,5,213.53,0.275,1,23.21,persuadable,0.58,13.34
7319,treatment,400,0,37.51,0.081,0,0.0,lost_cause,0.02,0.18
7320,control,223,1,10.27,0.031,0,0.0,lost_cause,0.02,0.18
7321,control,202,1,25.43,0.189,0,0.0,lost_cause,0.02,0.18
7322,treatment,131,2,56.11,0.059,0,0.0,lost_cause,0.02,0.18
7323,control,0,17,515.11,0.365,1,27.53,sure_thing,0.03,0.72
7324,treatment,185,3,40.88,0.193,0,0.0,lost_cause,0.02,0.18
7325,treatment,20,8,105.76,0.007,1,36.82,sleeping_dog,-0.11,-4.84
7326,control,242,1,57.53,0.14,1,7.08,lost_cause,0.02,0.18
7327,control,322,1,58.61,0.0,0,0.0,lost_cause,0.02,0.18
7328,control,235,2,51.53,0.192,0,0.0,lost_cause,0.02,0.18
7329,control,47,3,118.43,0.473,0,0.0,persuadable,0.58,13.34
7330,treatment,50,6,175.57,0.632,1,21.52,persuadable,0.58,13.34
7331,control,221,1,34.78,0.242,0,0.0,lost_cause,0.02,0.18
7332,control,107,3,35.0,0.07,0,0.0,lost_cause,0.02,0.18
7333,control,150,4,15.5,0.053,0,0.0,lost_cause,0.02,0.18
7334,treatment,80,8,210.34,0.429,1,26.6,persuadable,0.58,13.34
7335,treatment,71,11,164.5,0.583,1,23.54,persuadable,0.58,13.34
7336,control,19,15,497.12,0.422,1,23.86,sure_thing,0.03,0.72
7337,treatment,24,17,350.57,0.645,1,20.89,sure_thing,0.03,0.72
7338,treatment,0,19,401.63,0.629,1,15.49,sure_thing,0.03,0.72
7339,control,16,28,291.02,0.437,1,24.85,sure_thing,0.03,0.72
7340,treatment,209,3,78.97,0.175,0,0.0,lost_cause,0.02,0.18
7341,treatment,41,9,109.33,0.05,0,0.0,persuadable,0.58,13.34
7342,treatment,93,12,168.11,0.599,1,30.12,persuadable,0.58,13.34
7343,control,0,23,531.21,0.607,1,26.53,sure_thing,0.03,0.72
7344,control,32,5,70.08,0.102,0,0.0,lost_cause,0.02,0.18
7345,treatment,159,3,5.0,0.145,0,0.0,lost_cause,0.02,0.18
7346,treatment,28,6,55.08,0.195,0,0.0,sleeping_dog,-0.11,-4.84
7347,control,67,2,191.4,0.0,1,40.6,sleeping_dog,-0.11,-4.84
7348,treatment,74,6,48.44,0.44,0,0.0,persuadable,0.58,13.34
7349,control,65,6,5.0,0.449,0,0.0,persuadable,0.58,13.34
7350,treatment,25,20,383.24,0.408,0,0.0,sure_thing,0.03,0.72
7351,control,54,7,99.04,0.548,0,0.0,persuadable,0.58,13.34
7352,treatment,16,23,532.72,0.536,1,25.39,sure_thing,0.03,0.72
7353,control,211,3,64.65,0.026,0,0.0,lost_cause,0.02,0.18
7354,control,26,23,322.99,0.31,1,21.06,sure_thing,0.03,0.72
7355,treatment,357,0,18.44,0.095,1,6.02,lost_cause,0.02,0.18
7356,treatment,46,1,12.15,0.112,0,0.0,lost_cause,0.02,0.18
7357,treatment,41,7,181.92,0.535,0,0.0,persuadable,0.58,13.34
7358,treatment,8,27,552.14,0.51,1,29.17,sure_thing,0.03,0.72
7359,treatment,22,18,390.73,0.674,1,28.22,sure_thing,0.03,0.72
7360,control,24,16,617.93,0.677,1,15.0,sure_thing,0.03,0.72
7361,treatment,53,4,190.42,0.164,0,0.0,sleeping_dog,-0.11,-4.84
7362,control,80,3,27.25,0.108,0,0.0,lost_cause,0.02,0.18
7363,control,16,20,371.21,0.537,1,19.22,sure_thing,0.03,0.72
7364,control,281,0,21.05,0.282,0,0.0,lost_cause,0.02,0.18
7365,control,0,2,21.45,0.073,0,0.0,lost_cause,0.02,0.18
7366,treatment,400,3,9.22,0.0,0,0.0,lost_cause,0.02,0.18
7367,treatment,18,12,479.57,0.654,1,28.54,sure_thing,0.03,0.72
7368,treatment,227,4,75.73,0.033,0,0.0,lost_cause,0.02,0.18
7369,control,22,18,599.47,0.473,1,18.4,sure_thing,0.03,0.72
7370,treatment,292,2,50.14,0.059,0,0.0,lost_cause,0.02,0.18
7371,treatment,263,2,66.78,0.194,0,0.0,lost_cause,0.02,0.18
7372,treatment,64,3,183.08,0.342,1,30.28,persuadable,0.58,13.34
7373,treatment,50,3,38.2,0.287,1,6.53,lost_cause,0.02,0.18
7374,treatment,0,11,475.8,0.538,1,24.55,sure_thing,0.03,0.72
7375,control,263,0,26.76,0.154,0,0.0,lost_cause,0.02,0.18
7376,treatment,118,2,37.91,0.258,0,0.0,lost_cause,0.02,0.18
7377,control,187,1,5.0,0.07,1,14.1,lost_cause,0.02,0.18
7378,treatment,1,8,84.68,0.451,0,0.0,persuadable,0.58,13.34
7379,control,208,1,5.0,0.238,0,0.0,lost_cause,0.02,0.18
7380,treatment,29,8,251.16,0.687,0,0.0,sure_thing,0.03,0.72
7381,treatment,228,0,5.0,0.143,0,0.0,lost_cause,0.02,0.18
7382,treatment,9,22,297.47,0.614,1,26.04,sure_thing,0.03,0.72
7383,control,6,18,553.41,0.327,1,18.81,sure_thing,0.03,0.72
7384,control,281,0,23.22,0.143,0,0.0,lost_cause,0.02,0.18
7385,treatment,7,13,37.95,0.516,0,0.0,persuadable,0.58,13.34
7386,treatment,211,2,75.94,0.098,0,0.0,lost_cause,0.02,0.18
7387,treatment,313,3,42.47,0.132,1,9.32,lost_cause,0.02,0.18
7388,treatment,236,3,51.18,0.252,0,0.0,lost_cause,0.02,0.18
7389,control,34,1,10.79,0.1,1,58.51,sleeping_dog,-0.11,-4.84
7390,control,25,1,156.78,0.046,1,41.6,sleeping_dog,-0.11,-4.84
7391,control,19,21,186.36,0.542,1,28.82,sure_thing,0.03,0.72
7392,treatment,156,0,56.47,0.11,0,0.0,lost_cause,0.02,0.18
7393,treatment,72,9,132.67,0.465,1,36.73,persuadable,0.58,13.34
7394,control,250,1,36.82,0.193,0,0.0,lost_cause,0.02,0.18
7395,treatment,120,8,192.11,0.408,0,0.0,persuadable,0.58,13.34
7396,treatment,167,0,27.33,0.126,0,0.0,lost_cause,0.02,0.18
7397,control,283,2,5.0,0.107,0,0.0,lost_cause,0.02,0.18
7398,control,173,3,22.03,0.15,0,0.0,lost_cause,0.02,0.18
7399,control,22,18,767.34,0.667,1,27.9,sure_thing,0.03,0.72
7400,treatment,176,3,20.9,0.0,0,0.0,lost_cause,0.02,0.18
7401,control,299,3,27.87,0.174,0,0.0,lost_cause,0.02,0.18
7402,control,22,5,208.77,0.0,0,0.0,sleeping_dog,-0.11,-4.84
7403,control,47,10,221.27,0.28,0,0.0,persuadable,0.58,13.34
7404,treatment,38,4,48.51,0.182,0,0.0,lost_cause,0.02,0.18
7405,treatment,19,4,113.46,0.451,1,22.72,persuadable,0.58,13.34
7406,treatment,8,21,291.31,0.678,0,0.0,sure_thing,0.03,0.72
7407,treatment,30,3,103.13,0.0,1,40.23,sleeping_dog,-0.11,-4.84
7408,control,251,2,18.43,0.022,0,0.0,lost_cause,0.02,0.18
7409,control,161,2,48.93,0.129,0,0.0,lost_cause,0.02,0.18
7410,treatment,5,23,608.64,0.687,1,24.94,sure_thing,0.03,0.72
7411,control,0,22,174.48,0.455,1,28.8,sure_thing,0.03,0.72
7412,treatment,273,3,44.04,0.162,0,0.0,lost_cause,0.02,0.18
7413,control,20,17,702.23,0.48,1,22.34,sure_thing,0.03,0.72
7414,control,21,21,609.83,0.501,1,13.9,sure_thing,0.03,0.72
7415,control,266,0,50.14,0.039,0,0.0,lost_cause,0.02,0.18
7416,treatment,40,2,105.87,0.262,1,27.33,persuadable,0.58,13.34
7417,treatment,82,4,181.74,0.145,1,27.13,persuadable,0.58,13.34
7418,control,89,10,233.09,0.41,0,0.0,persuadable,0.58,13.34
7419,control,5,15,401.76,0.313,1,29.58,sure_thing,0.03,0.72
7420,control,120,0,21.68,0.153,0,0.0,lost_cause,0.02,0.18
7421,control,30,9,143.62,0.412,0,0.0,persuadable,0.58,13.34
7422,control,251,2,80.79,0.225,0,0.0,lost_cause,0.02,0.18
7423,control,358,5,37.18,0.222,0,0.0,lost_cause,0.02,0.18
7424,treatment,12,16,653.33,0.32,1,21.92,sure_thing,0.03,0.72
7425,treatment,171,1,26.68,0.159,0,0.0,lost_cause,0.02,0.18
7426,control,279,2,68.72,0.314,0,0.0,lost_cause,0.02,0.18
7427,control,8,21,323.57,0.636,1,27.67,sure_thing,0.03,0.72
7428,control,73,5,228.03,0.213,1,49.83,sleeping_dog,-0.11,-4.84
7429,treatment,400,1,61.88,0.245,0,0.0,lost_cause,0.02,0.18
7430,treatment,30,3,46.27,0.09,0,0.0,lost_cause,0.02,0.18
7431,treatment,187,3,36.42,0.161,0,0.0,lost_cause,0.02,0.18
7432,control,15,21,457.21,0.465,0,0.0,sure_thing,0.03,0.72
7433,control,13,9,569.67,0.383,1,24.32,sure_thing,0.03,0.72
7434,treatment,6,13,225.32,0.681,1,28.08,sure_thing,0.03,0.72
7435,control,380,2,31.22,0.31,0,0.0,lost_cause,0.02,0.18
7436,treatment,55,8,166.64,0.358,0,0.0,persuadable,0.58,13.34
7437,control,10,22,525.84,0.499,0,0.0,sure_thing,0.03,0.72
7438,control,1,16,452.3,0.475,0,0.0,sure_thing,0.03,0.72
7439,control,13,16,509.23,0.384,1,30.91,sure_thing,0.03,0.72
7440,control,73,7,185.77,0.534,0,0.0,persuadable,0.58,13.34
7441,treatment,193,1,37.93,0.209,0,0.0,lost_cause,0.02,0.18
7442,treatment,84,6,170.98,0.396,1,21.4,persuadable,0.58,13.34
7443,treatment,195,1,53.56,0.137,0,0.0,lost_cause,0.02,0.18
7444,control,8,20,491.73,0.687,0,0.0,sure_thing,0.03,0.72
7445,treatment,111,0,27.09,0.238,0,0.0,lost_cause,0.02,0.18
7446,treatment,0,0,60.57,0.168,0,0.0,lost_cause,0.02,0.18
7447,treatment,61,5,52.82,0.573,0,0.0,persuadable,0.58,13.34
7448,control,37,1,176.8,0.036,1,40.83,sleeping_dog,-0.11,-4.84
7449,treatment,15,20,353.21,0.428,1,25.29,sure_thing,0.03,0.72
7450,treatment,278,3,24.83,0.09,0,0.0,lost_cause,0.02,0.18
7451,treatment,268,0,45.96,0.091,0,0.0,lost_cause,0.02,0.18
7452,control,47,5,69.74,0.311,1,30.62,persuadable,0.58,13.34
7453,treatment,327,4,51.16,0.116,0,0.0,lost_cause,0.02,0.18
7454,control,261,0,32.14,0.0,0,0.0,lost_cause,0.02,0.18
7455,treatment,101,8,171.67,0.419,0,0.0,persuadable,0.58,13.34
7456,treatment,3,17,160.82,0.647,1,23.17,sure_thing,0.03,0.72
7457,treatment,113,3,50.32,0.113,0,0.0,lost_cause,0.02,0.18
7458,treatment,72,4,96.65,0.359,1,27.4,persuadable,0.58,13.34
7459,control,36,2,236.54,0.131,0,0.0,persuadable,0.58,13.34
7460,control,29,4,46.59,0.061,0,0.0,lost_cause,0.02,0.18
7461,treatment,42,5,207.64,0.107,0,0.0,sleeping_dog,-0.11,-4.84
7462,treatment,4,13,406.95,0.549,1,31.26,sure_thing,0.03,0.72
7463,control,231,0,20.46,0.114,1,12.44,lost_cause,0.02,0.18
7464,control,71,6,203.32,0.326,0,0.0,persuadable,0.58,13.34
7465,control,343,0,20.31,0.11,0,0.0,lost_cause,0.02,0.18
7466,control,4,24,378.09,0.514,1,18.73,sure_thing,0.03,0.72
7467,control,58,5,133.12,0.269,0,0.0,persuadable,0.58,13.34
7468,treatment,245,1,37.08,0.186,1,8.67,lost_cause,0.02,0.18
7469,treatment,25,4,172.55,0.043,1,61.75,sleeping_dog,-0.11,-4.84
7470,treatment,6,20,486.03,0.474,1,20.96,sure_thing,0.03,0.72
7471,control,257,2,65.33,0.139,0,0.0,lost_cause,0.02,0.18
7472,treatment,37,18,37.8,0.31,1,27.86,sure_thing,0.03,0.72
7473,treatment,370,4,72.8,0.122,1,6.92,lost_cause,0.02,0.18
7474,control,42,3,249.03,0.017,0,0.0,sleeping_dog,-0.11,-4.84
7475,treatment,12,9,399.66,0.673,1,21.99,sure_thing,0.03,0.72
7476,control,160,5,17.82,0.158,0,0.0,lost_cause,0.02,0.18
7477,control,56,5,104.82,0.576,0,0.0,persuadable,0.58,13.34
7478,treatment,21,8,107.87,0.302,0,0.0,persuadable,0.58,13.34
7479,control,35,7,339.24,0.387,0,0.0,persuadable,0.58,13.34
7480,control,191,1,40.71,0.176,0,0.0,lost_cause,0.02,0.18
7481,treatment,296,4,60.8,0.091,0,0.0,lost_cause,0.02,0.18
7482,control,51,7,183.41,0.423,0,0.0,persuadable,0.58,13.34
7483,control,51,6,199.63,0.44,0,0.0,persuadable,0.58,13.34
7484,control,168,2,39.05,0.095,0,0.0,lost_cause,0.02,0.18
7485,control,138,1,62.5,0.14,0,0.0,lost_cause,0.02,0.18
7486,control,168,3,28.47,0.178,0,0.0,lost_cause,0.02,0.18
7487,control,269,1,21.3,0.188,0,0.0,lost_cause,0.02,0.18
7488,control,24,2,161.39,0.155,1,48.44,sleeping_dog,-0.11,-4.84
7489,treatment,7,21,348.33,0.545,1,19.56,sure_thing,0.03,0.72
7490,treatment,7,7,46.51,0.385,1,21.48,persuadable,0.58,13.34
7491,treatment,0,4,449.42,0.452,1,22.53,sure_thing,0.03,0.72
7492,treatment,136,0,28.21,0.0,1,8.47,lost_cause,0.02,0.18
7493,control,175,4,30.0,0.078,0,0.0,lost_cause,0.02,0.18
7494,treatment,234,2,37.46,0.106,0,0.0,lost_cause,0.02,0.18
7495,control,20,20,445.95,0.37,1,19.09,sure_thing,0.03,0.72
7496,treatment,1,15,410.33,0.373,1,29.9,sure_thing,0.03,0.72
7497,control,17,5,240.27,0.139,0,0.0,sleeping_dog,-0.11,-4.84
7498,treatment,15,5,203.92,0.389,1,22.19,persuadable,0.58,13.34
7499,treatment,89,5,199.01,0.434,1,18.46,persuadable,0.58,13.34
7500,treatment,126,2,5.0,0.0,0,0.0,lost_cause,0.02,0.18
7501,treatment,155,2,12.1,0.14,0,0.0,lost_cause,0.02,0.18
7502,control,18,13,379.56,0.522,1,20.11,sure_thing,0.03,0.72
7503,control,225,0,32.61,0.23,0,0.0,lost_cause,0.02,0.18
7504,control,114,8,214.68,0.491,0,0.0,persuadable,0.58,13.34
7505,treatment,70,3,138.52,0.204,1,31.68,persuadable,0.58,13.34
7506,control,229,3,26.46,0.053,0,0.0,lost_cause,0.02,0.18
7507,control,9,4,154.62,0.281,0,0.0,persuadable,0.58,13.34
7508,treatment,134,5,69.82,0.082,0,0.0,lost_cause,0.02,0.18
7509,treatment,155,2,35.73,0.252,1,4.19,lost_cause,0.02,0.18
7510,control,0,7,39.98,0.097,0,0.0,sleeping_dog,-0.11,-4.84
7511,control,20,17,402.8,0.627,1,24.28,sure_thing,0.03,0.72
7512,treatment,18,11,114.65,0.003,1,15.46,persuadable,0.58,13.34
7513,treatment,0,7,158.33,0.149,1,21.79,persuadable,0.58,13.34
7514,control,292,3,26.09,0.092,0,0.0,lost_cause,0.02,0.18
7515,control,51,4,140.89,0.51,0,0.0,persuadable,0.58,13.34
7516,control,163,2,45.56,0.114,0,0.0,lost_cause,0.02,0.18
7517,treatment,204,4,69.46,0.153,0,0.0,lost_cause,0.02,0.18
7518,treatment,194,3,5.0,0.133,0,0.0,lost_cause,0.02,0.18
7519,treatment,145,0,29.51,0.196,0,0.0,lost_cause,0.02,0.18
7520,control,4,19,368.21,0.418,1,27.12,sure_thing,0.03,0.72
7521,control,16,15,248.72,0.534,1,29.5,sure_thing,0.03,0.72
7522,control,29,5,128.64,0.59,0,0.0,persuadable,0.58,13.34
7523,control,272,3,28.23,0.179,0,0.0,lost_cause,0.02,0.18
7524,control,59,10,122.47,0.643,0,0.0,persuadable,0.58,13.34
7525,treatment,180,3,33.58,0.022,0,0.0,lost_cause,0.02,0.18
7526,treatment,45,0,57.78,0.213,0,0.0,lost_cause,0.02,0.18
7527,control,29,20,465.82,0.386,1,24.05,sure_thing,0.03,0.72
7528,treatment,358,2,41.55,0.165,0,0.0,lost_cause,0.02,0.18
7529,control,45,5,261.39,0.136,1,56.28,sleeping_dog,-0.11,-4.84
7530,treatment,183,3,48.57,0.287,0,0.0,lost_cause,0.02,0.18
7531,treatment,219,4,52.93,0.205,0,0.0,lost_cause,0.02,0.18
7532,control,99,10,204.82,0.521,1,25.25,persuadable,0.58,13.34
7533,control,73,0,145.17,0.441,0,0.0,persuadable,0.58,13.34
7534,control,234,1,24.97,0.093,0,0.0,lost_cause,0.02,0.18
7535,treatment,166,6,9.15,0.259,0,0.0,lost_cause,0.02,0.18
7536,control,0,20,400.51,0.899,1,12.1,sure_thing,0.03,0.72
7537,treatment,105,3,30.04,0.118,0,0.0,lost_cause,0.02,0.18
7538,control,119,2,32.44,0.1,0,0.0,lost_cause,0.02,0.18
7539,control,66,7,75.66,0.336,0,0.0,persuadable,0.58,13.34
7540,treatment,50,1,68.39,0.316,1,25.26,persuadable,0.58,13.34
7541,control,150,3,25.3,0.145,0,0.0,lost_cause,0.02,0.18
7542,treatment,268,3,25.7,0.141,0,0.0,lost_cause,0.02,0.18
7543,treatment,175,3,30.19,0.103,0,0.0,lost_cause,0.02,0.18
7544,control,0,20,586.31,0.513,1,21.36,sure_thing,0.03,0.72
7545,control,249,1,38.77,0.153,0,0.0,lost_cause,0.02,0.18
7546,treatment,53,5,193.35,0.174,1,45.48,sleeping_dog,-0.11,-4.84
7547,control,0,3,43.38,0.078,0,0.0,lost_cause,0.02,0.18
7548,control,10,18,561.79,0.4,1,23.28,sure_thing,0.03,0.72
7549,control,21,8,149.19,0.439,0,0.0,persuadable,0.58,13.34
7550,control,12,3,103.07,0.06,1,58.67,sleeping_dog,-0.11,-4.84
7551,control,5,13,282.07,0.308,1,24.84,sure_thing,0.03,0.72
7552,control,39,8,250.6,0.607,1,23.59,persuadable,0.58,13.34
7553,control,13,15,422.95,0.759,1,29.5,sure_thing,0.03,0.72
7554,treatment,113,3,56.63,0.074,1,7.12,lost_cause,0.02,0.18
7555,control,215,7,40.14,0.324,0,0.0,lost_cause,0.02,0.18
7556,control,7,15,331.96,0.632,1,16.12,sure_thing,0.03,0.72
7557,control,8,14,515.03,0.707,1,28.62,sure_thing,0.03,0.72
7558,control,40,3,65.14,0.369,1,27.62,persuadable,0.58,13.34
7559,treatment,19,13,445.02,0.599,0,0.0,sure_thing,0.03,0.72
7560,treatment,101,3,29.65,0.008,0,0.0,lost_cause,0.02,0.18
7561,control,0,20,490.96,0.447,1,18.6,sure_thing,0.03,0.72
7562,treatment,13,23,650.61,0.585,1,25.39,sure_thing,0.03,0.72
7563,control,273,2,31.45,0.258,0,0.0,lost_cause,0.02,0.18
7564,control,185,1,35.09,0.17,1,8.88,lost_cause,0.02,0.18
7565,treatment,6,14,286.92,0.499,1,26.62,sure_thing,0.03,0.72
7566,control,48,6,214.92,0.411,1,24.96,persuadable,0.58,13.34
7567,treatment,177,2,34.99,0.021,0,0.0,lost_cause,0.02,0.18
7568,control,103,7,129.64,0.467,0,0.0,persuadable,0.58,13.34
7569,treatment,7,12,688.97,0.466,1,28.96,sure_thing,0.03,0.72
7570,treatment,111,2,41.49,0.074,0,0.0,lost_cause,0.02,0.18
7571,treatment,187,0,54.53,0.0,0,0.0,lost_cause,0.02,0.18
7572,treatment,84,4,205.37,0.369,1,26.63,persuadable,0.58,13.34
7573,treatment,36,5,96.51,0.211,1,20.04,persuadable,0.58,13.34
7574,treatment,30,6,152.72,0.269,1,24.03,persuadable,0.58,13.34
7575,treatment,67,0,22.37,0.072,1,11.64,lost_cause,0.02,0.18
7576,treatment,33,8,5.0,0.441,1,31.38,persuadable,0.58,13.34
7577,control,5,15,539.07,0.582,1,29.63,sure_thing,0.03,0.72
7578,control,10,4,128.82,0.24,0,0.0,persuadable,0.58,13.34
7579,control,289,2,50.83,0.26,1,8.81,lost_cause,0.02,0.18
7580,treatment,51,8,23.46,0.21,0,0.0,persuadable,0.58,13.34
7581,treatment,0,15,389.14,0.613,1,27.1,sure_thing,0.03,0.72
7582,control,0,4,193.19,0.304,1,22.36,persuadable,0.58,13.34
7583,treatment,17,19,343.01,0.765,0,0.0,sure_thing,0.03,0.72
7584,control,233,1,5.0,0.0,1,3.34,lost_cause,0.02,0.18
7585,treatment,10,12,167.69,0.66,1,25.79,sure_thing,0.03,0.72
7586,control,23,14,447.02,0.644,1,16.06,sure_thing,0.03,0.72
7587,treatment,175,4,46.95,0.202,0,0.0,lost_cause,0.02,0.18
7588,treatment,104,3,55.22,0.145,0,0.0,lost_cause,0.02,0.18
7589,treatment,244,2,16.64,0.024,0,0.0,lost_cause,0.02,0.18
7590,treatment,8,23,651.29,0.826,1,25.78,sure_thing,0.03,0.72
7591,control,0,13,538.17,0.48,1,17.71,sure_thing,0.03,0.72
7592,treatment,126,4,55.88,0.086,0,0.0,lost_cause,0.02,0.18
7593,treatment,298,2,39.53,0.267,0,0.0,lost_cause,0.02,0.18
7594,control,3,21,468.01,0.343,1,23.34,sure_thing,0.03,0.72
7595,control,10,20,458.68,0.52,1,24.1,sure_thing,0.03,0.72
7596,treatment,40,8,201.07,0.238,1,15.37,persuadable,0.58,13.34
7597,treatment,267,0,37.83,0.084,1,6.55,lost_cause,0.02,0.18
7598,control,138,0,38.04,0.152,0,0.0,lost_cause,0.02,0.18
7599,treatment,19,5,151.9,0.602,1,23.65,persuadable,0.58,13.34
7600,treatment,185,2,46.42,0.05,0,0.0,lost_cause,0.02,0.18
7601,treatment,367,3,12.69,0.105,0,0.0,lost_cause,0.02,0.18
7602,control,262,4,37.53,0.17,0,0.0,lost_cause,0.02,0.18
7603,treatment,2,28,425.41,0.353,1,21.71,sure_thing,0.03,0.72
7604,control,294,0,10.54,0.211,1,7.74,lost_cause,0.02,0.18
7605,control,39,5,212.17,0.125,0,0.0,sleeping_dog,-0.11,-4.84
7606,treatment,155,1,22.81,0.013,0,0.0,lost_cause,0.02,0.18
7607,treatment,275,2,45.07,0.216,0,0.0,lost_cause,0.02,0.18
7608,treatment,0,12,443.52,0.485,1,10.61,sure_thing,0.03,0.72
7609,control,85,2,5.0,0.245,0,0.0,lost_cause,0.02,0.18
7610,treatment,264,0,50.56,0.093,0,0.0,lost_cause,0.02,0.18
7611,treatment,292,2,46.28,0.207,0,0.0,lost_cause,0.02,0.18
7612,treatment,183,1,17.31,0.067,0,0.0,lost_cause,0.02,0.18
7613,treatment,38,18,623.02,0.365,1,31.5,sure_thing,0.03,0.72
7614,control,245,3,21.39,0.206,0,0.0,lost_cause,0.02,0.18
7615,treatment,17,20,383.31,0.791,1,26.62,sure_thing,0.03,0.72
7616,control,170,0,22.18,0.167,0,0.0,lost_cause,0.02,0.18
7617,control,13,10,653.37,0.605,0,0.0,sure_thing,0.03,0.72
7618,control,25,4,260.78,0.0,1,43.09,sleeping_dog,-0.11,-4.84
7619,treatment,47,9,143.87,0.491,0,0.0,persuadable,0.58,13.34
7620,treatment,20,7,162.55,0.131,0,0.0,sleeping_dog,-0.11,-4.84
7621,treatment,0,16,256.37,0.596,1,33.67,sure_thing,0.03,0.72
7622,control,179,4,32.34,0.135,0,0.0,lost_cause,0.02,0.18
7623,treatment,227,0,63.24,0.233,0,0.0,lost_cause,0.02,0.18
7624,control,0,13,105.01,0.381,0,0.0,persuadable,0.58,13.34
7625,control,244,5,74.32,0.237,0,0.0,lost_cause,0.02,0.18
7626,control,0,19,581.39,0.421,1,15.53,sure_thing,0.03,0.72
7627,control,218,2,28.12,0.168,0,0.0,lost_cause,0.02,0.18
7628,treatment,69,3,207.9,0.289,0,0.0,persuadable,0.58,13.34
7629,treatment,247,3,20.93,0.133,0,0.0,lost_cause,0.02,0.18
7630,treatment,111,2,21.94,0.235,0,0.0,lost_cause,0.02,0.18
7631,control,70,0,35.82,0.143,0,0.0,lost_cause,0.02,0.18
7632,treatment,11,13,305.03,0.666,1,25.41,sure_thing,0.03,0.72
7633,control,55,5,233.1,0.08,0,0.0,sleeping_dog,-0.11,-4.84
7634,treatment,0,20,571.41,0.546,1,27.48,sure_thing,0.03,0.72
7635,treatment,116,8,116.75,0.62,1,26.42,persuadable,0.58,13.34
7636,treatment,3,11,538.69,0.691,0,0.0,sure_thing,0.03,0.72
7637,control,245,4,33.21,0.382,0,0.0,lost_cause,0.02,0.18
7638,control,26,26,465.07,0.535,1,25.55,sure_thing,0.03,0.72
7639,control,0,17,372.53,0.742,1,23.75,sure_thing,0.03,0.72
7640,treatment,27,20,306.12,0.401,1,21.86,sure_thing,0.03,0.72
7641,treatment,0,1,46.76,0.0,0,0.0,lost_cause,0.02,0.18
7642,control,52,4,69.41,0.249,0,0.0,lost_cause,0.02,0.18
7643,treatment,80,1,12.77,0.283,0,0.0,lost_cause,0.02,0.18
7644,treatment,272,1,38.13,0.151,0,0.0,lost_cause,0.02,0.18
7645,treatment,264,2,5.0,0.0,0,0.0,lost_cause,0.02,0.18
7646,treatment,400,4,23.3,0.212,0,0.0,lost_cause,0.02,0.18
7647,control,30,26,177.01,0.384,1,21.83,sure_thing,0.03,0.72
7648,treatment,64,10,93.64,0.34,0,0.0,persuadable,0.58,13.34
7649,treatment,31,8,188.69,0.198,1,24.15,persuadable,0.58,13.34
7650,treatment,10,27,579.65,0.453,1,32.31,sure_thing,0.03,0.72
7651,control,48,11,76.13,0.401,0,0.0,persuadable,0.58,13.34
7652,control,176,1,22.93,0.15,0,0.0,lost_cause,0.02,0.18
7653,treatment,173,5,5.89,0.212,0,0.0,lost_cause,0.02,0.18
7654,control,11,11,246.57,0.717,0,0.0,sure_thing,0.03,0.72
7655,treatment,77,8,275.32,0.396,1,14.2,persuadable,0.58,13.34
7656,control,18,14,475.93,0.747,0,0.0,sure_thing,0.03,0.72
7657,treatment,35,3,210.48,0.631,1,22.18,persuadable,0.58,13.34
7658,control,31,7,279.54,0.419,0,0.0,persuadable,0.58,13.34
7659,control,36,9,202.73,0.359,1,27.86,persuadable,0.58,13.34
7660,treatment,192,2,51.17,0.284,0,0.0,lost_cause,0.02,0.18
7661,control,42,3,40.79,0.21,1,25.62,sleeping_dog,-0.11,-4.84
7662,treatment,18,14,273.02,0.587,1,20.3,sure_thing,0.03,0.72
7663,control,8,11,470.58,0.446,1,26.84,sure_thing,0.03,0.72
7664,control,1,21,254.85,0.402,1,23.39,sure_thing,0.03,0.72
7665,treatment,77,4,18.31,0.145,0,0.0,lost_cause,0.02,0.18
7666,control,295,0,34.95,0.125,0,0.0,lost_cause,0.02,0.18
7667,control,43,10,193.49,0.532,0,0.0,persuadable,0.58,13.34
7668,control,14,25,564.55,0.49,1,38.01,sure_thing,0.03,0.72
7669,control,38,3,129.36,0.093,1,41.08,sleeping_dog,-0.11,-4.84
7670,control,120,2,34.54,0.217,0,0.0,lost_cause,0.02,0.18
7671,control,11,11,310.88,0.926,1,17.49,sure_thing,0.03,0.72
7672,treatment,0,26,491.76,0.608,1,18.39,sure_thing,0.03,0.72
7673,treatment,131,3,43.25,0.1,0,0.0,lost_cause,0.02,0.18
7674,control,7,14,316.51,0.533,0,0.0,sure_thing,0.03,0.72
7675,treatment,221,4,21.12,0.097,0,0.0,lost_cause,0.02,0.18
7676,treatment,157,2,5.0,0.168,0,0.0,lost_cause,0.02,0.18
7677,control,249,5,62.14,0.17,0,0.0,lost_cause,0.02,0.18
7678,control,18,19,357.29,0.501,1,17.87,sure_thing,0.03,0.72
7679,treatment,18,24,424.95,0.751,1,25.29,sure_thing,0.03,0.72
7680,treatment,84,12,106.84,0.526,0,0.0,persuadable,0.58,13.34
7681,control,51,4,26.85,0.41,0,0.0,persuadable,0.58,13.34
7682,control,6,6,236.38,0.204,0,0.0,sleeping_dog,-0.11,-4.84
7683,treatment,49,5,97.35,0.117,0,0.0,sleeping_dog,-0.11,-4.84
7684,treatment,51,12,170.34,0.131,1,20.05,persuadable,0.58,13.34
7685,treatment,271,1,32.71,0.24,1,9.81,lost_cause,0.02,0.18
7686,control,10,17,593.57,0.532,0,0.0,sure_thing,0.03,0.72
7687,control,275,3,23.9,0.275,0,0.0,lost_cause,0.02,0.18
7688,treatment,13,25,416.76,0.587,1,22.24,sure_thing,0.03,0.72
7689,treatment,202,4,64.48,0.169,0,0.0,lost_cause,0.02,0.18
7690,treatment,11,19,553.01,0.519,1,23.81,sure_thing,0.03,0.72
7691,treatment,51,18,222.0,0.524,1,23.05,persuadable,0.58,13.34
7692,control,125,4,5.0,0.079,0,0.0,lost_cause,0.02,0.18
7693,treatment,50,7,5.0,0.551,1,20.54,persuadable,0.58,13.34
7694,control,202,3,40.19,0.355,0,0.0,lost_cause,0.02,0.18
7695,control,15,18,466.74,0.894,0,0.0,sure_thing,0.03,0.72
7696,control,103,4,5.0,0.375,0,0.0,lost_cause,0.02,0.18
7697,control,64,1,42.83,0.251,0,0.0,lost_cause,0.02,0.18
7698,treatment,18,20,748.22,0.525,1,32.18,sure_thing,0.03,0.72
7699,treatment,59,3,43.32,0.005,0,0.0,lost_cause,0.02,0.18
7700,control,295,0,13.07,0.0,0,0.0,lost_cause,0.02,0.18
7701,treatment,47,4,192.66,0.431,1,14.48,persuadable,0.58,13.34
7702,treatment,75,1,13.97,0.171,1,8.52,lost_cause,0.02,0.18
7703,control,6,5,256.09,0.153,0,0.0,sleeping_dog,-0.11,-4.84
7704,control,0,21,512.81,0.466,1,10.32,sure_thing,0.03,0.72
7705,control,309,4,33.73,0.006,0,0.0,lost_cause,0.02,0.18
7706,treatment,197,3,38.0,0.224,0,0.0,lost_cause,0.02,0.18
7707,control,32,4,85.08,0.411,0,0.0,persuadable,0.58,13.34
7708,treatment,171,2,40.29,0.185,0,0.0,lost_cause,0.02,0.18
7709,control,24,8,218.65,0.114,0,0.0,persuadable,0.58,13.34
7710,treatment,22,20,308.48,0.757,1,26.19,sure_thing,0.03,0.72
7711,control,4,30,508.26,0.46,1,20.88,sure_thing,0.03,0.72
7712,control,208,0,30.63,0.223,0,0.0,lost_cause,0.02,0.18
7713,control,350,2,31.46,0.163,0,0.0,lost_cause,0.02,0.18
7714,control,73,1,38.02,0.126,0,0.0,lost_cause,0.02,0.18
7715,control,93,12,141.79,0.488,0,0.0,persuadable,0.58,13.34
7716,control,32,3,115.03,0.34,1,12.8,persuadable,0.58,13.34
7717,control,245,4,48.8,0.037,0,0.0,lost_cause,0.02,0.18
7718,treatment,9,20,394.5,0.527,1,24.86,sure_thing,0.03,0.72
7719,treatment,160,6,78.08,0.0,0,0.0,lost_cause,0.02,0.18
7720,control,44,7,108.35,0.384,0,0.0,persuadable,0.58,13.34
7721,treatment,106,1,32.11,0.309,0,0.0,lost_cause,0.02,0.18
7722,treatment,11,3,49.0,0.234,0,0.0,lost_cause,0.02,0.18
7723,control,114,3,28.18,0.0,0,0.0,lost_cause,0.02,0.18
7724,control,41,6,77.65,0.104,1,57.93,sleeping_dog,-0.11,-4.84
7725,control,43,12,151.2,0.332,0,0.0,persuadable,0.58,13.34
7726,control,114,3,26.07,0.177,0,0.0,lost_cause,0.02,0.18
7727,control,27,5,180.23,0.206,1,16.69,persuadable,0.58,13.34
7728,treatment,205,3,73.18,0.111,0,0.0,lost_cause,0.02,0.18
7729,treatment,282,3,30.62,0.212,0,0.0,lost_cause,0.02,0.18
7730,treatment,15,7,43.7,0.264,1,29.88,persuadable,0.58,13.34
7731,treatment,240,0,70.41,0.198,0,0.0,lost_cause,0.02,0.18
7732,control,61,5,232.17,0.53,0,0.0,persuadable,0.58,13.34
7733,treatment,49,6,261.02,0.061,1,50.64,sleeping_dog,-0.11,-4.84
7734,control,179,1,51.19,0.332,0,0.0,lost_cause,0.02,0.18
7735,control,44,7,109.88,0.214,0,0.0,persuadable,0.58,13.34
7736,control,86,4,145.19,0.296,0,0.0,persuadable,0.58,13.34
7737,treatment,361,1,60.56,0.027,0,0.0,lost_cause,0.02,0.18
7738,treatment,147,2,12.94,0.093,0,0.0,lost_cause,0.02,0.18
7739,treatment,208,0,6.2,0.289,0,0.0,lost_cause,0.02,0.18
7740,treatment,173,1,73.22,0.107,0,0.0,lost_cause,0.02,0.18
7741,treatment,265,1,28.64,0.248,0,0.0,lost_cause,0.02,0.18
7742,treatment,248,3,26.09,0.266,1,7.44,lost_cause,0.02,0.18
7743,treatment,203,3,33.31,0.126,0,0.0,lost_cause,0.02,0.18
7744,control,261,0,35.68,0.132,0,0.0,lost_cause,0.02,0.18
7745,treatment,231,0,5.0,0.234,0,0.0,lost_cause,0.02,0.18
7746,treatment,22,24,409.34,0.806,0,0.0,sure_thing,0.03,0.72
7747,control,7,15,454.11,0.513,1,20.77,sure_thing,0.03,0.72
7748,treatment,82,7,198.77,0.159,1,29.41,persuadable,0.58,13.34
7749,control,0,19,493.97,0.605,1,32.13,sure_thing,0.03,0.72
7750,control,0,9,163.04,0.449,1,25.72,persuadable,0.58,13.34
7751,control,21,22,399.72,0.769,1,21.62,sure_thing,0.03,0.72
7752,control,145,0,64.78,0.036,0,0.0,lost_cause,0.02,0.18
7753,treatment,292,1,32.71,0.0,0,0.0,lost_cause,0.02,0.18
7754,control,18,7,310.12,0.46,0,0.0,persuadable,0.58,13.34
7755,control,0,16,501.35,0.603,1,24.23,sure_thing,0.03,0.72
7756,treatment,160,1,53.27,0.183,1,10.38,lost_cause,0.02,0.18
7757,control,13,23,305.68,0.706,1,25.17,sure_thing,0.03,0.72
7758,control,53,5,176.52,0.145,0,0.0,sleeping_dog,-0.11,-4.84
7759,treatment,8,13,449.79,0.393,1,32.35,sure_thing,0.03,0.72
7760,treatment,147,1,72.4,0.028,0,0.0,lost_cause,0.02,0.18
7761,control,15,6,169.34,0.639,0,0.0,persuadable,0.58,13.34
7762,control,272,3,45.63,0.118,0,0.0,lost_cause,0.02,0.18
7763,control,161,2,16.08,0.25,0,0.0,lost_cause,0.02,0.18
7764,treatment,209,3,49.05,0.253,0,0.0,lost_cause,0.02,0.18
7765,control,40,4,240.28,0.094,1,49.39,sleeping_dog,-0.11,-4.84
7766,control,400,2,28.23,0.333,0,0.0,lost_cause,0.02,0.18
7767,treatment,108,5,129.81,0.322,1,24.72,persuadable,0.58,13.34
7768,control,286,3,38.65,0.201,0,0.0,lost_cause,0.02,0.18
7769,treatment,159,4,38.32,0.179,0,0.0,lost_cause,0.02,0.18
7770,control,158,4,37.19,0.067,0,0.0,lost_cause,0.02,0.18
7771,treatment,297,6,13.43,0.075,0,0.0,lost_cause,0.02,0.18
7772,control,240,2,5.0,0.0,0,0.0,lost_cause,0.02,0.18
7773,control,123,1,46.06,0.301,0,0.0,lost_cause,0.02,0.18
7774,treatment,34,12,131.46,0.352,1,23.76,persuadable,0.58,13.34
7775,treatment,15,20,472.15,0.633,1,26.33,sure_thing,0.03,0.72
7776,control,267,0,19.39,0.093,0,0.0,lost_cause,0.02,0.18
7777,treatment,44,13,192.52,0.304,1,21.9,persuadable,0.58,13.34
7778,control,23,12,5.0,0.397,0,0.0,persuadable,0.58,13.34
7779,control,2,18,313.27,0.377,1,30.26,sure_thing,0.03,0.72
7780,control,61,4,44.41,0.079,0,0.0,lost_cause,0.02,0.18
7781,control,326,5,22.32,0.013,0,0.0,lost_cause,0.02,0.18
7782,control,323,2,27.54,0.095,0,0.0,lost_cause,0.02,0.18
7783,control,358,2,57.72,0.112,0,0.0,lost_cause,0.02,0.18
7784,control,89,1,5.0,0.047,0,0.0,lost_cause,0.02,0.18
7785,treatment,66,4,167.66,0.131,0,0.0,sleeping_dog,-0.11,-4.84
7786,control,20,19,343.54,0.567,1,29.57,sure_thing,0.03,0.72
7787,treatment,264,2,23.93,0.172,0,0.0,lost_cause,0.02,0.18
7788,control,18,16,547.08,0.691,1,18.11,sure_thing,0.03,0.72
7789,control,389,0,39.55,0.112,0,0.0,lost_cause,0.02,0.18
7790,control,67,5,176.0,0.312,0,0.0,persuadable,0.58,13.34
7791,control,7,12,210.1,0.454,1,20.85,sure_thing,0.03,0.72
7792,treatment,16,18,337.15,0.547,1,31.76,sure_thing,0.03,0.72
7793,treatment,248,3,39.7,0.112,0,0.0,lost_cause,0.02,0.18
7794,treatment,13,19,437.85,0.728,0,0.0,sure_thing,0.03,0.72
7795,treatment,64,7,221.58,0.293,1,20.97,persuadable,0.58,13.34
7796,control,193,1,20.98,0.0,0,0.0,lost_cause,0.02,0.18
7797,control,330,3,29.82,0.047,0,0.0,lost_cause,0.02,0.18
7798,control,24,20,449.39,0.462,1,29.33,sure_thing,0.03,0.72
7799,treatment,108,7,186.24,0.384,1,20.52,persuadable,0.58,13.34
7800,control,20,19,539.61,0.321,1,23.27,sure_thing,0.03,0.72
7801,control,41,6,192.16,0.149,1,45.13,sleeping_dog,-0.11,-4.84
7802,treatment,21,13,501.21,0.404,0,0.0,sure_thing,0.03,0.72
7803,treatment,48,7,226.85,0.374,1,29.93,persuadable,0.58,13.34
7804,control,79,5,5.0,0.239,0,0.0,lost_cause,0.02,0.18
7805,control,6,20,525.19,0.627,1,33.11,sure_thing,0.03,0.72
7806,treatment,0,24,510.08,0.6,0,0.0,sure_thing,0.03,0.72
7807,control,201,0,68.5,0.086,0,0.0,lost_cause,0.02,0.18
7808,control,82,5,5.0,0.416,1,28.93,persuadable,0.58,13.34
7809,treatment,249,1,16.52,0.0,0,0.0,lost_cause,0.02,0.18
7810,treatment,15,15,98.14,0.449,1,18.73,sure_thing,0.03,0.72
7811,treatment,167,1,45.59,0.012,0,0.0,lost_cause,0.02,0.18
7812,treatment,26,3,191.57,0.182,0,0.0,sleeping_dog,-0.11,-4.84
7813,control,24,6,85.59,0.198,1,24.23,persuadable,0.58,13.34
7814,control,214,1,9.68,0.277,0,0.0,lost_cause,0.02,0.18
7815,control,293,3,22.74,0.222,0,0.0,lost_cause,0.02,0.18
7816,control,284,3,19.27,0.137,1,6.27,lost_cause,0.02,0.18
7817,treatment,204,3,16.68,0.221,0,0.0,lost_cause,0.02,0.18
7818,control,120,6,124.27,0.43,0,0.0,persuadable,0.58,13.34
7819,control,69,5,194.46,0.333,0,0.0,persuadable,0.58,13.34
7820,control,54,8,117.85,0.377,1,24.8,persuadable,0.58,13.34
7821,control,100,3,15.8,0.077,0,0.0,lost_cause,0.02,0.18
7822,treatment,11,26,542.06,0.844,1,19.06,sure_thing,0.03,0.72
7823,control,0,21,456.64,0.788,1,16.64,sure_thing,0.03,0.72
7824,control,37,10,166.07,0.438,0,0.0,persuadable,0.58,13.34
7825,treatment,70,1,46.74,0.197,0,0.0,lost_cause,0.02,0.18
7826,treatment,126,2,25.65,0.169,0,0.0,lost_cause,0.02,0.18
7827,control,20,22,514.39,0.56,1,25.25,sure_thing,0.03,0.72
7828,control,161,3,5.4,0.085,0,0.0,lost_cause,0.02,0.18
7829,control,36,5,263.81,0.01,0,0.0,sleeping_dog,-0.11,-4.84
7830,treatment,139,3,55.29,0.085,0,0.0,lost_cause,0.02,0.18
7831,control,4,7,183.76,0.062,0,0.0,sleeping_dog,-0.11,-4.84
7832,treatment,400,1,50.52,0.161,0,0.0,lost_cause,0.02,0.18
7833,control,190,3,38.0,0.003,1,9.51,lost_cause,0.02,0.18
7834,treatment,196,1,41.97,0.247,0,0.0,lost_cause,0.02,0.18
7835,treatment,15,18,396.56,0.486,0,0.0,sure_thing,0.03,0.72
7836,treatment,42,6,290.72,0.038,1,46.09,sleeping_dog,-0.11,-4.84
7837,control,11,15,652.78,0.393,1,30.84,sure_thing,0.03,0.72
7838,treatment,48,4,115.51,0.334,1,26.02,persuadable,0.58,13.34
7839,treatment,58,5,151.88,0.535,1,14.46,persuadable,0.58,13.34
7840,control,0,5,232.58,0.241,0,0.0,sleeping_dog,-0.11,-4.84
7841,treatment,266,0,38.13,0.182,0,0.0,lost_cause,0.02,0.18
7842,treatment,14,25,506.31,0.429,0,0.0,sure_thing,0.03,0.72
7843,treatment,90,5,15.09,0.0,0,0.0,lost_cause,0.02,0.18
7844,control,156,2,50.97,0.001,0,0.0,lost_cause,0.02,0.18
7845,treatment,263,2,40.81,0.0,0,0.0,lost_cause,0.02,0.18
7846,treatment,144,1,36.22,0.032,0,0.0,lost_cause,0.02,0.18
7847,treatment,44,3,79.7,0.581,0,0.0,persuadable,0.58,13.34
7848,treatment,300,2,45.34,0.152,0,0.0,lost_cause,0.02,0.18
7849,control,151,1,37.65,0.0,0,0.0,lost_cause,0.02,0.18
7850,control,230,3,17.78,0.035,0,0.0,lost_cause,0.02,0.18
7851,treatment,341,4,50.27,0.109,0,0.0,lost_cause,0.02,0.18
7852,control,45,10,81.62,0.345,1,30.63,persuadable,0.58,13.34
7853,treatment,19,19,620.36,0.641,0,0.0,sure_thing,0.03,0.72
7854,treatment,20,15,404.0,0.371,1,26.39,sure_thing,0.03,0.72
7855,treatment,309,1,17.6,0.108,1,6.89,lost_cause,0.02,0.18
7856,control,29,6,204.87,0.123,0,0.0,sleeping_dog,-0.11,-4.84
7857,treatment,222,1,5.08,0.115,0,0.0,lost_cause,0.02,0.18
7858,treatment,4,20,626.0,0.428,1,28.68,sure_thing,0.03,0.72
7859,treatment,3,14,473.65,0.509,1,20.43,sure_thing,0.03,0.72
7860,treatment,37,13,189.33,0.238,0,0.0,persuadable,0.58,13.34
7861,treatment,16,3,192.48,0.117,1,21.93,persuadable,0.58,13.34
7862,control,60,7,140.26,0.439,0,0.0,persuadable,0.58,13.34
7863,treatment,222,2,55.58,0.074,0,0.0,lost_cause,0.02,0.18
7864,treatment,34,5,145.89,0.179,0,0.0,sleeping_dog,-0.11,-4.84
7865,control,0,4,164.49,0.298,0,0.0,persuadable,0.58,13.34
7866,control,276,2,19.79,0.297,0,0.0,lost_cause,0.02,0.18
7867,control,36,9,119.42,0.386,1,18.11,persuadable,0.58,13.34
7868,control,35,5,192.71,0.302,1,38.29,sleeping_dog,-0.11,-4.84
7869,control,70,3,187.41,0.504,1,18.62,persuadable,0.58,13.34
7870,treatment,56,8,192.35,0.38,1,22.35,persuadable,0.58,13.34
7871,control,70,11,154.35,0.541,0,0.0,persuadable,0.58,13.34
7872,treatment,135,10,27.27,0.07,0,0.0,persuadable,0.58,13.34
7873,treatment,47,7,121.34,0.351,1,19.28,persuadable,0.58,13.34
7874,control,172,1,33.85,0.07,0,0.0,lost_cause,0.02,0.18
7875,control,110,0,59.34,0.212,0,0.0,lost_cause,0.02,0.18
7876,treatment,299,3,35.52,0.019,0,0.0,lost_cause,0.02,0.18
7877,control,11,14,391.38,0.692,1,24.26,sure_thing,0.03,0.72
7878,treatment,312,2,42.32,0.184,0,0.0,lost_cause,0.02,0.18
7879,treatment,0,29,424.82,0.384,1,27.17,sure_thing,0.03,0.72
7880,treatment,68,8,164.57,0.547,1,22.4,persuadable,0.58,13.34
7881,treatment,24,5,144.5,0.058,1,46.8,sleeping_dog,-0.11,-4.84
7882,treatment,235,2,16.2,0.312,1,9.43,lost_cause,0.02,0.18
7883,control,24,18,556.11,0.417,0,0.0,sure_thing,0.03,0.72
7884,control,189,1,14.33,0.192,0,0.0,lost_cause,0.02,0.18
7885,control,97,6,264.03,0.542,0,0.0,persuadable,0.58,13.34
7886,treatment,107,2,10.43,0.0,0,0.0,lost_cause,0.02,0.18
7887,control,153,2,41.11,0.223,0,0.0,lost_cause,0.02,0.18
7888,control,178,1,24.53,0.195,0,0.0,lost_cause,0.02,0.18
7889,treatment,233,2,21.23,0.078,0,0.0,lost_cause,0.02,0.18
7890,treatment,0,18,329.34,0.538,1,27.73,sure_thing,0.03,0.72
7891,control,286,2,41.13,0.227,0,0.0,lost_cause,0.02,0.18
7892,control,51,8,211.77,0.1,0,0.0,persuadable,0.58,13.34
7893,treatment,62,1,238.98,0.169,0,0.0,sleeping_dog,-0.11,-4.84
7894,treatment,8,10,478.47,0.515,1,23.6,sure_thing,0.03,0.72
7895,treatment,12,14,222.61,0.669,0,0.0,sure_thing,0.03,0.72
7896,treatment,28,3,115.79,0.0,0,0.0,sleeping_dog,-0.11,-4.84
7897,control,215,3,8.12,0.23,0,0.0,lost_cause,0.02,0.18
7898,control,52,12,230.79,0.27,0,0.0,persuadable,0.58,13.34
7899,control,49,10,155.65,0.434,1,24.59,persuadable,0.58,13.34
7900,treatment,245,2,43.59,0.093,0,0.0,lost_cause,0.02,0.18
7901,treatment,93,3,54.58,0.202,0,0.0,lost_cause,0.02,0.18
7902,control,6,12,132.47,0.47,0,0.0,persuadable,0.58,13.34
7903,treatment,221,0,51.32,0.157,0,0.0,lost_cause,0.02,0.18
7904,treatment,63,7,107.44,0.111,1,19.81,persuadable,0.58,13.34
7905,treatment,10,12,120.29,0.34,1,19.95,persuadable,0.58,13.34
7906,treatment,47,4,83.64,0.335,1,18.6,persuadable,0.58,13.34
7907,control,78,3,130.63,0.564,0,0.0,persuadable,0.58,13.34
7908,treatment,18,13,319.57,0.758,1,25.5,sure_thing,0.03,0.72
7909,control,58,12,5.0,0.346,1,21.95,persuadable,0.58,13.34
7910,control,11,25,506.1,0.65,1,23.84,sure_thing,0.03,0.72
7911,treatment,315,2,61.27,0.203,0,0.0,lost_cause,0.02,0.18
7912,treatment,0,4,182.26,0.371,0,0.0,persuadable,0.58,13.34
7913,control,4,22,523.42,0.544,0,0.0,sure_thing,0.03,0.72
7914,treatment,148,0,34.06,0.158,0,0.0,lost_cause,0.02,0.18
7915,control,39,4,17.86,0.0,0,0.0,lost_cause,0.02,0.18
7916,control,271,2,33.92,0.168,0,0.0,lost_cause,0.02,0.18
7917,control,344,3,23.42,0.023,0,0.0,lost_cause,0.02,0.18
7918,control,49,2,77.98,0.556,0,0.0,persuadable,0.58,13.34
7919,treatment,29,4,223.43,0.503,1,16.72,persuadable,0.58,13.34
7920,control,9,10,144.22,0.197,0,0.0,persuadable,0.58,13.34
7921,treatment,60,7,88.66,0.415,1,18.73,persuadable,0.58,13.34
7922,treatment,275,2,8.25,0.023,0,0.0,lost_cause,0.02,0.18
7923,control,165,2,50.22,0.277,1,5.84,lost_cause,0.02,0.18
7924,control,122,7,117.65,0.398,0,0.0,persuadable,0.58,13.34
7925,treatment,264,2,28.12,0.137,0,0.0,lost_cause,0.02,0.18
7926,control,64,10,66.57,0.605,0,0.0,persuadable,0.58,13.34
7927,control,12,16,344.52,0.273,1,29.48,sure_thing,0.03,0.72
7928,treatment,40,18,371.76,0.673,0,0.0,sure_thing,0.03,0.72
7929,control,25,17,370.71,0.353,1,26.83,sure_thing,0.03,0.72
7930,treatment,2,10,680.99,0.405,1,21.21,sure_thing,0.03,0.72
7931,treatment,21,2,47.16,0.119,1,12.26,lost_cause,0.02,0.18
7932,control,216,0,55.19,0.0,1,9.0,lost_cause,0.02,0.18
7933,control,77,9,320.98,0.121,1,39.72,sleeping_dog,-0.11,-4.84
7934,treatment,90,3,254.01,0.58,1,20.79,persuadable,0.58,13.34
7935,control,14,18,669.22,0.533,1,34.03,sure_thing,0.03,0.72
7936,control,10,18,608.78,0.509,1,28.86,sure_thing,0.03,0.72
7937,treatment,142,1,5.0,0.095,0,0.0,lost_cause,0.02,0.18
7938,treatment,11,26,576.45,0.776,1,24.58,sure_thing,0.03,0.72
7939,control,9,19,460.5,0.424,0,0.0,sure_thing,0.03,0.72
7940,treatment,35,18,467.15,0.528,1,14.47,sure_thing,0.03,0.72
7941,control,311,2,12.11,0.175,0,0.0,lost_cause,0.02,0.18
7942,treatment,120,3,20.73,0.087,0,0.0,lost_cause,0.02,0.18
7943,treatment,34,1,314.86,0.064,0,0.0,sleeping_dog,-0.11,-4.84
7944,control,61,7,149.56,0.273,1,21.8,persuadable,0.58,13.34
7945,treatment,394,1,37.48,0.065,0,0.0,lost_cause,0.02,0.18
7946,control,64,0,162.49,0.655,0,0.0,persuadable,0.58,13.34
7947,treatment,116,3,78.59,0.323,0,0.0,persuadable,0.58,13.34
7948,control,400,1,16.18,0.162,0,0.0,lost_cause,0.02,0.18
7949,control,86,4,134.76,0.635,0,0.0,persuadable,0.58,13.34
7950,treatment,385,2,41.64,0.083,0,0.0,lost_cause,0.02,0.18
7951,control,299,1,36.66,0.046,0,0.0,lost_cause,0.02,0.18
7952,control,143,3,25.83,0.004,0,0.0,lost_cause,0.02,0.18
7953,treatment,7,20,292.68,0.569,0,0.0,sure_thing,0.03,0.72
7954,control,10,24,765.46,0.631,1,24.81,sure_thing,0.03,0.72
7955,treatment,18,12,574.45,0.317,1,16.66,sure_thing,0.03,0.72
7956,treatment,183,0,34.93,0.033,0,0.0,lost_cause,0.02,0.18
7957,control,50,8,226.33,0.503,1,28.55,persuadable,0.58,13.34
7958,control,298,0,5.81,0.144,0,0.0,lost_cause,0.02,0.18
7959,control,244,3,11.42,0.266,0,0.0,lost_cause,0.02,0.18
7960,treatment,22,15,487.54,0.623,1,27.46,sure_thing,0.03,0.72
7961,treatment,152,2,42.64,0.103,0,0.0,lost_cause,0.02,0.18
7962,treatment,68,7,202.3,0.293,1,27.56,persuadable,0.58,13.34
7963,treatment,8,19,419.03,0.596,1,30.98,sure_thing,0.03,0.72
7964,treatment,73,4,127.06,0.275,1,26.41,persuadable,0.58,13.34
7965,treatment,189,6,8.05,0.042,0,0.0,lost_cause,0.02,0.18
7966,treatment,136,0,36.96,0.129,1,9.03,lost_cause,0.02,0.18
7967,control,245,4,40.09,0.0,0,0.0,lost_cause,0.02,0.18
7968,treatment,203,2,15.28,0.074,0,0.0,lost_cause,0.02,0.18
7969,treatment,325,5,5.36,0.083,0,0.0,lost_cause,0.02,0.18
7970,treatment,49,7,100.75,0.391,1,29.03,persuadable,0.58,13.34
7971,treatment,28,15,270.89,0.609,0,0.0,sure_thing,0.03,0.72
7972,treatment,52,7,183.0,0.529,1,28.04,persuadable,0.58,13.34
7973,control,274,4,52.03,0.172,0,0.0,lost_cause,0.02,0.18
7974,treatment,177,1,59.6,0.162,0,0.0,lost_cause,0.02,0.18
7975,treatment,334,1,75.08,0.173,0,0.0,lost_cause,0.02,0.18
7976,control,116,4,297.93,0.204,0,0.0,persuadable,0.58,13.34
7977,control,2,1,43.63,0.075,0,0.0,lost_cause,0.02,0.18
7978,control,17,18,128.76,0.61,1,20.55,sure_thing,0.03,0.72
7979,control,5,15,411.31,0.352,1,24.57,sure_thing,0.03,0.72
7980,control,80,6,50.96,0.282,0,0.0,lost_cause,0.02,0.18
7981,control,48,1,64.13,0.173,1,44.17,sleeping_dog,-0.11,-4.84
7982,treatment,42,3,140.22,0.182,0,0.0,sleeping_dog,-0.11,-4.84
7983,control,155,3,9.24,0.145,1,10.17,lost_cause,0.02,0.18
7984,treatment,257,0,21.15,0.077,0,0.0,lost_cause,0.02,0.18
7985,treatment,0,34,277.21,0.55,1,28.31,sure_thing,0.03,0.72
7986,control,15,11,532.93,0.688,1,23.86,sure_thing,0.03,0.72
7987,control,21,14,450.63,0.344,1,24.09,sure_thing,0.03,0.72
7988,control,0,13,248.1,0.646,1,25.29,sure_thing,0.03,0.72
7989,control,0,4,178.31,0.015,0,0.0,sleeping_dog,-0.11,-4.84
7990,treatment,90,5,122.24,0.3,1,24.25,persuadable,0.58,13.34
7991,control,380,0,43.72,0.157,0,0.0,lost_cause,0.02,0.18
7992,control,47,7,242.74,0.65,0,0.0,persuadable,0.58,13.34
7993,control,281,3,19.43,0.079,0,0.0,lost_cause,0.02,0.18
7994,treatment,66,3,83.28,0.079,0,0.0,sleeping_dog,-0.11,-4.84
7995,treatment,16,25,259.71,0.514,1,23.11,sure_thing,0.03,0.72
7996,control,236,2,36.98,0.201,0,0.0,lost_cause,0.02,0.18
7997,treatment,87,2,5.0,0.531,1,19.61,persuadable,0.58,13.34
7998,treatment,209,1,60.97,0.076,0,0.0,lost_cause,0.02,0.18
7999,control,34,8,198.54,0.53,1,23.58,persuadable,0.58,13.34
8000,treatment,15,11,426.47,0.516,1,22.62,sure_thing,0.03,0.72
8001,control,84,4,241.76,0.501,1,23.72,persuadable,0.58,13.34
8002,treatment,77,12,159.29,0.492,1,26.17,persuadable,0.58,13.34
8003,control,27,3,127.52,0.35,0,0.0,persuadable,0.58,13.34
8004,control,99,5,161.04,0.454,0,0.0,persuadable,0.58,13.34
8005,treatment,11,25,433.72,0.44,0,0.0,sure_thing,0.03,0.72
8006,control,49,2,26.96,0.149,0,0.0,lost_cause,0.02,0.18
8007,control,16,16,539.1,0.505,1,23.12,sure_thing,0.03,0.72
8008,treatment,156,0,30.2,0.312,1,11.44,lost_cause,0.02,0.18
8009,treatment,307,2,26.72,0.254,0,0.0,lost_cause,0.02,0.18
8010,treatment,6,13,508.51,0.684,0,0.0,sure_thing,0.03,0.72
8011,treatment,239,3,42.91,0.217,0,0.0,lost_cause,0.02,0.18
8012,treatment,156,3,47.06,0.117,0,0.0,lost_cause,0.02,0.18
8013,treatment,207,1,41.9,0.081,0,0.0,lost_cause,0.02,0.18
8014,treatment,150,2,16.53,0.108,0,0.0,lost_cause,0.02,0.18
8015,control,36,1,13.07,0.218,0,0.0,lost_cause,0.02,0.18
8016,control,0,16,300.27,0.496,1,16.19,sure_thing,0.03,0.72
8017,treatment,189,0,54.94,0.236,0,0.0,lost_cause,0.02,0.18
8018,treatment,151,0,78.69,0.175,0,0.0,lost_cause,0.02,0.18
8019,control,97,3,55.84,0.24,0,0.0,lost_cause,0.02,0.18
8020,control,100,8,106.45,0.202,0,0.0,persuadable,0.58,13.34
8021,control,191,0,82.87,0.042,0,0.0,lost_cause,0.02,0.18
8022,treatment,180,3,21.73,0.248,0,0.0,lost_cause,0.02,0.18
8023,treatment,98,8,178.85,0.375,1,18.97,persuadable,0.58,13.34
8024,control,223,1,43.03,0.0,1,4.03,lost_cause,0.02,0.18
8025,control,96,15,108.78,0.477,0,0.0,persuadable,0.58,13.34
8026,control,210,3,5.0,0.041,0,0.0,lost_cause,0.02,0.18
8027,treatment,225,4,56.8,0.08,0,0.0,lost_cause,0.02,0.18
8028,control,31,8,264.46,0.545,0,0.0,sure_thing,0.03,0.72
8029,control,187,6,42.58,0.087,0,0.0,lost_cause,0.02,0.18
8030,treatment,27,3,160.22,0.01,0,0.0,sleeping_dog,-0.11,-4.84
8031,control,141,2,17.98,0.146,0,0.0,lost_cause,0.02,0.18
8032,treatment,51,4,149.35,0.421,1,16.63,persuadable,0.58,13.34
8033,control,16,16,305.39,0.363,0,0.0,sure_thing,0.03,0.72
8034,treatment,74,5,116.89,0.474,1,18.64,persuadable,0.58,13.34
8035,control,199,5,12.26,0.444,0,0.0,lost_cause,0.02,0.18
8036,control,82,8,208.36,0.356,0,0.0,persuadable,0.58,13.34
8037,treatment,11,20,480.23,0.521,1,31.04,sure_thing,0.03,0.72
8038,control,207,3,20.97,0.108,0,0.0,lost_cause,0.02,0.18
8039,control,295,0,41.45,0.322,0,0.0,lost_cause,0.02,0.18
8040,control,212,0,27.93,0.071,0,0.0,lost_cause,0.02,0.18
8041,treatment,80,7,208.35,0.57,0,0.0,persuadable,0.58,13.34
8042,treatment,45,3,155.34,0.213,0,0.0,sleeping_dog,-0.11,-4.84
8043,treatment,146,3,26.21,0.273,1,12.5,lost_cause,0.02,0.18
8044,control,71,13,103.01,0.34,1,28.96,persuadable,0.58,13.34
8045,control,11,22,279.99,0.389,1,17.86,sure_thing,0.03,0.72
8046,control,7,12,461.91,0.579,1,26.51,sure_thing,0.03,0.72
8047,control,19,17,318.23,0.502,1,20.83,sure_thing,0.03,0.72
8048,control,7,20,440.77,0.697,0,0.0,sure_thing,0.03,0.72
8049,control,281,4,16.64,0.08,0,0.0,lost_cause,0.02,0.18
8050,control,68,5,93.4,0.726,0,0.0,persuadable,0.58,13.34
8051,control,205,2,37.58,0.233,0,0.0,lost_cause,0.02,0.18
8052,control,14,15,233.9,0.373,1,23.98,sure_thing,0.03,0.72
8053,control,282,2,35.08,0.171,0,0.0,lost_cause,0.02,0.18
8054,control,9,5,130.2,0.09,1,33.13,sleeping_dog,-0.11,-4.84
8055,treatment,400,1,31.68,0.22,0,0.0,lost_cause,0.02,0.18
8056,control,91,9,5.0,0.403,0,0.0,persuadable,0.58,13.34
8057,treatment,31,23,444.7,0.706,1,26.96,sure_thing,0.03,0.72
8058,control,280,1,5.0,0.147,0,0.0,lost_cause,0.02,0.18
8059,treatment,48,5,369.16,0.139,0,0.0,sleeping_dog,-0.11,-4.84
8060,control,93,4,58.17,0.001,0,0.0,lost_cause,0.02,0.18
8061,treatment,124,2,10.67,0.058,0,0.0,lost_cause,0.02,0.18
8062,treatment,254,1,36.13,0.15,1,9.65,lost_cause,0.02,0.18
8063,treatment,6,18,337.59,0.511,1,24.31,sure_thing,0.03,0.72
8064,treatment,6,9,527.83,0.537,1,29.45,sure_thing,0.03,0.72
8065,control,64,15,196.69,0.496,1,19.26,persuadable,0.58,13.34
8066,control,7,11,107.78,0.605,0,0.0,persuadable,0.58,13.34
8067,treatment,59,3,38.36,0.224,0,0.0,lost_cause,0.02,0.18
8068,control,17,18,454.84,0.301,1,25.44,sure_thing,0.03,0.72
8069,treatment,165,1,28.32,0.098,0,0.0,lost_cause,0.02,0.18
8070,treatment,3,9,569.47,0.5,1,31.64,sure_thing,0.03,0.72
8071,control,11,18,204.4,0.579,1,22.41,sure_thing,0.03,0.72
8072,control,227,2,25.3,0.116,0,0.0,lost_cause,0.02,0.18
8073,treatment,162,1,54.35,0.218,0,0.0,lost_cause,0.02,0.18
8074,control,130,3,10.44,0.06,0,0.0,lost_cause,0.02,0.18
8075,control,202,2,57.63,0.161,0,0.0,lost_cause,0.02,0.18
8076,treatment,172,0,5.0,0.146,0,0.0,lost_cause,0.02,0.18
8077,treatment,160,4,18.96,0.219,0,0.0,lost_cause,0.02,0.18
8078,control,0,13,482.35,0.304,1,21.16,sure_thing,0.03,0.72
8079,control,253,3,41.22,0.0,0,0.0,lost_cause,0.02,0.18
8080,control,84,5,132.05,0.448,0,0.0,persuadable,0.58,13.34
8081,treatment,147,2,64.45,0.112,0,0.0,lost_cause,0.02,0.18
8082,control,185,1,92.67,0.299,0,0.0,lost_cause,0.02,0.18
8083,control,319,4,5.0,0.0,0,0.0,lost_cause,0.02,0.18
8084,treatment,68,9,141.8,0.184,1,14.22,persuadable,0.58,13.34
8085,control,34,18,460.52,0.576,1,19.92,sure_thing,0.03,0.72
8086,treatment,38,6,39.11,0.018,0,0.0,sleeping_dog,-0.11,-4.84
8087,control,285,1,15.83,0.121,0,0.0,lost_cause,0.02,0.18
8088,control,18,3,190.48,0.185,1,47.15,sleeping_dog,-0.11,-4.84
8089,control,209,3,44.28,0.117,0,0.0,lost_cause,0.02,0.18
8090,control,17,8,63.6,0.399,0,0.0,persuadable,0.58,13.34
8091,control,189,3,55.99,0.068,0,0.0,lost_cause,0.02,0.18
8092,control,43,6,239.58,0.353,0,0.0,persuadable,0.58,13.34
8093,control,12,17,313.73,0.586,0,0.0,sure_thing,0.03,0.72
8094,treatment,16,27,541.25,0.524,1,20.64,sure_thing,0.03,0.72
8095,control,231,3,38.19,0.071,0,0.0,lost_cause,0.02,0.18
8096,treatment,228,2,74.61,0.053,0,0.0,lost_cause,0.02,0.18
8097,control,91,1,44.2,0.331,0,0.0,lost_cause,0.02,0.18
8098,treatment,138,5,20.89,0.158,0,0.0,lost_cause,0.02,0.18
8099,treatment,11,11,370.55,0.788,1,27.22,sure_thing,0.03,0.72
8100,control,307,1,6.17,0.202,0,0.0,lost_cause,0.02,0.18
8101,control,121,0,18.35,0.085,1,5.96,lost_cause,0.02,0.18
8102,treatment,356,0,44.91,0.0,0,0.0,lost_cause,0.02,0.18
8103,control,270,2,41.37,0.238,0,0.0,lost_cause,0.02,0.18
8104,control,205,1,5.0,0.225,0,0.0,lost_cause,0.02,0.18
8105,treatment,24,20,285.34,0.609,1,23.8,sure_thing,0.03,0.72
8106,control,30,10,236.89,0.241,0,0.0,persuadable,0.58,13.34
8107,control,33,22,435.69,0.462,1,22.69,sure_thing,0.03,0.72
8108,treatment,15,7,210.63,0.376,1,27.55,persuadable,0.58,13.34
8109,treatment,165,3,31.66,0.056,0,0.0,lost_cause,0.02,0.18
8110,treatment,7,6,542.64,0.59,1,23.45,sure_thing,0.03,0.72
8111,control,108,0,235.66,0.279,0,0.0,persuadable,0.58,13.34
8112,treatment,46,6,265.57,0.0,1,32.76,sleeping_dog,-0.11,-4.84
8113,control,88,7,246.59,0.397,0,0.0,persuadable,0.58,13.34
8114,treatment,11,18,395.17,0.51,1,19.25,sure_thing,0.03,0.72
8115,treatment,16,3,170.11,0.189,1,36.19,sleeping_dog,-0.11,-4.84
8116,treatment,219,4,32.91,0.032,0,0.0,lost_cause,0.02,0.18
8117,treatment,24,4,171.41,0.231,1,24.53,persuadable,0.58,13.34
8118,treatment,90,7,156.77,0.485,1,23.87,persuadable,0.58,13.34
8119,treatment,71,8,207.31,0.335,1,23.44,persuadable,0.58,13.34
8120,control,280,0,26.23,0.298,0,0.0,lost_cause,0.02,0.18
8121,treatment,250,0,31.84,0.208,0,0.0,lost_cause,0.02,0.18
8122,treatment,329,2,5.0,0.135,1,12.24,lost_cause,0.02,0.18
8123,control,16,23,384.04,0.63,1,24.55,sure_thing,0.03,0.72
8124,treatment,252,2,41.62,0.216,0,0.0,lost_cause,0.02,0.18
8125,control,58,5,125.93,0.055,0,0.0,sleeping_dog,-0.11,-4.84
8126,control,151,0,5.0,0.322,0,0.0,lost_cause,0.02,0.18
8127,treatment,87,11,157.92,0.581,1,19.0,persuadable,0.58,13.34
8128,control,0,19,430.17,0.482,1,28.26,sure_thing,0.03,0.72
8129,control,260,1,16.59,0.234,0,0.0,lost_cause,0.02,0.18
8130,control,277,0,74.06,0.26,0,0.0,lost_cause,0.02,0.18
8131,control,201,3,15.2,0.229,0,0.0,lost_cause,0.02,0.18
8132,treatment,128,4,10.08,0.138,1,7.05,lost_cause,0.02,0.18
8133,control,140,2,42.55,0.076,0,0.0,lost_cause,0.02,0.18
8134,control,261,3,44.76,0.334,0,0.0,lost_cause,0.02,0.18
8135,control,0,3,296.95,0.064,0,0.0,sleeping_dog,-0.11,-4.84
8136,treatment,130,3,79.13,0.0,0,0.0,lost_cause,0.02,0.18
8137,control,2,25,545.96,0.422,1,21.02,sure_thing,0.03,0.72
8138,control,60,8,117.88,0.165,0,0.0,persuadable,0.58,13.34
8139,control,370,4,20.31,0.085,0,0.0,lost_cause,0.02,0.18
8140,control,43,4,114.54,0.134,0,0.0,sleeping_dog,-0.11,-4.84
8141,treatment,278,4,43.55,0.178,0,0.0,lost_cause,0.02,0.18
8142,control,48,3,6.31,0.083,0,0.0,lost_cause,0.02,0.18
8143,control,113,3,43.34,0.14,0,0.0,lost_cause,0.02,0.18
8144,control,216,0,41.25,0.15,0,0.0,lost_cause,0.02,0.18
8145,treatment,97,3,22.98,0.171,0,0.0,lost_cause,0.02,0.18
8146,control,15,24,385.71,0.357,1,25.94,sure_thing,0.03,0.72
8147,control,10,9,396.45,0.753,1,26.97,sure_thing,0.03,0.72
8148,treatment,196,1,59.98,0.213,0,0.0,lost_cause,0.02,0.18
8149,control,18,5,134.45,0.091,0,0.0,sleeping_dog,-0.11,-4.84
8150,treatment,74,5,126.51,0.353,1,15.41,persuadable,0.58,13.34
8151,treatment,23,19,562.24,0.584,1,19.84,sure_thing,0.03,0.72
8152,control,35,2,212.81,0.092,0,0.0,sleeping_dog,-0.11,-4.84
8153,control,11,22,434.69,0.755,1,21.39,sure_thing,0.03,0.72
8154,treatment,290,3,42.45,0.288,0,0.0,lost_cause,0.02,0.18
8155,control,75,4,64.32,0.315,0,0.0,persuadable,0.58,13.34
8156,treatment,53,3,151.26,0.104,0,0.0,sleeping_dog,-0.11,-4.84
8157,control,267,2,52.09,0.348,0,0.0,lost_cause,0.02,0.18
8158,control,6,15,343.32,0.571,1,21.97,sure_thing,0.03,0.72
8159,control,112,2,37.72,0.208,0,0.0,lost_cause,0.02,0.18
8160,control,41,5,13.4,0.306,0,0.0,persuadable,0.58,13.34
8161,control,278,3,38.35,0.172,0,0.0,lost_cause,0.02,0.18
8162,treatment,20,8,231.06,0.219,1,18.75,persuadable,0.58,13.34
8163,treatment,299,2,32.65,0.18,1,9.32,lost_cause,0.02,0.18
8164,treatment,10,31,286.94,0.29,1,12.81,sure_thing,0.03,0.72
8165,treatment,26,17,197.19,0.367,1,27.13,sure_thing,0.03,0.72
8166,treatment,75,11,258.89,0.05,1,26.52,persuadable,0.58,13.34
8167,control,146,2,41.72,0.098,1,10.73,lost_cause,0.02,0.18
8168,control,0,20,696.26,0.666,1,20.92,sure_thing,0.03,0.72
8169,treatment,266,5,55.85,0.106,1,10.49,lost_cause,0.02,0.18
8170,treatment,154,2,11.71,0.16,0,0.0,lost_cause,0.02,0.18
8171,control,90,3,38.0,0.223,0,0.0,lost_cause,0.02,0.18
8172,control,317,2,38.25,0.257,0,0.0,lost_cause,0.02,0.18
8173,control,38,3,298.52,0.001,1,43.16,sleeping_dog,-0.11,-4.84
8174,control,6,17,569.58,0.535,1,21.88,sure_thing,0.03,0.72
8175,treatment,312,1,17.05,0.094,0,0.0,lost_cause,0.02,0.18
8176,treatment,18,23,311.1,0.424,1,31.92,sure_thing,0.03,0.72
8177,control,125,1,20.82,0.201,0,0.0,lost_cause,0.02,0.18
8178,treatment,0,2,83.17,0.185,0,0.0,lost_cause,0.02,0.18
8179,treatment,0,14,382.64,0.477,1,27.69,sure_thing,0.03,0.72
8180,control,0,14,436.52,0.345,0,0.0,sure_thing,0.03,0.72
8181,control,5,22,533.1,0.493,1,25.55,sure_thing,0.03,0.72
8182,control,0,6,147.82,0.026,1,39.28,sleeping_dog,-0.11,-4.84
8183,treatment,47,2,180.03,0.21,0,0.0,sleeping_dog,-0.11,-4.84
8184,treatment,49,11,223.27,0.564,1,37.81,persuadable,0.58,13.34
8185,control,20,9,388.41,0.607,1,17.16,sure_thing,0.03,0.72
8186,control,40,1,206.37,0.732,0,0.0,persuadable,0.58,13.34
8187,control,301,2,35.74,0.348,0,0.0,lost_cause,0.02,0.18
8188,treatment,47,11,159.8,0.374,0,0.0,persuadable,0.58,13.34
8189,treatment,154,3,28.99,0.257,0,0.0,lost_cause,0.02,0.18
8190,treatment,12,3,121.2,0.043,1,40.3,sleeping_dog,-0.11,-4.84
8191,control,242,1,38.57,0.261,0,0.0,lost_cause,0.02,0.18
8192,control,87,6,124.94,0.399,0,0.0,persuadable,0.58,13.34
8193,treatment,23,20,500.58,0.571,1,29.74,sure_thing,0.03,0.72
8194,treatment,49,4,123.37,0.564,1,27.18,persuadable,0.58,13.34
8195,treatment,29,17,457.08,0.398,1,18.44,sure_thing,0.03,0.72
8196,control,103,8,8.98,0.308,0,0.0,persuadable,0.58,13.34
8197,treatment,21,8,137.57,0.447,1,23.64,persuadable,0.58,13.34
8198,treatment,31,18,555.54,0.712,1,18.7,sure_thing,0.03,0.72
8199,treatment,4,5,232.82,0.06,0,0.0,sleeping_dog,-0.11,-4.84
8200,treatment,90,4,57.44,0.041,0,0.0,lost_cause,0.02,0.18
8201,control,77,6,91.25,0.634,0,0.0,persuadable,0.58,13.34
8202,control,4,22,405.94,0.55,0,0.0,sure_thing,0.03,0.72
8203,control,85,6,110.65,0.384,1,22.79,persuadable,0.58,13.34
8204,control,2,24,201.52,0.552,1,22.71,sure_thing,0.03,0.72
8205,treatment,254,4,5.0,0.047,0,0.0,lost_cause,0.02,0.18
8206,treatment,32,22,415.4,0.469,0,0.0,sure_thing,0.03,0.72
8207,treatment,40,3,33.09,0.05,0,0.0,sleeping_dog,-0.11,-4.84
8208,treatment,16,20,478.26,0.651,0,0.0,sure_thing,0.03,0.72
8209,treatment,0,7,75.88,0.39,0,0.0,persuadable,0.58,13.34
8210,treatment,307,0,8.88,0.152,0,0.0,lost_cause,0.02,0.18
8211,control,22,19,331.43,0.64,1,32.23,sure_thing,0.03,0.72
8212,treatment,4,13,454.63,0.312,1,27.06,sure_thing,0.03,0.72
8213,treatment,222,0,29.36,0.212,0,0.0,lost_cause,0.02,0.18
8214,control,282,1,49.36,0.01,0,0.0,lost_cause,0.02,0.18
8215,treatment,37,2,177.93,0.621,0,0.0,persuadable,0.58,13.34
8216,control,0,10,220.59,0.583,0,0.0,persuadable,0.58,13.34
8217,treatment,237,2,39.28,0.191,0,0.0,lost_cause,0.02,0.18
8218,treatment,296,3,28.34,0.195,0,0.0,lost_cause,0.02,0.18
8219,treatment,57,0,198.61,0.187,1,11.43,persuadable,0.58,13.34
8220,control,80,8,78.32,0.209,1,15.6,persuadable,0.58,13.34
8221,control,61,6,170.87,0.558,1,24.61,persuadable,0.58,13.34
8222,treatment,61,12,158.79,0.332,1,33.91,persuadable,0.58,13.34
8223,treatment,160,3,21.59,0.205,0,0.0,lost_cause,0.02,0.18
8224,treatment,17,23,498.01,0.562,1,27.22,sure_thing,0.03,0.72
8225,control,20,11,178.39,0.555,1,26.51,sure_thing,0.03,0.72
8226,control,158,2,18.71,0.303,0,0.0,lost_cause,0.02,0.18
8227,control,32,5,46.0,0.01,1,9.4,lost_cause,0.02,0.18
8228,control,16,16,497.7,0.652,1,29.08,sure_thing,0.03,0.72
8229,control,25,5,254.37,0.084,0,0.0,sleeping_dog,-0.11,-4.84
8230,treatment,16,21,580.68,0.749,1,20.97,sure_thing,0.03,0.72
8231,treatment,168,0,5.24,0.048,0,0.0,lost_cause,0.02,0.18
8232,treatment,29,18,698.38,0.5,1,27.07,sure_thing,0.03,0.72
8233,control,29,21,705.55,0.421,1,34.97,sure_thing,0.03,0.72
8234,control,181,1,5.0,0.204,0,0.0,lost_cause,0.02,0.18
8235,treatment,20,13,250.74,0.389,1,18.69,sure_thing,0.03,0.72
8236,treatment,5,16,316.34,0.606,1,29.62,sure_thing,0.03,0.72
8237,treatment,1,6,81.45,0.061,1,26.2,persuadable,0.58,13.34
8238,control,105,1,6.95,0.106,0,0.0,lost_cause,0.02,0.18
8239,control,0,30,500.31,0.624,0,0.0,sure_thing,0.03,0.72
8240,control,300,2,35.1,0.198,0,0.0,lost_cause,0.02,0.18
8241,treatment,67,10,88.83,0.512,0,0.0,persuadable,0.58,13.34
8242,treatment,6,14,502.21,0.42,1,21.39,sure_thing,0.03,0.72
8243,control,63,8,102.52,0.43,0,0.0,persuadable,0.58,13.34
8244,treatment,64,5,175.74,0.369,1,26.63,persuadable,0.58,13.34
8245,treatment,184,3,62.0,0.225,0,0.0,lost_cause,0.02,0.18
8246,treatment,400,2,15.49,0.0,0,0.0,lost_cause,0.02,0.18
8247,treatment,64,5,164.46,0.273,1,15.45,persuadable,0.58,13.34
8248,control,262,3,26.29,0.334,0,0.0,lost_cause,0.02,0.18
8249,control,59,5,150.13,0.176,1,46.04,sleeping_dog,-0.11,-4.84
8250,control,30,17,326.59,0.89,1,18.92,sure_thing,0.03,0.72
8251,control,135,2,8.14,0.316,0,0.0,lost_cause,0.02,0.18
8252,control,3,6,444.51,0.432,1,27.06,sure_thing,0.03,0.72
8253,treatment,208,4,35.24,0.004,0,0.0,lost_cause,0.02,0.18
8254,control,25,20,263.65,0.347,1,30.15,sure_thing,0.03,0.72
8255,control,81,6,161.0,0.281,0,0.0,persuadable,0.58,13.34
8256,control,275,1,30.03,0.098,0,0.0,lost_cause,0.02,0.18
8257,treatment,31,1,164.19,0.243,0,0.0,sleeping_dog,-0.11,-4.84
8258,control,306,1,49.46,0.241,0,0.0,lost_cause,0.02,0.18
8259,treatment,344,3,16.61,0.111,0,0.0,lost_cause,0.02,0.18
8260,control,36,4,99.42,0.052,1,38.29,sleeping_dog,-0.11,-4.84
8261,control,25,7,138.61,0.386,0,0.0,persuadable,0.58,13.34
8262,control,168,3,20.55,0.199,0,0.0,lost_cause,0.02,0.18
8263,treatment,20,2,247.89,0.056,0,0.0,sleeping_dog,-0.11,-4.84
8264,treatment,299,3,42.63,0.064,0,0.0,lost_cause,0.02,0.18
8265,control,35,18,569.68,0.625,1,36.22,sure_thing,0.03,0.72
8266,control,1,13,334.0,0.879,0,0.0,sure_thing,0.03,0.72
8267,treatment,86,6,158.82,0.699,0,0.0,persuadable,0.58,13.34
8268,control,205,2,19.2,0.28,0,0.0,lost_cause,0.02,0.18
8269,control,294,0,19.05,0.023,0,0.0,lost_cause,0.02,0.18
8270,control,16,22,388.03,0.761,1,23.77,sure_thing,0.03,0.72
8271,treatment,198,2,55.07,0.136,0,0.0,lost_cause,0.02,0.18
8272,control,36,24,451.74,0.78,1,19.92,sure_thing,0.03,0.72
8273,treatment,27,1,66.98,0.411,1,26.38,persuadable,0.58,13.34
8274,treatment,83,8,110.48,0.738,1,25.6,persuadable,0.58,13.34
8275,treatment,205,1,24.89,0.173,0,0.0,lost_cause,0.02,0.18
8276,control,13,17,461.95,0.363,0,0.0,sure_thing,0.03,0.72
8277,control,73,5,137.61,0.071,1,43.4,sleeping_dog,-0.11,-4.84
8278,control,239,3,52.39,0.012,0,0.0,lost_cause,0.02,0.18
8279,control,121,4,169.18,0.44,1,19.99,persuadable,0.58,13.34
8280,control,151,3,6.88,0.176,0,0.0,lost_cause,0.02,0.18
8281,treatment,34,7,170.98,0.538,1,24.29,persuadable,0.58,13.34
8282,control,8,25,382.69,0.486,0,0.0,sure_thing,0.03,0.72
8283,treatment,57,7,81.83,0.397,0,0.0,persuadable,0.58,13.34
8284,control,209,2,41.62,0.174,0,0.0,lost_cause,0.02,0.18
8285,control,4,23,648.29,0.415,1,19.16,sure_thing,0.03,0.72
8286,control,244,1,47.68,0.218,0,0.0,lost_cause,0.02,0.18
8287,treatment,45,3,7.66,0.004,0,0.0,lost_cause,0.02,0.18
8288,control,162,2,29.77,0.285,0,0.0,lost_cause,0.02,0.18
8289,treatment,62,4,151.58,0.51,0,0.0,persuadable,0.58,13.34
8290,treatment,18,18,527.76,0.375,1,24.46,sure_thing,0.03,0.72
8291,control,1,11,482.51,0.56,1,20.03,sure_thing,0.03,0.72
8292,treatment,166,0,5.0,0.068,0,0.0,lost_cause,0.02,0.18
8293,control,9,17,506.41,0.464,1,24.31,sure_thing,0.03,0.72
8294,control,300,3,66.36,0.073,0,0.0,lost_cause,0.02,0.18
8295,treatment,56,9,118.96,0.228,1,20.96,persuadable,0.58,13.34
8296,treatment,52,6,178.49,0.504,1,19.81,persuadable,0.58,13.34
8297,treatment,222,5,27.94,0.099,0,0.0,lost_cause,0.02,0.18
8298,control,0,19,492.34,0.596,1,17.1,sure_thing,0.03,0.72
8299,control,208,3,18.0,0.214,0,0.0,lost_cause,0.02,0.18
8300,treatment,18,19,272.91,0.572,1,29.57,sure_thing,0.03,0.72
8301,control,143,3,14.51,0.123,0,0.0,lost_cause,0.02,0.18
8302,treatment,13,7,252.02,0.082,1,38.92,sleeping_dog,-0.11,-4.84
8303,control,249,1,65.14,0.126,0,0.0,lost_cause,0.02,0.18
8304,treatment,182,2,41.04,0.2,1,9.08,lost_cause,0.02,0.18
8305,treatment,297,3,54.5,0.127,0,0.0,lost_cause,0.02,0.18
8306,control,18,6,252.65,0.151,0,0.0,sleeping_dog,-0.11,-4.84
8307,treatment,184,3,41.65,0.093,0,0.0,lost_cause,0.02,0.18
8308,treatment,205,2,31.84,0.082,1,6.33,lost_cause,0.02,0.18
8309,control,33,3,136.37,0.082,1,41.99,sleeping_dog,-0.11,-4.84
8310,control,33,5,83.66,0.21,0,0.0,persuadable,0.58,13.34
8311,control,263,4,40.68,0.118,0,0.0,lost_cause,0.02,0.18
8312,treatment,251,5,30.42,0.167,0,0.0,lost_cause,0.02,0.18
8313,control,69,2,40.59,0.269,0,0.0,lost_cause,0.02,0.18
8314,treatment,227,3,5.0,0.158,0,0.0,lost_cause,0.02,0.18
8315,control,78,9,128.78,0.294,1,21.07,persuadable,0.58,13.34
8316,treatment,2,11,324.42,0.686,1,18.65,sure_thing,0.03,0.72
8317,control,87,6,278.06,0.328,0,0.0,persuadable,0.58,13.34
8318,treatment,33,5,89.53,0.116,0,0.0,sleeping_dog,-0.11,-4.84
8319,treatment,59,7,117.12,0.19,1,28.16,persuadable,0.58,13.34
8320,treatment,204,3,35.34,0.256,0,0.0,lost_cause,0.02,0.18
8321,control,42,3,45.43,0.227,0,0.0,lost_cause,0.02,0.18
8322,control,10,16,640.07,0.7,1,27.44,sure_thing,0.03,0.72
8323,treatment,35,13,334.54,0.717,1,21.64,sure_thing,0.03,0.72
8324,treatment,38,8,217.94,0.291,1,14.36,persuadable,0.58,13.34
8325,treatment,34,1,111.33,0.302,0,0.0,persuadable,0.58,13.34
8326,control,99,4,28.87,0.297,0,0.0,lost_cause,0.02,0.18
8327,control,17,7,149.8,0.447,0,0.0,persuadable,0.58,13.34
8328,control,294,1,41.17,0.175,0,0.0,lost_cause,0.02,0.18
8329,control,43,8,113.93,0.481,0,0.0,persuadable,0.58,13.34
8330,treatment,240,0,42.86,0.116,0,0.0,lost_cause,0.02,0.18
8331,control,4,6,244.22,0.471,1,29.65,persuadable,0.58,13.34
8332,treatment,29,18,400.73,0.549,1,28.19,sure_thing,0.03,0.72
8333,control,167,1,11.34,0.0,0,0.0,lost_cause,0.02,0.18
8334,control,293,1,25.4,0.13,0,0.0,lost_cause,0.02,0.18
8335,control,53,1,53.89,0.196,0,0.0,lost_cause,0.02,0.18
8336,treatment,16,25,502.23,0.364,1,28.59,sure_thing,0.03,0.72
8337,treatment,0,5,170.11,0.106,1,19.07,persuadable,0.58,13.34
8338,treatment,11,3,159.07,0.139,0,0.0,sleeping_dog,-0.11,-4.84
8339,control,0,9,408.76,0.541,1,23.89,sure_thing,0.03,0.72
8340,treatment,333,3,5.0,0.214,0,0.0,lost_cause,0.02,0.18
8341,control,37,0,198.2,0.186,0,0.0,sleeping_dog,-0.11,-4.84
8342,control,16,5,112.45,0.213,1,54.0,sleeping_dog,-0.11,-4.84
8343,treatment,158,3,46.04,0.0,0,0.0,lost_cause,0.02,0.18
8344,control,20,12,444.48,0.468,0,0.0,sure_thing,0.03,0.72
8345,treatment,16,24,613.24,0.786,1,24.3,sure_thing,0.03,0.72
8346,control,21,12,446.68,0.785,1,19.54,sure_thing,0.03,0.72
8347,control,43,7,182.65,0.397,0,0.0,persuadable,0.58,13.34
8348,treatment,344,1,58.84,0.075,0,0.0,lost_cause,0.02,0.18
8349,treatment,173,0,40.36,0.065,0,0.0,lost_cause,0.02,0.18
8350,control,163,0,69.2,0.102,0,0.0,lost_cause,0.02,0.18
8351,treatment,10,23,290.09,0.598,1,20.17,sure_thing,0.03,0.72
8352,control,236,2,43.74,0.227,0,0.0,lost_cause,0.02,0.18
8353,control,186,2,51.17,0.207,0,0.0,lost_cause,0.02,0.18
8354,treatment,302,0,58.12,0.27,0,0.0,lost_cause,0.02,0.18
8355,control,282,2,33.04,0.003,0,0.0,lost_cause,0.02,0.18
8356,treatment,42,25,423.2,0.779,1,15.56,sure_thing,0.03,0.72
8357,control,178,3,5.0,0.0,0,0.0,lost_cause,0.02,0.18
8358,control,8,22,652.06,0.505,1,23.18,sure_thing,0.03,0.72
8359,treatment,193,2,31.51,0.147,0,0.0,lost_cause,0.02,0.18
8360,control,64,4,31.55,0.461,0,0.0,persuadable,0.58,13.34
8361,control,210,3,56.32,0.078,0,0.0,lost_cause,0.02,0.18
8362,treatment,37,7,86.76,0.213,0,0.0,persuadable,0.58,13.34
8363,treatment,24,24,696.75,0.639,0,0.0,sure_thing,0.03,0.72
8364,control,365,0,20.66,0.149,0,0.0,lost_cause,0.02,0.18
8365,treatment,207,3,13.5,0.15,0,0.0,lost_cause,0.02,0.18
8366,treatment,303,1,12.81,0.23,0,0.0,lost_cause,0.02,0.18
8367,treatment,16,15,611.11,0.44,1,27.65,sure_thing,0.03,0.72
8368,treatment,15,15,590.71,0.709,1,30.79,sure_thing,0.03,0.72
8369,treatment,207,2,68.71,0.257,0,0.0,lost_cause,0.02,0.18
8370,control,135,0,25.89,0.095,1,4.31,lost_cause,0.02,0.18
8371,treatment,29,16,531.23,0.682,1,22.54,sure_thing,0.03,0.72
8372,control,62,1,15.77,0.186,1,6.85,lost_cause,0.02,0.18
8373,control,23,2,83.84,0.37,0,0.0,persuadable,0.58,13.34
8374,control,230,1,21.09,0.202,0,0.0,lost_cause,0.02,0.18
8375,treatment,253,0,39.91,0.291,0,0.0,lost_cause,0.02,0.18
8376,control,76,6,187.83,0.347,0,0.0,persuadable,0.58,13.34
8377,treatment,232,2,26.24,0.182,0,0.0,lost_cause,0.02,0.18
8378,control,43,3,213.43,0.104,1,37.72,sleeping_dog,-0.11,-4.84
8379,control,44,6,72.51,0.753,0,0.0,persuadable,0.58,13.34
8380,control,81,6,209.76,0.355,0,0.0,persuadable,0.58,13.34
8381,control,70,4,113.56,0.339,1,18.33,persuadable,0.58,13.34
8382,control,325,2,44.82,0.0,0,0.0,lost_cause,0.02,0.18
8383,treatment,275,2,26.69,0.187,0,0.0,lost_cause,0.02,0.18
8384,control,375,4,29.44,0.119,0,0.0,lost_cause,0.02,0.18
8385,treatment,266,3,39.4,0.011,0,0.0,lost_cause,0.02,0.18
8386,treatment,128,3,66.31,0.253,0,0.0,lost_cause,0.02,0.18
8387,treatment,0,19,470.75,0.466,1,35.16,sure_thing,0.03,0.72
8388,control,36,8,112.37,0.179,0,0.0,persuadable,0.58,13.34
8389,control,59,11,219.83,0.097,0,0.0,persuadable,0.58,13.34
8390,treatment,35,5,71.43,0.0,0,0.0,sleeping_dog,-0.11,-4.84
8391,control,23,17,269.09,0.763,1,24.2,sure_thing,0.03,0.72
8392,control,72,2,182.56,0.451,0,0.0,persuadable,0.58,13.34
8393,treatment,311,3,17.84,0.092,0,0.0,lost_cause,0.02,0.18
8394,control,114,2,5.0,0.155,0,0.0,lost_cause,0.02,0.18
8395,treatment,12,21,475.54,0.744,1,16.8,sure_thing,0.03,0.72
8396,treatment,50,11,191.54,0.282,1,25.17,persuadable,0.58,13.34
8397,treatment,197,4,66.45,0.095,0,0.0,lost_cause,0.02,0.18
8398,control,93,3,61.91,0.157,0,0.0,lost_cause,0.02,0.18
8399,control,293,1,27.43,0.184,0,0.0,lost_cause,0.02,0.18
8400,control,338,2,49.76,0.198,0,0.0,lost_cause,0.02,0.18
8401,treatment,82,6,157.3,0.423,1,24.69,persuadable,0.58,13.34
8402,treatment,86,3,37.29,0.352,0,0.0,lost_cause,0.02,0.18
8403,treatment,113,5,139.53,0.364,1,26.6,persuadable,0.58,13.34
8404,treatment,31,3,251.57,0.091,0,0.0,sleeping_dog,-0.11,-4.84
8405,control,16,9,161.85,0.255,0,0.0,persuadable,0.58,13.34
8406,control,47,3,84.9,0.209,0,0.0,persuadable,0.58,13.34
8407,control,128,1,48.45,0.337,0,0.0,lost_cause,0.02,0.18
8408,treatment,145,2,5.0,0.097,0,0.0,lost_cause,0.02,0.18
8409,treatment,37,2,39.12,0.248,0,0.0,lost_cause,0.02,0.18
8410,control,196,2,72.15,0.286,0,0.0,lost_cause,0.02,0.18
8411,treatment,22,4,61.78,0.217,1,33.4,sleeping_dog,-0.11,-4.84
8412,control,182,2,26.85,0.239,0,0.0,lost_cause,0.02,0.18
8413,control,0,18,438.82,0.738,0,0.0,sure_thing,0.03,0.72
8414,control,81,3,15.58,0.207,0,0.0,lost_cause,0.02,0.18
8415,control,42,17,479.19,0.349,1,26.71,sure_thing,0.03,0.72
8416,treatment,0,4,40.24,0.166,0,0.0,lost_cause,0.02,0.18
8417,control,39,7,171.95,0.65,0,0.0,persuadable,0.58,13.34
8418,control,70,5,18.1,0.124,0,0.0,lost_cause,0.02,0.18
8419,treatment,227,3,58.61,0.078,0,0.0,lost_cause,0.02,0.18
8420,treatment,65,3,11.87,0.085,0,0.0,lost_cause,0.02,0.18
8421,control,203,3,5.0,0.211,0,0.0,lost_cause,0.02,0.18
8422,treatment,99,8,135.61,0.47,1,24.09,persuadable,0.58,13.34
8423,control,57,6,145.01,0.127,1,47.48,sleeping_dog,-0.11,-4.84
8424,control,224,0,51.24,0.101,0,0.0,lost_cause,0.02,0.18
8425,treatment,91,6,189.43,0.306,1,7.92,persuadable,0.58,13.34
8426,treatment,58,13,80.34,0.3,1,13.93,persuadable,0.58,13.34
8427,treatment,266,0,45.17,0.248,0,0.0,lost_cause,0.02,0.18
8428,control,196,3,60.6,0.06,0,0.0,lost_cause,0.02,0.18
8429,treatment,68,5,180.42,0.114,1,26.56,persuadable,0.58,13.34
8430,control,223,3,19.1,0.249,0,0.0,lost_cause,0.02,0.18
8431,treatment,67,8,284.05,0.215,1,18.13,persuadable,0.58,13.34
8432,control,11,25,433.48,0.5,1,30.71,sure_thing,0.03,0.72
8433,control,34,1,107.17,0.197,1,60.73,sleeping_dog,-0.11,-4.84
8434,treatment,6,15,464.61,0.581,0,0.0,sure_thing,0.03,0.72
8435,treatment,336,1,21.37,0.069,0,0.0,lost_cause,0.02,0.18
8436,control,2,19,496.23,0.612,0,0.0,sure_thing,0.03,0.72
8437,control,149,3,27.58,0.056,0,0.0,lost_cause,0.02,0.18
8438,control,205,1,65.32,0.107,0,0.0,lost_cause,0.02,0.18
8439,treatment,57,2,163.43,0.162,1,20.44,persuadable,0.58,13.34
8440,treatment,86,13,31.47,0.118,1,19.49,persuadable,0.58,13.34
8441,treatment,57,5,209.49,0.092,1,41.82,sleeping_dog,-0.11,-4.84
8442,control,25,11,710.49,0.516,1,20.67,sure_thing,0.03,0.72
8443,treatment,9,25,357.94,0.858,1,26.34,sure_thing,0.03,0.72
8444,control,318,0,20.62,0.323,0,0.0,lost_cause,0.02,0.18
8445,treatment,16,5,177.59,0.186,0,0.0,sleeping_dog,-0.11,-4.84
8446,treatment,28,4,172.99,0.323,1,21.04,persuadable,0.58,13.34
8447,control,14,17,449.73,0.634,1,19.17,sure_thing,0.03,0.72
8448,control,20,17,638.08,0.469,1,23.69,sure_thing,0.03,0.72
8449,control,53,2,241.31,0.372,0,0.0,persuadable,0.58,13.34
8450,control,98,3,35.81,0.263,0,0.0,lost_cause,0.02,0.18
8451,control,260,3,44.68,0.012,0,0.0,lost_cause,0.02,0.18
8452,control,35,1,163.32,0.19,1,26.46,sleeping_dog,-0.11,-4.84
8453,control,0,3,26.36,0.302,0,0.0,lost_cause,0.02,0.18
8454,treatment,58,6,51.04,0.125,0,0.0,lost_cause,0.02,0.18
8455,control,7,5,280.26,0.564,1,25.17,sure_thing,0.03,0.72
8456,control,59,1,55.73,0.0,0,0.0,lost_cause,0.02,0.18
8457,control,185,3,5.0,0.342,0,0.0,lost_cause,0.02,0.18
8458,treatment,46,9,202.3,0.688,1,24.36,persuadable,0.58,13.34
8459,treatment,38,14,489.56,0.446,1,25.87,sure_thing,0.03,0.72
8460,control,22,23,446.16,0.943,1,19.48,sure_thing,0.03,0.72
8461,treatment,202,1,70.09,0.125,0,0.0,lost_cause,0.02,0.18
8462,treatment,0,2,36.2,0.069,1,14.28,lost_cause,0.02,0.18
8463,treatment,371,2,40.63,0.256,0,0.0,lost_cause,0.02,0.18
8464,treatment,394,4,63.08,0.274,0,0.0,lost_cause,0.02,0.18
8465,control,319,2,30.39,0.005,0,0.0,lost_cause,0.02,0.18
8466,treatment,187,0,58.77,0.232,0,0.0,lost_cause,0.02,0.18
8467,control,248,0,60.24,0.061,0,0.0,lost_cause,0.02,0.18
8468,treatment,77,7,223.11,0.471,1,19.79,persuadable,0.58,13.34
8469,control,12,13,488.98,0.813,0,0.0,sure_thing,0.03,0.72
8470,treatment,84,6,59.59,0.536,1,29.37,persuadable,0.58,13.34
8471,control,142,4,24.0,0.027,0,0.0,lost_cause,0.02,0.18
8472,treatment,155,2,61.44,0.133,0,0.0,lost_cause,0.02,0.18
8473,treatment,137,4,61.8,0.162,0,0.0,lost_cause,0.02,0.18
8474,treatment,45,4,238.51,0.475,1,22.35,persuadable,0.58,13.34
8475,treatment,233,2,28.36,0.102,0,0.0,lost_cause,0.02,0.18
8476,treatment,45,8,169.26,0.199,1,25.78,persuadable,0.58,13.34
8477,control,5,14,490.82,0.545,1,23.57,sure_thing,0.03,0.72
8478,control,159,0,47.79,0.049,0,0.0,lost_cause,0.02,0.18
8479,control,164,1,47.35,0.145,0,0.0,lost_cause,0.02,0.18
8480,control,367,4,5.0,0.28,0,0.0,lost_cause,0.02,0.18
8481,control,176,1,15.99,0.115,0,0.0,lost_cause,0.02,0.18
8482,treatment,3,16,531.78,0.336,1,23.28,sure_thing,0.03,0.72
8483,treatment,262,3,35.66,0.276,0,0.0,lost_cause,0.02,0.18
8484,control,14,4,93.45,0.147,0,0.0,sleeping_dog,-0.11,-4.84
8485,treatment,243,4,18.69,0.097,0,0.0,lost_cause,0.02,0.18
8486,control,38,5,161.82,0.196,0,0.0,persuadable,0.58,13.34
8487,control,166,0,50.76,0.172,0,0.0,lost_cause,0.02,0.18
8488,treatment,52,1,93.52,0.032,0,0.0,sleeping_dog,-0.11,-4.84
8489,treatment,169,4,12.77,0.169,0,0.0,lost_cause,0.02,0.18
8490,treatment,46,5,116.88,0.376,1,23.52,persuadable,0.58,13.34
8491,treatment,310,2,31.18,0.058,0,0.0,lost_cause,0.02,0.18
8492,treatment,160,2,18.13,0.316,0,0.0,lost_cause,0.02,0.18
8493,control,268,2,48.95,0.198,0,0.0,lost_cause,0.02,0.18
8494,treatment,169,3,49.13,0.176,0,0.0,lost_cause,0.02,0.18
8495,control,174,1,32.08,0.163,0,0.0,lost_cause,0.02,0.18
8496,treatment,30,6,153.68,0.238,1,51.81,sleeping_dog,-0.11,-4.84
8497,treatment,27,3,188.12,0.0,0,0.0,sleeping_dog,-0.11,-4.84
8498,control,342,3,43.35,0.181,0,0.0,lost_cause,0.02,0.18
8499,treatment,5,25,447.48,0.478,1,27.13,sure_thing,0.03,0.72
8500,treatment,51,2,61.96,0.236,0,0.0,lost_cause,0.02,0.18
8501,control,144,3,33.12,0.291,0,0.0,lost_cause,0.02,0.18
8502,control,30,17,276.7,0.618,1,25.1,sure_thing,0.03,0.72
8503,control,15,19,482.87,0.535,1,22.81,sure_thing,0.03,0.72
8504,control,37,7,140.49,0.506,0,0.0,persuadable,0.58,13.34
8505,treatment,32,5,163.58,0.602,1,21.47,persuadable,0.58,13.34
8506,control,153,1,51.68,0.183,0,0.0,lost_cause,0.02,0.18
8507,treatment,9,31,454.88,0.666,1,14.69,sure_thing,0.03,0.72
8508,treatment,75,6,72.02,0.449,0,0.0,persuadable,0.58,13.34
8509,treatment,51,6,273.66,0.538,1,17.46,persuadable,0.58,13.34
8510,control,10,15,626.81,0.305,1,26.78,sure_thing,0.03,0.72
8511,control,34,25,529.94,0.282,1,26.11,sure_thing,0.03,0.72
8512,treatment,4,12,517.7,0.584,1,26.53,sure_thing,0.03,0.72
8513,treatment,245,4,58.64,0.184,0,0.0,lost_cause,0.02,0.18
8514,treatment,7,14,270.22,0.476,0,0.0,sure_thing,0.03,0.72
8515,treatment,94,7,162.96,0.432,1,30.08,persuadable,0.58,13.34
8516,treatment,145,3,16.53,0.124,0,0.0,lost_cause,0.02,0.18
8517,treatment,217,1,12.77,0.05,0,0.0,lost_cause,0.02,0.18
8518,control,268,2,5.59,0.206,0,0.0,lost_cause,0.02,0.18
8519,treatment,112,4,143.11,0.493,1,19.36,persuadable,0.58,13.34
8520,control,384,2,42.9,0.016,0,0.0,lost_cause,0.02,0.18
8521,treatment,294,3,34.98,0.253,0,0.0,lost_cause,0.02,0.18
8522,treatment,57,6,34.04,0.326,0,0.0,persuadable,0.58,13.34
8523,control,81,3,70.25,0.164,0,0.0,lost_cause,0.02,0.18
8524,control,70,8,53.43,0.534,0,0.0,persuadable,0.58,13.34
8525,treatment,5,23,49.61,0.793,0,0.0,sure_thing,0.03,0.72
8526,control,363,0,27.98,0.048,0,0.0,lost_cause,0.02,0.18
8527,treatment,207,3,49.63,0.169,0,0.0,lost_cause,0.02,0.18
8528,treatment,119,4,36.94,0.01,1,9.81,lost_cause,0.02,0.18
8529,control,227,3,15.57,0.073,1,11.95,lost_cause,0.02,0.18
8530,treatment,118,2,29.33,0.0,0,0.0,lost_cause,0.02,0.18
8531,treatment,171,3,64.94,0.308,0,0.0,lost_cause,0.02,0.18
8532,control,74,2,224.01,0.291,0,0.0,persuadable,0.58,13.34
8533,control,17,4,87.26,0.306,0,0.0,persuadable,0.58,13.34
8534,control,24,4,180.85,0.642,0,0.0,persuadable,0.58,13.34
8535,treatment,98,6,147.12,0.31,0,0.0,persuadable,0.58,13.34
8536,control,0,5,189.86,0.344,0,0.0,persuadable,0.58,13.34
8537,treatment,130,5,238.28,0.428,1,30.05,persuadable,0.58,13.34
8538,control,125,1,5.0,0.122,0,0.0,lost_cause,0.02,0.18
8539,treatment,86,12,145.94,0.304,1,31.52,persuadable,0.58,13.34
8540,treatment,162,1,61.39,0.028,0,0.0,lost_cause,0.02,0.18
8541,treatment,0,1,28.86,0.2,0,0.0,lost_cause,0.02,0.18
8542,control,64,6,242.83,0.147,0,0.0,persuadable,0.58,13.34
8543,control,321,0,34.89,0.065,0,0.0,lost_cause,0.02,0.18
8544,treatment,28,3,284.93,0.181,1,32.5,sleeping_dog,-0.11,-4.84
8545,treatment,13,2,129.95,0.145,0,0.0,sleeping_dog,-0.11,-4.84
8546,control,211,3,23.37,0.075,0,0.0,lost_cause,0.02,0.18
8547,treatment,1,18,625.31,0.469,1,23.1,sure_thing,0.03,0.72
8548,treatment,79,9,140.78,0.339,0,0.0,persuadable,0.58,13.34
8549,control,0,15,474.08,0.391,1,24.91,sure_thing,0.03,0.72
8550,control,20,18,403.35,0.516,0,0.0,sure_thing,0.03,0.72
8551,treatment,25,17,10.34,0.396,1,28.03,sure_thing,0.03,0.72
8552,treatment,18,13,456.55,0.526,1,32.39,sure_thing,0.03,0.72
8553,control,22,30,345.02,0.738,1,28.41,sure_thing,0.03,0.72
8554,control,7,16,139.25,0.508,0,0.0,sure_thing,0.03,0.72
8555,treatment,17,7,205.34,0.0,1,44.38,sleeping_dog,-0.11,-4.84
8556,treatment,281,2,44.01,0.163,0,0.0,lost_cause,0.02,0.18
8557,control,241,3,39.72,0.257,0,0.0,lost_cause,0.02,0.18
8558,treatment,197,3,35.61,0.25,0,0.0,lost_cause,0.02,0.18
8559,control,327,1,29.41,0.171,0,0.0,lost_cause,0.02,0.18
8560,treatment,323,2,5.0,0.086,1,9.32,lost_cause,0.02,0.18
8561,control,81,4,218.81,0.486,1,21.86,persuadable,0.58,13.34
8562,treatment,173,0,37.31,0.105,0,0.0,lost_cause,0.02,0.18
8563,control,9,22,506.86,0.361,1,29.67,sure_thing,0.03,0.72
8564,treatment,279,1,34.98,0.096,0,0.0,lost_cause,0.02,0.18
8565,control,32,1,183.64,0.186,1,41.85,sleeping_dog,-0.11,-4.84
8566,treatment,174,0,44.81,0.171,0,0.0,lost_cause,0.02,0.18
8567,control,161,3,58.94,0.106,1,5.72,lost_cause,0.02,0.18
8568,treatment,245,3,34.2,0.051,0,0.0,lost_cause,0.02,0.18
8569,control,212,0,46.68,0.21,1,9.25,lost_cause,0.02,0.18
8570,control,195,1,45.55,0.083,0,0.0,lost_cause,0.02,0.18
8571,treatment,22,0,52.94,0.01,0,0.0,lost_cause,0.02,0.18
8572,control,128,0,64.08,0.275,0,0.0,lost_cause,0.02,0.18
8573,treatment,214,3,60.81,0.252,0,0.0,lost_cause,0.02,0.18
8574,treatment,31,7,127.96,0.383,1,15.78,persuadable,0.58,13.34
8575,treatment,268,3,44.01,0.0,0,0.0,lost_cause,0.02,0.18
8576,control,264,4,21.1,0.129,0,0.0,lost_cause,0.02,0.18
8577,control,22,14,396.87,0.455,1,21.56,sure_thing,0.03,0.72
8578,treatment,38,21,504.92,0.651,1,19.38,sure_thing,0.03,0.72
8579,control,25,16,557.93,0.474,1,22.68,sure_thing,0.03,0.72
8580,treatment,155,2,69.32,0.062,0,0.0,lost_cause,0.02,0.18
8581,control,247,2,53.81,0.264,0,0.0,lost_cause,0.02,0.18
8582,treatment,7,31,610.01,0.633,1,24.83,sure_thing,0.03,0.72
8583,treatment,92,1,66.02,0.125,0,0.0,lost_cause,0.02,0.18
8584,treatment,14,9,152.67,0.353,0,0.0,persuadable,0.58,13.34
8585,control,245,1,17.23,0.197,0,0.0,lost_cause,0.02,0.18
8586,treatment,373,1,16.83,0.016,0,0.0,lost_cause,0.02,0.18
8587,control,184,1,6.8,0.186,0,0.0,lost_cause,0.02,0.18
8588,control,112,1,45.54,0.412,0,0.0,lost_cause,0.02,0.18
8589,control,300,2,28.71,0.301,0,0.0,lost_cause,0.02,0.18
8590,treatment,21,15,671.29,0.674,1,33.45,sure_thing,0.03,0.72
8591,treatment,194,1,68.41,0.275,0,0.0,lost_cause,0.02,0.18
8592,control,41,4,280.77,0.195,0,0.0,sleeping_dog,-0.11,-4.84
8593,treatment,205,5,24.52,0.302,0,0.0,lost_cause,0.02,0.18
8594,treatment,0,8,195.57,0.092,1,57.17,sleeping_dog,-0.11,-4.84
8595,treatment,254,2,46.59,0.127,0,0.0,lost_cause,0.02,0.18
8596,treatment,0,18,336.43,0.47,0,0.0,sure_thing,0.03,0.72
8597,treatment,19,4,227.34,0.022,1,48.83,sleeping_dog,-0.11,-4.84
8598,treatment,47,8,78.75,0.472,1,18.12,persuadable,0.58,13.34
8599,treatment,9,6,199.86,0.094,1,46.58,sleeping_dog,-0.11,-4.84
8600,control,18,19,469.57,0.66,1,24.94,sure_thing,0.03,0.72
8601,treatment,175,4,52.72,0.209,0,0.0,lost_cause,0.02,0.18
8602,control,23,18,389.63,0.723,1,16.8,sure_thing,0.03,0.72
8603,control,6,23,435.1,0.632,1,28.6,sure_thing,0.03,0.72
8604,control,269,5,35.93,0.182,0,0.0,lost_cause,0.02,0.18
8605,control,141,1,48.04,0.112,0,0.0,lost_cause,0.02,0.18
8606,control,0,4,339.08,0.101,0,0.0,sleeping_dog,-0.11,-4.84
8607,treatment,68,6,152.16,0.423,0,0.0,persuadable,0.58,13.34
8608,treatment,55,7,56.57,0.515,1,24.4,persuadable,0.58,13.34
8609,control,136,4,42.77,0.151,0,0.0,lost_cause,0.02,0.18
8610,treatment,47,6,252.78,0.041,1,43.87,sleeping_dog,-0.11,-4.84
8611,treatment,231,3,35.37,0.309,0,0.0,lost_cause,0.02,0.18
8612,treatment,244,1,48.01,0.258,0,0.0,lost_cause,0.02,0.18
8613,treatment,225,1,17.92,0.141,0,0.0,lost_cause,0.02,0.18
8614,control,265,0,57.86,0.252,0,0.0,lost_cause,0.02,0.18
8615,treatment,200,1,46.58,0.377,0,0.0,lost_cause,0.02,0.18
8616,control,38,5,124.21,0.002,0,0.0,persuadable,0.58,13.34
8617,treatment,29,10,98.91,0.561,0,0.0,persuadable,0.58,13.34
8618,control,146,2,60.59,0.09,0,0.0,lost_cause,0.02,0.18
8619,control,5,22,400.61,0.641,1,31.77,sure_thing,0.03,0.72
8620,treatment,25,11,145.26,0.493,1,20.51,persuadable,0.58,13.34
8621,control,247,1,5.0,0.133,0,0.0,lost_cause,0.02,0.18
8622,control,28,15,428.04,0.499,1,27.94,sure_thing,0.03,0.72
8623,control,63,2,39.62,0.097,0,0.0,lost_cause,0.02,0.18
8624,control,1,14,340.09,0.578,1,22.8,sure_thing,0.03,0.72
8625,treatment,205,2,29.46,0.332,0,0.0,lost_cause,0.02,0.18
8626,treatment,50,10,174.9,0.341,1,30.75,persuadable,0.58,13.34
8627,treatment,291,1,33.72,0.099,0,0.0,lost_cause,0.02,0.18
8628,treatment,255,2,5.05,0.128,0,0.0,lost_cause,0.02,0.18
8629,control,12,9,213.08,0.303,0,0.0,persuadable,0.58,13.34
8630,control,308,1,21.31,0.019,0,0.0,lost_cause,0.02,0.18
8631,control,6,18,557.11,0.713,1,23.74,sure_thing,0.03,0.72
8632,control,54,9,274.6,0.449,0,0.0,persuadable,0.58,13.34
8633,control,183,1,31.3,0.127,0,0.0,lost_cause,0.02,0.18
8634,control,30,7,103.87,0.313,1,24.26,persuadable,0.58,13.34
8635,treatment,183,3,46.1,0.196,0,0.0,lost_cause,0.02,0.18
8636,control,162,5,25.06,0.082,0,0.0,lost_cause,0.02,0.18
8637,control,161,1,9.28,0.075,0,0.0,lost_cause,0.02,0.18
8638,treatment,49,3,133.56,0.223,1,23.96,persuadable,0.58,13.34
8639,treatment,224,2,32.07,0.076,0,0.0,lost_cause,0.02,0.18
8640,control,16,10,170.72,0.561,0,0.0,persuadable,0.58,13.34
8641,treatment,6,20,312.93,0.713,1,24.2,sure_thing,0.03,0.72
8642,control,34,2,185.91,0.128,0,0.0,sleeping_dog,-0.11,-4.84
8643,control,294,2,24.85,0.294,0,0.0,lost_cause,0.02,0.18
8644,control,48,0,98.91,0.374,0,0.0,persuadable,0.58,13.34
8645,control,0,6,186.6,0.107,0,0.0,sleeping_dog,-0.11,-4.84
8646,control,67,4,217.81,0.45,0,0.0,persuadable,0.58,13.34
8647,treatment,202,1,27.17,0.31,0,0.0,lost_cause,0.02,0.18
8648,control,41,3,277.9,0.131,1,45.55,sleeping_dog,-0.11,-4.84
8649,control,40,6,94.43,0.477,0,0.0,persuadable,0.58,13.34
8650,treatment,347,3,38.25,0.479,1,9.0,lost_cause,0.02,0.18
8651,control,61,6,135.83,0.119,1,28.21,sleeping_dog,-0.11,-4.84
8652,treatment,248,2,48.26,0.013,0,0.0,lost_cause,0.02,0.18
8653,control,23,4,18.36,0.231,0,0.0,lost_cause,0.02,0.18
8654,control,266,4,46.18,0.0,0,0.0,lost_cause,0.02,0.18
8655,control,16,12,209.46,0.602,0,0.0,sure_thing,0.03,0.72
8656,treatment,164,1,57.9,0.11,0,0.0,lost_cause,0.02,0.18
8657,control,215,0,32.91,0.09,0,0.0,lost_cause,0.02,0.18
8658,control,12,19,386.2,0.941,1,22.88,sure_thing,0.03,0.72
8659,control,28,11,160.12,0.315,0,0.0,persuadable,0.58,13.34
8660,control,141,2,50.39,0.116,0,0.0,lost_cause,0.02,0.18
8661,control,19,20,507.56,0.413,0,0.0,sure_thing,0.03,0.72
8662,control,159,3,24.83,0.0,0,0.0,lost_cause,0.02,0.18
8663,control,16,20,457.0,0.682,1,14.53,sure_thing,0.03,0.72
8664,treatment,392,3,25.39,0.333,0,0.0,lost_cause,0.02,0.18
8665,treatment,301,2,32.49,0.206,0,0.0,lost_cause,0.02,0.18
8666,treatment,175,2,13.44,0.15,0,0.0,lost_cause,0.02,0.18
8667,control,19,19,276.44,0.534,1,20.54,sure_thing,0.03,0.72
8668,control,140,2,23.54,0.133,0,0.0,lost_cause,0.02,0.18
8669,control,0,19,278.06,0.495,1,22.06,sure_thing,0.03,0.72
8670,treatment,174,2,16.41,0.1,0,0.0,lost_cause,0.02,0.18
8671,control,27,6,268.9,0.23,0,0.0,sleeping_dog,-0.11,-4.84
8672,control,151,2,30.21,0.307,0,0.0,lost_cause,0.02,0.18
8673,treatment,264,3,36.24,0.188,0,0.0,lost_cause,0.02,0.18
8674,treatment,5,19,443.03,0.768,1,28.55,sure_thing,0.03,0.72
8675,treatment,311,2,55.7,0.103,0,0.0,lost_cause,0.02,0.18
8676,control,69,0,29.95,0.291,1,7.86,lost_cause,0.02,0.18
8677,control,5,21,606.27,0.605,0,0.0,sure_thing,0.03,0.72
8678,treatment,82,5,205.51,0.026,0,0.0,persuadable,0.58,13.34
8679,treatment,29,10,138.38,0.386,0,0.0,persuadable,0.58,13.34
8680,treatment,249,3,28.68,0.273,0,0.0,lost_cause,0.02,0.18
8681,treatment,19,23,422.55,0.441,0,0.0,sure_thing,0.03,0.72
8682,control,202,1,53.49,0.281,0,0.0,lost_cause,0.02,0.18
8683,control,0,7,198.12,0.492,0,0.0,persuadable,0.58,13.34
8684,treatment,27,19,425.21,0.451,0,0.0,sure_thing,0.03,0.72
8685,treatment,114,9,85.66,0.354,1,31.67,persuadable,0.58,13.34
8686,control,184,2,51.0,0.127,0,0.0,lost_cause,0.02,0.18
8687,treatment,8,16,493.32,0.486,0,0.0,sure_thing,0.03,0.72
8688,treatment,30,10,165.94,0.393,1,22.55,persuadable,0.58,13.34
8689,treatment,279,1,21.76,0.183,0,0.0,lost_cause,0.02,0.18
8690,control,37,8,165.59,0.161,0,0.0,persuadable,0.58,13.34
8691,control,103,14,140.97,0.338,1,27.29,persuadable,0.58,13.34
8692,control,92,9,301.51,0.522,0,0.0,persuadable,0.58,13.34
8693,control,141,0,19.71,0.147,0,0.0,lost_cause,0.02,0.18
8694,control,79,6,124.69,0.405,0,0.0,persuadable,0.58,13.34
8695,control,2,20,329.91,0.583,1,23.63,sure_thing,0.03,0.72
8696,treatment,133,2,25.6,0.34,0,0.0,lost_cause,0.02,0.18
8697,control,200,2,38.85,0.313,0,0.0,lost_cause,0.02,0.18
8698,control,61,9,247.24,0.181,0,0.0,persuadable,0.58,13.34
8699,treatment,143,3,40.43,0.344,0,0.0,lost_cause,0.02,0.18
8700,treatment,162,3,5.0,0.208,0,0.0,lost_cause,0.02,0.18
8701,treatment,282,2,34.87,0.199,0,0.0,lost_cause,0.02,0.18
8702,control,0,29,192.39,0.547,0,0.0,sure_thing,0.03,0.72
8703,control,93,2,27.82,0.233,0,0.0,lost_cause,0.02,0.18
8704,treatment,322,4,52.71,0.008,0,0.0,lost_cause,0.02,0.18
8705,treatment,0,15,588.96,0.541,1,29.97,sure_thing,0.03,0.72
8706,control,71,12,159.25,0.534,1,24.0,persuadable,0.58,13.34
8707,treatment,7,24,325.08,0.606,1,25.98,sure_thing,0.03,0.72
8708,treatment,48,6,274.0,0.058,1,55.74,sleeping_dog,-0.11,-4.84
8709,control,332,1,24.5,0.257,0,0.0,lost_cause,0.02,0.18
8710,control,181,4,6.41,0.131,0,0.0,lost_cause,0.02,0.18
8711,treatment,269,4,49.88,0.2,0,0.0,lost_cause,0.02,0.18
8712,control,116,2,63.05,0.102,0,0.0,lost_cause,0.02,0.18
8713,control,187,1,71.06,0.191,0,0.0,lost_cause,0.02,0.18
8714,control,85,9,155.4,0.515,1,26.76,persuadable,0.58,13.34
8715,control,171,4,28.36,0.315,0,0.0,lost_cause,0.02,0.18
8716,treatment,137,2,37.46,0.207,0,0.0,lost_cause,0.02,0.18
8717,treatment,19,24,514.55,0.691,1,22.56,sure_thing,0.03,0.72
8718,treatment,54,6,189.75,0.205,0,0.0,sleeping_dog,-0.11,-4.84
8719,treatment,298,2,30.32,0.019,0,0.0,lost_cause,0.02,0.18
8720,control,1,21,562.24,0.592,1,26.7,sure_thing,0.03,0.72
8721,control,245,2,10.28,0.117,0,0.0,lost_cause,0.02,0.18
8722,treatment,45,5,177.41,0.329,1,24.71,persuadable,0.58,13.34
8723,treatment,299,2,53.37,0.184,0,0.0,lost_cause,0.02,0.18
8724,control,73,1,84.21,0.208,0,0.0,lost_cause,0.02,0.18
8725,control,5,31,438.16,0.848,1,23.39,sure_thing,0.03,0.72
8726,treatment,203,3,52.78,0.139,0,0.0,lost_cause,0.02,0.18
8727,treatment,174,2,20.47,0.11,0,0.0,lost_cause,0.02,0.18
8728,treatment,76,2,49.55,0.23,0,0.0,lost_cause,0.02,0.18
8729,control,311,3,38.32,0.152,0,0.0,lost_cause,0.02,0.18
8730,control,55,7,129.94,0.422,0,0.0,persuadable,0.58,13.34
8731,treatment,10,17,394.98,0.722,1,28.6,sure_thing,0.03,0.72
8732,treatment,8,22,462.62,0.466,1,25.25,sure_thing,0.03,0.72
8733,treatment,4,19,364.75,0.57,1,26.64,sure_thing,0.03,0.72
8734,control,222,3,54.27,0.142,0,0.0,lost_cause,0.02,0.18
8735,treatment,10,19,499.1,0.648,1,22.9,sure_thing,0.03,0.72
8736,treatment,1,15,514.19,0.392,1,24.64,sure_thing,0.03,0.72
8737,control,45,5,177.53,0.439,0,0.0,persuadable,0.58,13.34
8738,control,247,1,21.0,0.212,0,0.0,lost_cause,0.02,0.18
8739,control,350,2,14.14,0.163,0,0.0,lost_cause,0.02,0.18
8740,treatment,167,3,17.43,0.1,0,0.0,lost_cause,0.02,0.18
8741,treatment,358,0,44.74,0.044,0,0.0,lost_cause,0.02,0.18
8742,treatment,7,22,367.31,0.557,1,25.14,sure_thing,0.03,0.72
8743,treatment,22,19,550.59,0.75,1,14.67,sure_thing,0.03,0.72
8744,treatment,31,7,301.22,0.473,1,23.32,persuadable,0.58,13.34
8745,treatment,32,28,509.59,0.422,0,0.0,sure_thing,0.03,0.72
8746,control,50,2,5.0,0.241,0,0.0,lost_cause,0.02,0.18
8747,treatment,341,2,5.0,0.073,0,0.0,lost_cause,0.02,0.18
8748,control,288,0,23.68,0.248,0,0.0,lost_cause,0.02,0.18
8749,treatment,110,1,39.06,0.07,1,10.46,lost_cause,0.02,0.18
8750,treatment,16,16,304.76,0.822,1,30.7,sure_thing,0.03,0.72
8751,control,50,3,96.66,0.343,0,0.0,persuadable,0.58,13.34
8752,treatment,101,4,44.83,0.201,0,0.0,lost_cause,0.02,0.18
8753,treatment,18,13,573.9,0.601,1,6.26,sure_thing,0.03,0.72
8754,treatment,400,3,27.38,0.151,0,0.0,lost_cause,0.02,0.18
8755,treatment,84,3,216.5,0.569,1,20.05,persuadable,0.58,13.34
8756,treatment,27,18,524.02,0.753,1,27.16,sure_thing,0.03,0.72
8757,treatment,162,1,17.31,0.056,0,0.0,lost_cause,0.02,0.18
8758,treatment,21,20,607.3,0.555,1,21.47,sure_thing,0.03,0.72
8759,treatment,325,2,50.3,0.0,0,0.0,lost_cause,0.02,0.18
8760,control,253,2,34.72,0.207,0,0.0,lost_cause,0.02,0.18
8761,control,20,22,396.15,0.289,0,0.0,sure_thing,0.03,0.72
8762,control,228,1,5.0,0.088,0,0.0,lost_cause,0.02,0.18
8763,treatment,40,10,120.01,0.449,1,22.74,persuadable,0.58,13.34
8764,control,49,12,140.35,0.442,0,0.0,persuadable,0.58,13.34
8765,control,46,10,147.4,0.452,1,23.15,persuadable,0.58,13.34
8766,control,204,1,35.23,0.22,1,9.62,lost_cause,0.02,0.18
8767,control,40,5,212.12,0.652,0,0.0,persuadable,0.58,13.34
8768,treatment,105,2,18.38,0.25,0,0.0,lost_cause,0.02,0.18
8769,control,50,5,50.72,0.468,0,0.0,persuadable,0.58,13.34
8770,control,112,2,8.89,0.289,0,0.0,lost_cause,0.02,0.18
8771,treatment,0,11,157.36,0.378,1,19.93,persuadable,0.58,13.34
8772,control,143,4,36.26,0.131,0,0.0,lost_cause,0.02,0.18
8773,treatment,3,15,229.9,0.499,0,0.0,sure_thing,0.03,0.72
8774,treatment,300,5,50.74,0.2,0,0.0,lost_cause,0.02,0.18
8775,control,43,2,5.0,0.045,0,0.0,lost_cause,0.02,0.18
8776,control,12,8,474.67,0.726,1,22.43,sure_thing,0.03,0.72
8777,control,119,2,27.72,0.22,0,0.0,lost_cause,0.02,0.18
8778,control,0,15,201.01,0.714,1,29.92,sure_thing,0.03,0.72
8779,treatment,10,13,508.02,0.75,1,25.97,sure_thing,0.03,0.72
8780,control,254,0,39.82,0.212,0,0.0,lost_cause,0.02,0.18
8781,treatment,4,17,381.07,0.493,0,0.0,sure_thing,0.03,0.72
8782,control,206,1,67.41,0.223,0,0.0,lost_cause,0.02,0.18
8783,treatment,171,1,15.33,0.082,0,0.0,lost_cause,0.02,0.18
8784,treatment,14,12,179.28,0.256,1,24.51,persuadable,0.58,13.34
8785,control,78,9,198.96,0.474,0,0.0,persuadable,0.58,13.34
8786,treatment,26,2,123.1,0.379,1,20.94,persuadable,0.58,13.34
8787,treatment,20,1,130.93,0.213,1,27.04,sleeping_dog,-0.11,-4.84
8788,control,125,2,39.95,0.235,0,0.0,lost_cause,0.02,0.18
8789,treatment,24,14,367.83,0.621,1,23.97,sure_thing,0.03,0.72
8790,treatment,10,26,440.15,0.721,1,26.32,sure_thing,0.03,0.72
8791,control,56,5,28.9,0.025,0,0.0,lost_cause,0.02,0.18
8792,control,57,8,162.93,0.197,1,19.85,persuadable,0.58,13.34
8793,treatment,144,1,66.82,0.227,0,0.0,lost_cause,0.02,0.18
8794,control,108,4,55.96,0.213,0,0.0,lost_cause,0.02,0.18
8795,treatment,12,13,353.01,0.416,1,19.83,sure_thing,0.03,0.72
8796,control,9,19,250.89,0.473,0,0.0,sure_thing,0.03,0.72
8797,control,166,2,52.85,0.282,0,0.0,lost_cause,0.02,0.18
8798,control,49,8,132.64,0.474,0,0.0,persuadable,0.58,13.34
8799,treatment,126,3,24.99,0.084,0,0.0,lost_cause,0.02,0.18
8800,treatment,17,20,372.44,0.442,1,28.66,sure_thing,0.03,0.72
8801,treatment,74,2,70.02,0.301,0,0.0,lost_cause,0.02,0.18
8802,treatment,66,6,78.18,0.808,1,27.0,persuadable,0.58,13.34
8803,treatment,3,1,82.57,0.013,0,0.0,sleeping_dog,-0.11,-4.84
8804,control,79,5,135.19,0.61,0,0.0,persuadable,0.58,13.34
8805,treatment,43,12,158.24,0.389,0,0.0,persuadable,0.58,13.34
8806,control,37,9,147.62,0.236,0,0.0,persuadable,0.58,13.34
8807,control,21,15,493.23,0.783,1,16.47,sure_thing,0.03,0.72
8808,control,68,7,116.28,0.345,0,0.0,persuadable,0.58,13.34
8809,treatment,70,6,134.17,0.211,1,23.07,persuadable,0.58,13.34
8810,treatment,333,0,40.22,0.0,0,0.0,lost_cause,0.02,0.18
8811,control,47,6,173.83,0.171,0,0.0,persuadable,0.58,13.34
8812,treatment,23,1,17.16,0.254,0,0.0,lost_cause,0.02,0.18
8813,treatment,8,16,519.74,0.578,0,0.0,sure_thing,0.03,0.72
8814,control,282,2,5.0,0.24,0,0.0,lost_cause,0.02,0.18
8815,control,26,11,400.94,0.563,1,25.16,sure_thing,0.03,0.72
8816,control,37,11,308.73,0.23,1,25.32,sure_thing,0.03,0.72
8817,control,82,8,159.41,0.271,0,0.0,persuadable,0.58,13.34
8818,control,68,12,103.51,0.289,0,0.0,persuadable,0.58,13.34
8819,control,171,3,37.4,0.178,0,0.0,lost_cause,0.02,0.18
8820,control,157,1,24.65,0.322,0,0.0,lost_cause,0.02,0.18
8821,treatment,99,2,48.94,0.219,0,0.0,lost_cause,0.02,0.18
8822,treatment,83,8,199.2,0.732,1,19.81,persuadable,0.58,13.34
8823,control,123,0,48.86,0.0,0,0.0,lost_cause,0.02,0.18
8824,control,18,2,213.17,0.073,1,33.71,sleeping_dog,-0.11,-4.84
8825,control,169,2,52.01,0.24,0,0.0,lost_cause,0.02,0.18
8826,control,26,7,136.4,0.149,0,0.0,sleeping_dog,-0.11,-4.84
8827,treatment,40,8,261.6,0.208,1,15.26,persuadable,0.58,13.34
8828,treatment,72,9,158.43,0.711,1,26.49,persuadable,0.58,13.34
8829,control,7,25,457.76,0.721,0,0.0,sure_thing,0.03,0.72
8830,control,97,2,116.34,0.497,0,0.0,persuadable,0.58,13.34
8831,control,21,1,67.73,0.243,0,0.0,lost_cause,0.02,0.18
8832,control,99,6,181.44,0.227,1,20.29,persuadable,0.58,13.34
8833,treatment,110,9,94.01,0.388,1,18.35,persuadable,0.58,13.34
8834,control,3,20,478.08,0.438,1,23.87,sure_thing,0.03,0.72
8835,control,18,16,547.51,0.554,1,26.1,sure_thing,0.03,0.72
8836,control,300,3,20.53,0.181,0,0.0,lost_cause,0.02,0.18
8837,control,20,21,583.31,0.514,1,24.65,sure_thing,0.03,0.72
8838,control,12,15,283.92,0.575,1,23.24,sure_thing,0.03,0.72
8839,control,222,1,25.25,0.162,0,0.0,lost_cause,0.02,0.18
8840,control,205,1,8.05,0.106,1,11.34,lost_cause,0.02,0.18
8841,treatment,33,2,62.03,0.001,1,38.07,sleeping_dog,-0.11,-4.84
8842,treatment,39,6,115.03,0.552,1,19.91,persuadable,0.58,13.34
8843,control,203,2,14.45,0.232,0,0.0,lost_cause,0.02,0.18
8844,treatment,0,17,513.19,0.687,0,0.0,sure_thing,0.03,0.72
8845,control,3,28,513.05,0.575,1,33.34,sure_thing,0.03,0.72
8846,treatment,23,0,180.57,0.214,0,0.0,sleeping_dog,-0.11,-4.84
8847,control,11,21,518.74,0.357,1,16.81,sure_thing,0.03,0.72
8848,treatment,54,3,50.45,0.487,1,26.02,persuadable,0.58,13.34
8849,control,39,8,250.64,0.532,0,0.0,persuadable,0.58,13.34
8850,treatment,307,4,21.41,0.182,0,0.0,lost_cause,0.02,0.18
8851,control,20,19,370.65,0.585,1,28.41,sure_thing,0.03,0.72
8852,control,83,9,162.27,0.493,0,0.0,persuadable,0.58,13.34
8853,control,64,7,160.3,0.366,0,0.0,persuadable,0.58,13.34
8854,control,36,5,178.3,0.425,0,0.0,persuadable,0.58,13.34
8855,treatment,206,2,5.0,0.075,0,0.0,lost_cause,0.02,0.18
8856,treatment,47,10,227.32,0.297,0,0.0,persuadable,0.58,13.34
8857,treatment,276,2,67.4,0.192,0,0.0,lost_cause,0.02,0.18
8858,control,61,6,192.95,0.233,0,0.0,persuadable,0.58,13.34
8859,treatment,30,12,118.21,0.317,1,20.74,persuadable,0.58,13.34
8860,treatment,148,3,16.15,0.175,0,0.0,lost_cause,0.02,0.18
8861,control,27,17,457.6,0.77,1,25.2,sure_thing,0.03,0.72
8862,treatment,16,18,608.86,0.655,1,24.72,sure_thing,0.03,0.72
8863,control,38,5,269.17,0.038,0,0.0,sleeping_dog,-0.11,-4.84
8864,treatment,16,19,463.05,0.652,1,28.91,sure_thing,0.03,0.72
8865,treatment,364,2,42.72,0.026,0,0.0,lost_cause,0.02,0.18
8866,control,12,24,616.45,0.431,1,22.59,sure_thing,0.03,0.72
8867,control,147,3,25.51,0.129,0,0.0,lost_cause,0.02,0.18
8868,treatment,111,3,14.38,0.104,0,0.0,lost_cause,0.02,0.18
8869,treatment,23,24,406.04,0.556,0,0.0,sure_thing,0.03,0.72
8870,treatment,5,27,448.86,0.645,1,38.14,sure_thing,0.03,0.72
8871,control,146,2,58.61,0.119,0,0.0,lost_cause,0.02,0.18
8872,control,290,0,29.27,0.196,0,0.0,lost_cause,0.02,0.18
8873,control,350,3,41.17,0.0,0,0.0,lost_cause,0.02,0.18
8874,treatment,240,3,46.58,0.293,0,0.0,lost_cause,0.02,0.18
8875,control,400,4,27.15,0.152,0,0.0,lost_cause,0.02,0.18
8876,treatment,114,1,53.67,0.181,0,0.0,lost_cause,0.02,0.18
8877,control,140,1,20.49,0.005,0,0.0,lost_cause,0.02,0.18
8878,control,163,2,42.68,0.139,0,0.0,lost_cause,0.02,0.18
8879,treatment,17,8,127.99,0.266,0,0.0,persuadable,0.58,13.34
8880,treatment,17,6,46.34,0.036,0,0.0,sleeping_dog,-0.11,-4.84
8881,treatment,49,7,245.34,0.453,1,26.82,persuadable,0.58,13.34
8882,treatment,326,2,24.61,0.09,0,0.0,lost_cause,0.02,0.18
8883,control,76,6,105.41,0.403,0,0.0,persuadable,0.58,13.34
8884,treatment,43,8,230.43,0.291,1,29.39,persuadable,0.58,13.34
8885,treatment,29,7,104.45,0.336,1,22.3,persuadable,0.58,13.34
8886,control,90,8,146.41,0.368,1,23.68,persuadable,0.58,13.34
8887,control,122,2,46.34,0.245,0,0.0,lost_cause,0.02,0.18
8888,control,4,10,382.56,0.564,1,30.47,sure_thing,0.03,0.72
8889,treatment,206,1,26.0,0.207,0,0.0,lost_cause,0.02,0.18
8890,treatment,100,2,38.88,0.122,0,0.0,lost_cause,0.02,0.18
8891,control,22,13,612.29,0.781,1,18.24,sure_thing,0.03,0.72
8892,treatment,224,2,31.0,0.075,0,0.0,lost_cause,0.02,0.18
8893,control,25,5,321.17,0.053,0,0.0,sleeping_dog,-0.11,-4.84
8894,treatment,0,16,679.98,0.87,0,0.0,sure_thing,0.03,0.72
8895,control,35,5,238.13,0.334,0,0.0,persuadable,0.58,13.34
8896,treatment,129,0,53.19,0.196,1,9.46,lost_cause,0.02,0.18
8897,treatment,0,10,144.4,0.529,1,28.71,persuadable,0.58,13.34
8898,treatment,68,10,174.38,0.524,1,21.62,persuadable,0.58,13.34
8899,treatment,21,9,420.59,0.534,1,28.0,sure_thing,0.03,0.72
8900,treatment,400,4,19.5,0.108,0,0.0,lost_cause,0.02,0.18
8901,control,21,20,493.2,0.258,1,32.83,sure_thing,0.03,0.72
8902,treatment,2,18,421.61,0.159,1,22.82,sure_thing,0.03,0.72
8903,treatment,278,1,45.28,0.066,0,0.0,lost_cause,0.02,0.18
8904,control,160,0,21.28,0.294,0,0.0,lost_cause,0.02,0.18
8905,control,2,19,622.19,0.565,1,30.41,sure_thing,0.03,0.72
8906,treatment,90,6,176.53,0.43,1,26.51,persuadable,0.58,13.34
8907,treatment,283,0,29.71,0.184,0,0.0,lost_cause,0.02,0.18
8908,control,9,4,155.27,0.357,0,0.0,persuadable,0.58,13.34
8909,treatment,201,2,34.81,0.295,0,0.0,lost_cause,0.02,0.18
8910,treatment,8,17,314.18,0.484,0,0.0,sure_thing,0.03,0.72
8911,treatment,150,0,17.79,0.19,0,0.0,lost_cause,0.02,0.18
8912,treatment,18,24,519.24,0.528,1,25.71,sure_thing,0.03,0.72
8913,control,253,1,46.84,0.183,0,0.0,lost_cause,0.02,0.18
8914,control,72,0,5.0,0.171,0,0.0,lost_cause,0.02,0.18
8915,treatment,342,1,48.08,0.14,0,0.0,lost_cause,0.02,0.18
8916,control,39,5,139.61,0.032,0,0.0,sleeping_dog,-0.11,-4.84
8917,treatment,320,1,48.02,0.117,0,0.0,lost_cause,0.02,0.18
8918,control,24,3,155.56,0.286,1,46.16,sleeping_dog,-0.11,-4.84
8919,treatment,26,15,551.0,0.563,1,24.5,sure_thing,0.03,0.72
8920,treatment,120,8,140.0,0.201,1,30.16,persuadable,0.58,13.34
8921,control,105,5,88.43,0.311,0,0.0,lost_cause,0.02,0.18
8922,treatment,44,5,315.18,0.16,0,0.0,sleeping_dog,-0.11,-4.84
8923,control,7,22,448.68,0.578,0,0.0,sure_thing,0.03,0.72
8924,treatment,194,3,24.52,0.093,0,0.0,lost_cause,0.02,0.18
8925,treatment,34,4,18.96,0.151,0,0.0,lost_cause,0.02,0.18
8926,treatment,257,0,42.73,0.243,0,0.0,lost_cause,0.02,0.18
8927,treatment,234,2,36.52,0.319,0,0.0,lost_cause,0.02,0.18
8928,treatment,29,16,370.04,0.603,1,20.75,sure_thing,0.03,0.72
8929,control,227,0,38.86,0.329,0,0.0,lost_cause,0.02,0.18
8930,control,77,9,51.27,0.474,0,0.0,persuadable,0.58,13.34
8931,control,158,3,22.13,0.091,0,0.0,lost_cause,0.02,0.18
8932,control,42,2,222.41,0.08,1,42.37,sleeping_dog,-0.11,-4.84
8933,control,201,4,48.72,0.2,0,0.0,lost_cause,0.02,0.18
8934,treatment,144,2,57.17,0.167,0,0.0,lost_cause,0.02,0.18
8935,control,185,0,49.81,0.048,0,0.0,lost_cause,0.02,0.18
8936,treatment,145,2,36.49,0.182,0,0.0,lost_cause,0.02,0.18
8937,control,147,3,35.54,0.016,0,0.0,lost_cause,0.02,0.18
8938,treatment,19,3,138.13,0.485,1,28.22,persuadable,0.58,13.34
8939,control,144,4,60.41,0.044,1,9.7,lost_cause,0.02,0.18
8940,control,0,1,78.44,0.092,0,0.0,lost_cause,0.02,0.18
8941,control,133,2,61.21,0.31,0,0.0,lost_cause,0.02,0.18
8942,control,25,10,175.34,0.505,1,18.42,persuadable,0.58,13.34
8943,control,285,0,37.88,0.003,0,0.0,lost_cause,0.02,0.18
8944,control,16,15,415.64,0.485,0,0.0,sure_thing,0.03,0.72
8945,control,25,13,262.88,0.345,0,0.0,persuadable,0.58,13.34
8946,control,337,0,51.86,0.282,0,0.0,lost_cause,0.02,0.18
8947,treatment,153,1,32.0,0.0,1,6.99,lost_cause,0.02,0.18
8948,control,210,4,65.8,0.173,0,0.0,lost_cause,0.02,0.18
8949,treatment,33,2,317.13,0.0,0,0.0,sleeping_dog,-0.11,-4.84
8950,control,323,1,17.5,0.118,0,0.0,lost_cause,0.02,0.18
8951,control,85,9,228.43,0.481,0,0.0,persuadable,0.58,13.34
8952,control,59,3,7.86,0.177,0,0.0,lost_cause,0.02,0.18
8953,control,241,2,71.04,0.149,0,0.0,lost_cause,0.02,0.18
8954,treatment,5,12,229.78,0.454,0,0.0,persuadable,0.58,13.34
8955,treatment,13,17,493.39,0.677,1,17.0,sure_thing,0.03,0.72
8956,treatment,51,1,33.59,0.073,0,0.0,lost_cause,0.02,0.18
8957,control,14,5,166.72,0.456,0,0.0,persuadable,0.58,13.34
8958,treatment,242,1,74.54,0.115,0,0.0,lost_cause,0.02,0.18
8959,control,0,9,32.08,0.341,0,0.0,persuadable,0.58,13.34
8960,treatment,5,17,497.79,0.794,1,27.01,sure_thing,0.03,0.72
8961,treatment,22,3,35.89,0.07,0,0.0,sleeping_dog,-0.11,-4.84
8962,control,25,19,378.0,0.339,1,30.44,sure_thing,0.03,0.72
8963,treatment,18,21,488.15,0.5,1,22.53,sure_thing,0.03,0.72
8964,control,52,1,57.56,0.603,0,0.0,persuadable,0.58,13.34
8965,treatment,7,21,327.31,0.602,1,26.09,sure_thing,0.03,0.72
8966,control,185,0,38.59,0.103,0,0.0,lost_cause,0.02,0.18
8967,treatment,10,12,353.23,0.403,0,0.0,sure_thing,0.03,0.72
8968,treatment,195,1,8.73,0.079,0,0.0,lost_cause,0.02,0.18
8969,treatment,19,17,376.82,0.509,1,22.44,sure_thing,0.03,0.72
8970,control,36,3,101.61,0.246,0,0.0,sleeping_dog,-0.11,-4.84
8971,control,0,19,379.6,0.524,1,18.59,sure_thing,0.03,0.72
8972,control,77,5,230.59,0.412,1,29.11,persuadable,0.58,13.34
8973,treatment,184,3,46.24,0.049,1,12.78,lost_cause,0.02,0.18
8974,treatment,381,3,34.15,0.298,0,0.0,lost_cause,0.02,0.18
8975,control,0,2,49.8,0.134,0,0.0,lost_cause,0.02,0.18
8976,treatment,75,2,28.49,0.317,0,0.0,lost_cause,0.02,0.18
8977,treatment,226,0,35.12,0.113,0,0.0,lost_cause,0.02,0.18
8978,control,228,0,31.7,0.131,0,0.0,lost_cause,0.02,0.18
8979,control,138,1,13.54,0.104,0,0.0,lost_cause,0.02,0.18
8980,treatment,22,15,338.02,0.601,1,31.92,sure_thing,0.03,0.72
8981,treatment,44,11,82.49,0.47,1,28.39,persuadable,0.58,13.34
8982,treatment,72,5,221.05,0.536,1,21.9,persuadable,0.58,13.34
8983,treatment,14,5,228.05,0.436,1,18.3,persuadable,0.58,13.34
8984,treatment,64,10,127.23,0.501,1,24.38,persuadable,0.58,13.34
8985,control,72,6,235.35,0.486,1,22.02,persuadable,0.58,13.34
8986,treatment,11,21,538.61,0.854,1,20.41,sure_thing,0.03,0.72
8987,treatment,237,1,55.51,0.099,0,0.0,lost_cause,0.02,0.18
8988,control,205,0,39.48,0.091,0,0.0,lost_cause,0.02,0.18
8989,treatment,215,1,60.92,0.159,0,0.0,lost_cause,0.02,0.18
8990,treatment,74,6,226.17,0.549,1,26.45,persuadable,0.58,13.34
8991,control,310,1,32.67,0.148,0,0.0,lost_cause,0.02,0.18
8992,treatment,57,5,50.0,0.403,1,24.05,persuadable,0.58,13.34
8993,control,126,2,54.46,0.13,0,0.0,lost_cause,0.02,0.18
8994,control,225,2,56.06,0.0,0,0.0,lost_cause,0.02,0.18
8995,control,67,9,167.15,0.454,0,0.0,persuadable,0.58,13.34
8996,control,52,5,162.42,0.402,0,0.0,persuadable,0.58,13.34
8997,treatment,48,5,163.67,0.023,0,0.0,sleeping_dog,-0.11,-4.84
8998,treatment,8,12,473.21,0.626,1,19.11,sure_thing,0.03,0.72
8999,treatment,27,3,118.62,0.129,0,0.0,sleeping_dog,-0.11,-4.84
9000,treatment,24,16,489.29,0.486,1,37.66,sure_thing,0.03,0.72
9001,treatment,290,0,23.7,0.366,0,0.0,lost_cause,0.02,0.18
9002,treatment,155,1,31.75,0.138,0,0.0,lost_cause,0.02,0.18
9003,control,7,13,316.71,0.694,1,22.34,sure_thing,0.03,0.72
9004,control,154,1,173.21,0.492,0,0.0,persuadable,0.58,13.34
9005,treatment,60,7,165.54,0.125,1,14.88,persuadable,0.58,13.34
9006,treatment,25,4,242.94,0.064,0,0.0,sleeping_dog,-0.11,-4.84
9007,treatment,6,21,416.11,0.848,1,28.77,sure_thing,0.03,0.72
9008,treatment,29,15,363.05,0.735,1,29.87,sure_thing,0.03,0.72
9009,control,27,16,552.58,0.479,1,31.63,sure_thing,0.03,0.72
9010,treatment,52,6,187.17,0.191,1,52.97,sleeping_dog,-0.11,-4.84
9011,treatment,319,3,63.01,0.158,0,0.0,lost_cause,0.02,0.18
9012,treatment,127,1,5.0,0.223,0,0.0,lost_cause,0.02,0.18
9013,treatment,53,2,41.73,0.189,0,0.0,lost_cause,0.02,0.18
9014,control,0,20,502.2,0.448,1,28.95,sure_thing,0.03,0.72
9015,control,102,5,181.04,0.17,1,17.27,persuadable,0.58,13.34
9016,treatment,16,3,182.79,0.046,0,0.0,sleeping_dog,-0.11,-4.84
9017,treatment,17,21,564.19,0.567,1,26.27,sure_thing,0.03,0.72
9018,control,42,8,107.14,0.435,0,0.0,persuadable,0.58,13.34
9019,control,7,14,151.15,0.468,0,0.0,persuadable,0.58,13.34
9020,treatment,59,12,194.36,0.284,1,20.27,persuadable,0.58,13.34
9021,treatment,25,18,498.22,0.467,1,27.95,sure_thing,0.03,0.72
9022,control,43,3,73.71,0.134,0,0.0,sleeping_dog,-0.11,-4.84
9023,treatment,71,5,284.56,0.566,1,19.7,persuadable,0.58,13.34
9024,control,105,4,25.72,0.0,0,0.0,lost_cause,0.02,0.18
9025,control,213,4,24.35,0.079,0,0.0,lost_cause,0.02,0.18
9026,control,0,6,99.92,0.106,0,0.0,sleeping_dog,-0.11,-4.84
9027,control,0,19,494.83,0.518,1,26.42,sure_thing,0.03,0.72
9028,control,298,0,54.56,0.148,0,0.0,lost_cause,0.02,0.18
9029,treatment,49,2,270.76,0.337,1,29.7,persuadable,0.58,13.34
9030,control,170,2,56.31,0.08,0,0.0,lost_cause,0.02,0.18
9031,control,13,13,289.86,0.196,1,23.01,sure_thing,0.03,0.72
9032,treatment,200,1,51.58,0.279,0,0.0,lost_cause,0.02,0.18
9033,treatment,202,1,54.4,0.221,0,0.0,lost_cause,0.02,0.18
9034,control,262,3,7.72,0.019,0,0.0,lost_cause,0.02,0.18
9035,treatment,114,2,42.77,0.178,1,7.48,lost_cause,0.02,0.18
9036,control,193,4,10.76,0.283,1,9.5,lost_cause,0.02,0.18
9037,control,120,0,53.08,0.142,0,0.0,lost_cause,0.02,0.18
9038,treatment,13,15,389.8,0.589,1,29.35,sure_thing,0.03,0.72
9039,control,246,0,50.2,0.0,0,0.0,lost_cause,0.02,0.18
9040,treatment,27,8,170.54,0.344,1,17.33,persuadable,0.58,13.34
9041,treatment,41,4,212.31,0.213,0,0.0,sleeping_dog,-0.11,-4.84
9042,control,52,8,152.42,0.315,0,0.0,persuadable,0.58,13.34
9043,control,39,5,172.57,0.311,0,0.0,persuadable,0.58,13.34
9044,control,50,9,241.17,0.248,0,0.0,persuadable,0.58,13.34
9045,control,281,2,42.14,0.202,0,0.0,lost_cause,0.02,0.18
9046,treatment,19,4,138.14,0.154,0,0.0,sleeping_dog,-0.11,-4.84
9047,treatment,17,13,301.54,0.389,1,20.65,sure_thing,0.03,0.72
9048,treatment,0,22,405.99,0.404,1,14.03,sure_thing,0.03,0.72
9049,treatment,10,17,478.77,0.496,1,27.84,sure_thing,0.03,0.72
9050,treatment,0,2,52.48,0.105,0,0.0,lost_cause,0.02,0.18
9051,treatment,5,20,264.22,0.49,1,28.81,sure_thing,0.03,0.72
9052,treatment,224,4,5.0,0.0,1,5.58,lost_cause,0.02,0.18
9053,control,125,10,76.74,0.282,0,0.0,persuadable,0.58,13.34
9054,treatment,25,8,404.39,0.524,1,15.02,sure_thing,0.03,0.72
9055,treatment,186,1,47.99,0.078,0,0.0,lost_cause,0.02,0.18
9056,treatment,21,7,102.0,0.167,0,0.0,sleeping_dog,-0.11,-4.84
9057,control,9,14,521.07,0.656,1,25.75,sure_thing,0.03,0.72
9058,control,50,8,185.8,0.693,0,0.0,persuadable,0.58,13.34
9059,treatment,87,14,183.2,0.348,0,0.0,persuadable,0.58,13.34
9060,control,15,20,369.97,0.598,0,0.0,sure_thing,0.03,0.72
9061,treatment,271,3,58.26,0.126,0,0.0,lost_cause,0.02,0.18
9062,treatment,137,4,5.0,0.138,0,0.0,lost_cause,0.02,0.18
9063,treatment,207,0,41.74,0.221,0,0.0,lost_cause,0.02,0.18
9064,treatment,15,22,440.11,1.0,1,24.22,sure_thing,0.03,0.72
9065,control,92,2,51.08,0.189,0,0.0,lost_cause,0.02,0.18
9066,control,276,1,49.15,0.026,0,0.0,lost_cause,0.02,0.18
9067,treatment,63,7,76.57,0.511,1,25.35,persuadable,0.58,13.34
9068,control,96,7,40.16,0.515,1,21.54,persuadable,0.58,13.34
9069,control,120,6,101.02,0.319,0,0.0,persuadable,0.58,13.34
9070,control,400,0,23.5,0.145,0,0.0,lost_cause,0.02,0.18
9071,control,22,2,184.35,0.205,1,41.75,sleeping_dog,-0.11,-4.84
9072,control,228,1,22.09,0.223,0,0.0,lost_cause,0.02,0.18
9073,treatment,145,4,250.89,0.558,0,0.0,persuadable,0.58,13.34
9074,treatment,72,4,153.37,0.528,0,0.0,persuadable,0.58,13.34
9075,control,42,2,294.1,0.261,0,0.0,sleeping_dog,-0.11,-4.84
9076,treatment,40,10,268.6,0.214,0,0.0,sleeping_dog,-0.11,-4.84
9077,treatment,15,11,433.36,0.443,1,31.52,sure_thing,0.03,0.72
9078,control,346,2,42.13,0.086,0,0.0,lost_cause,0.02,0.18
9079,treatment,79,8,40.33,0.379,1,18.87,persuadable,0.58,13.34
9080,treatment,347,5,28.62,0.099,0,0.0,lost_cause,0.02,0.18
9081,treatment,181,0,5.0,0.123,0,0.0,lost_cause,0.02,0.18
9082,control,6,23,435.61,0.627,0,0.0,sure_thing,0.03,0.72
9083,control,213,1,32.93,0.096,0,0.0,lost_cause,0.02,0.18
9084,control,23,14,610.83,0.604,1,20.89,sure_thing,0.03,0.72
9085,control,220,3,48.34,0.022,0,0.0,lost_cause,0.02,0.18
9086,control,1,16,472.54,0.263,1,16.88,sure_thing,0.03,0.72
9087,treatment,40,6,71.81,0.383,1,18.91,persuadable,0.58,13.34
9088,treatment,46,2,83.14,0.209,1,18.45,persuadable,0.58,13.34
9089,control,31,4,88.11,0.033,1,36.34,sleeping_dog,-0.11,-4.84
9090,control,31,8,207.35,0.732,1,13.24,persuadable,0.58,13.34
9091,control,62,7,79.61,0.38,0,0.0,persuadable,0.58,13.34
9092,treatment,301,6,52.6,0.182,0,0.0,lost_cause,0.02,0.18
9093,treatment,57,9,90.65,0.583,1,25.63,persuadable,0.58,13.34
9094,control,143,0,35.46,0.176,0,0.0,lost_cause,0.02,0.18
9095,control,273,3,39.13,0.204,0,0.0,lost_cause,0.02,0.18
9096,control,127,1,20.18,0.127,0,0.0,lost_cause,0.02,0.18
9097,treatment,265,4,47.72,0.08,0,0.0,lost_cause,0.02,0.18
9098,treatment,203,3,50.79,0.191,0,0.0,lost_cause,0.02,0.18
9099,treatment,76,5,229.57,0.598,1,24.03,persuadable,0.58,13.34
9100,control,49,2,31.47,0.172,0,0.0,lost_cause,0.02,0.18
9101,control,17,19,547.7,0.715,1,24.3,sure_thing,0.03,0.72
9102,treatment,15,25,409.13,0.683,1,25.68,sure_thing,0.03,0.72
9103,treatment,20,17,432.82,0.444,1,21.46,sure_thing,0.03,0.72
9104,control,82,7,24.72,0.34,0,0.0,persuadable,0.58,13.34
9105,control,65,5,75.54,0.504,0,0.0,persuadable,0.58,13.34
9106,control,0,15,434.71,0.598,0,0.0,sure_thing,0.03,0.72
9107,control,12,26,528.52,0.542,1,21.35,sure_thing,0.03,0.72
9108,treatment,169,4,47.23,0.124,0,0.0,lost_cause,0.02,0.18
9109,control,10,28,604.12,0.758,0,0.0,sure_thing,0.03,0.72
9110,control,250,2,31.01,0.268,0,0.0,lost_cause,0.02,0.18
9111,treatment,0,6,221.54,0.076,0,0.0,sleeping_dog,-0.11,-4.84
9112,control,82,9,225.96,0.305,0,0.0,persuadable,0.58,13.34
9113,treatment,190,2,14.86,0.239,0,0.0,lost_cause,0.02,0.18
9114,treatment,228,3,52.64,0.0,0,0.0,lost_cause,0.02,0.18
9115,treatment,400,0,49.34,0.125,0,0.0,lost_cause,0.02,0.18
9116,control,23,17,505.36,0.445,1,21.59,sure_thing,0.03,0.72
9117,control,25,24,468.51,0.543,1,25.72,sure_thing,0.03,0.72
9118,treatment,87,2,14.92,0.112,0,0.0,lost_cause,0.02,0.18
9119,treatment,14,21,591.48,0.406,1,18.77,sure_thing,0.03,0.72
9120,control,139,4,40.07,0.288,0,0.0,lost_cause,0.02,0.18
9121,control,135,0,18.35,0.043,0,0.0,lost_cause,0.02,0.18
9122,control,206,0,44.4,0.111,0,0.0,lost_cause,0.02,0.18
9123,control,21,20,588.67,0.572,0,0.0,sure_thing,0.03,0.72
9124,treatment,161,3,35.68,0.153,0,0.0,lost_cause,0.02,0.18
9125,control,54,8,181.34,0.259,1,19.84,persuadable,0.58,13.34
9126,control,29,18,508.08,0.419,1,25.04,sure_thing,0.03,0.72
9127,control,185,3,5.0,0.348,0,0.0,lost_cause,0.02,0.18
9128,control,0,17,542.37,0.192,1,22.64,sure_thing,0.03,0.72
9129,treatment,43,7,139.02,0.319,1,20.32,persuadable,0.58,13.34
9130,control,129,2,33.95,0.0,0,0.0,lost_cause,0.02,0.18
9131,treatment,136,3,5.0,0.019,1,11.13,lost_cause,0.02,0.18
9132,control,2,2,243.21,0.087,0,0.0,sleeping_dog,-0.11,-4.84
9133,control,11,6,154.73,0.437,0,0.0,persuadable,0.58,13.34
9134,treatment,381,2,17.61,0.028,0,0.0,lost_cause,0.02,0.18
9135,control,400,4,31.66,0.0,0,0.0,lost_cause,0.02,0.18
9136,control,64,7,86.0,0.547,1,27.63,persuadable,0.58,13.34
9137,control,190,0,19.8,0.0,0,0.0,lost_cause,0.02,0.18
9138,treatment,214,4,5.0,0.07,0,0.0,lost_cause,0.02,0.18
9139,control,4,12,196.02,0.384,1,29.74,sure_thing,0.03,0.72
9140,treatment,18,16,402.2,0.263,1,33.51,sure_thing,0.03,0.72
9141,treatment,19,11,431.12,0.645,1,24.57,sure_thing,0.03,0.72
9142,treatment,34,3,150.63,0.421,1,19.6,persuadable,0.58,13.34
9143,treatment,58,9,71.65,0.298,1,21.86,persuadable,0.58,13.34
9144,treatment,52,2,14.08,0.06,1,10.37,lost_cause,0.02,0.18
9145,control,169,1,39.68,0.13,0,0.0,lost_cause,0.02,0.18
9146,control,42,7,185.38,0.173,0,0.0,persuadable,0.58,13.34
9147,control,274,3,51.43,0.08,0,0.0,lost_cause,0.02,0.18
9148,control,50,5,53.67,0.422,0,0.0,persuadable,0.58,13.34
9149,control,57,4,180.15,0.943,1,10.39,persuadable,0.58,13.34
9150,treatment,86,2,105.18,0.549,0,0.0,persuadable,0.58,13.34
9151,treatment,17,16,396.31,0.552,1,23.72,sure_thing,0.03,0.72
9152,treatment,244,1,11.73,0.0,0,0.0,lost_cause,0.02,0.18
9153,treatment,50,9,17.59,0.388,1,20.93,persuadable,0.58,13.34
9154,control,17,16,455.22,0.505,1,22.23,sure_thing,0.03,0.72
9155,treatment,186,5,40.09,0.195,0,0.0,lost_cause,0.02,0.18
9156,control,373,1,34.66,0.207,0,0.0,lost_cause,0.02,0.18
9157,treatment,400,0,10.84,0.036,0,0.0,lost_cause,0.02,0.18
9158,treatment,189,0,15.92,0.285,0,0.0,lost_cause,0.02,0.18
9159,control,111,2,8.36,0.053,0,0.0,lost_cause,0.02,0.18
9160,treatment,70,12,156.52,0.395,0,0.0,persuadable,0.58,13.34
9161,treatment,23,5,173.36,0.068,1,50.84,sleeping_dog,-0.11,-4.84
9162,treatment,10,3,126.8,0.206,0,0.0,sleeping_dog,-0.11,-4.84
9163,control,22,19,416.3,0.535,0,0.0,sure_thing,0.03,0.72
9164,control,10,16,316.08,0.556,0,0.0,sure_thing,0.03,0.72
9165,control,262,5,52.01,0.176,0,0.0,lost_cause,0.02,0.18
9166,treatment,286,3,5.0,0.03,1,4.98,lost_cause,0.02,0.18
9167,control,88,9,85.77,0.56,0,0.0,persuadable,0.58,13.34
9168,treatment,5,21,625.04,0.423,1,16.62,sure_thing,0.03,0.72
9169,treatment,25,16,342.73,0.579,0,0.0,sure_thing,0.03,0.72
9170,treatment,22,7,137.31,0.312,1,18.85,persuadable,0.58,13.34
9171,control,32,5,125.87,0.197,1,27.01,persuadable,0.58,13.34
9172,control,20,7,134.61,0.498,0,0.0,persuadable,0.58,13.34
9173,treatment,127,2,27.13,0.076,0,0.0,lost_cause,0.02,0.18
9174,treatment,15,29,487.07,0.716,1,32.26,sure_thing,0.03,0.72
9175,control,58,6,183.02,0.474,0,0.0,persuadable,0.58,13.34
9176,control,24,8,21.2,0.729,0,0.0,persuadable,0.58,13.34
9177,control,59,2,128.87,0.068,0,0.0,sleeping_dog,-0.11,-4.84
9178,treatment,9,12,525.93,0.437,0,0.0,sure_thing,0.03,0.72
9179,treatment,20,16,506.8,0.384,1,27.63,sure_thing,0.03,0.72
9180,treatment,201,0,26.07,0.187,0,0.0,lost_cause,0.02,0.18
9181,control,33,11,424.57,0.747,0,0.0,sure_thing,0.03,0.72
9182,control,14,16,631.88,0.6,0,0.0,sure_thing,0.03,0.72
9183,treatment,92,7,38.31,0.382,1,17.17,persuadable,0.58,13.34
9184,control,2,7,217.35,0.533,0,0.0,persuadable,0.58,13.34
9185,control,307,0,15.39,0.157,0,0.0,lost_cause,0.02,0.18
9186,control,243,3,24.48,0.252,0,0.0,lost_cause,0.02,0.18
9187,control,128,1,27.61,0.184,0,0.0,lost_cause,0.02,0.18
9188,control,63,4,175.06,0.428,0,0.0,persuadable,0.58,13.34
9189,control,289,2,51.57,0.095,1,7.2,lost_cause,0.02,0.18
9190,treatment,66,6,133.92,0.405,1,22.22,persuadable,0.58,13.34
9191,control,7,11,374.74,0.78,1,13.71,sure_thing,0.03,0.72
9192,control,81,9,183.85,0.414,1,28.42,persuadable,0.58,13.34
9193,control,131,2,47.49,0.3,0,0.0,lost_cause,0.02,0.18
9194,control,348,3,30.15,0.07,0,0.0,lost_cause,0.02,0.18
9195,treatment,206,1,50.62,0.058,0,0.0,lost_cause,0.02,0.18
9196,treatment,16,15,464.46,0.653,1,19.22,sure_thing,0.03,0.72
9197,control,41,11,166.38,0.359,0,0.0,persuadable,0.58,13.34
9198,treatment,4,20,411.83,0.495,0,0.0,sure_thing,0.03,0.72
9199,control,4,20,564.54,0.792,1,24.44,sure_thing,0.03,0.72
9200,control,14,5,174.61,0.353,0,0.0,persuadable,0.58,13.34
9201,treatment,52,5,52.51,0.6,1,21.17,persuadable,0.58,13.34
9202,control,34,3,7.55,0.193,0,0.0,lost_cause,0.02,0.18
9203,treatment,46,5,225.37,0.08,0,0.0,sleeping_dog,-0.11,-4.84
9204,treatment,56,4,113.62,0.458,1,19.63,persuadable,0.58,13.34
9205,control,127,4,63.17,0.125,0,0.0,lost_cause,0.02,0.18
9206,treatment,280,2,43.41,0.089,0,0.0,lost_cause,0.02,0.18
9207,control,15,15,250.16,0.777,1,22.96,sure_thing,0.03,0.72
9208,control,13,14,476.32,0.244,1,27.34,sure_thing,0.03,0.72
9209,control,16,25,430.41,0.626,1,29.77,sure_thing,0.03,0.72
9210,treatment,374,3,18.63,0.15,0,0.0,lost_cause,0.02,0.18
9211,control,43,9,202.79,0.329,0,0.0,persuadable,0.58,13.34
9212,treatment,70,8,124.47,0.327,1,28.92,persuadable,0.58,13.34
9213,treatment,240,2,5.0,0.015,1,6.87,lost_cause,0.02,0.18
9214,control,180,1,48.89,0.225,0,0.0,lost_cause,0.02,0.18
9215,treatment,41,2,61.74,0.049,0,0.0,sleeping_dog,-0.11,-4.84
9216,treatment,14,7,198.45,0.108,0,0.0,sleeping_dog,-0.11,-4.84
9217,control,400,2,24.72,0.109,0,0.0,lost_cause,0.02,0.18
9218,control,14,12,357.53,0.625,1,27.37,sure_thing,0.03,0.72
9219,treatment,86,2,80.95,0.106,0,0.0,lost_cause,0.02,0.18
9220,treatment,302,1,57.53,0.196,0,0.0,lost_cause,0.02,0.18
9221,treatment,24,26,495.75,0.597,1,19.14,sure_thing,0.03,0.72
9222,treatment,17,17,536.59,0.695,1,24.49,sure_thing,0.03,0.72
9223,treatment,66,2,8.55,0.0,0,0.0,lost_cause,0.02,0.18
9224,control,46,2,33.75,0.21,0,0.0,lost_cause,0.02,0.18
9225,treatment,88,7,73.97,0.466,1,29.84,persuadable,0.58,13.34
9226,treatment,6,20,294.95,0.533,1,26.85,sure_thing,0.03,0.72
9227,control,107,3,21.88,0.162,0,0.0,lost_cause,0.02,0.18
9228,treatment,282,4,44.47,0.189,0,0.0,lost_cause,0.02,0.18
9229,treatment,230,0,28.86,0.257,0,0.0,lost_cause,0.02,0.18
9230,control,2,6,116.02,0.12,1,41.93,sleeping_dog,-0.11,-4.84
9231,treatment,49,12,165.89,0.337,1,16.75,persuadable,0.58,13.34
9232,treatment,189,0,29.51,0.118,0,0.0,lost_cause,0.02,0.18
9233,treatment,27,14,469.05,0.489,0,0.0,sure_thing,0.03,0.72
9234,treatment,246,1,37.19,0.169,0,0.0,lost_cause,0.02,0.18
9235,treatment,71,12,58.73,0.392,1,11.28,persuadable,0.58,13.34
9236,control,8,5,271.39,0.171,0,0.0,sleeping_dog,-0.11,-4.84
9237,treatment,141,4,71.32,0.298,0,0.0,lost_cause,0.02,0.18
9238,treatment,347,0,37.46,0.193,0,0.0,lost_cause,0.02,0.18
9239,control,216,0,61.5,0.1,0,0.0,lost_cause,0.02,0.18
9240,control,256,0,27.15,0.026,0,0.0,lost_cause,0.02,0.18
9241,treatment,3,20,485.79,0.643,0,0.0,sure_thing,0.03,0.72
9242,control,87,1,39.16,0.122,0,0.0,lost_cause,0.02,0.18
9243,control,200,1,21.89,0.244,0,0.0,lost_cause,0.02,0.18
9244,treatment,95,3,33.09,0.168,0,0.0,lost_cause,0.02,0.18
9245,treatment,22,19,560.88,0.591,1,29.15,sure_thing,0.03,0.72
9246,control,74,2,246.86,0.443,0,0.0,persuadable,0.58,13.34
9247,treatment,270,5,24.7,0.217,0,0.0,lost_cause,0.02,0.18
9248,control,29,18,143.12,0.271,0,0.0,sure_thing,0.03,0.72
9249,treatment,17,13,542.08,0.595,1,31.15,sure_thing,0.03,0.72
9250,control,9,24,46.75,0.311,1,22.06,sure_thing,0.03,0.72
9251,control,0,19,347.83,0.67,1,27.68,sure_thing,0.03,0.72
9252,treatment,0,7,174.85,0.318,1,21.69,persuadable,0.58,13.34
9253,control,57,2,37.07,0.231,0,0.0,lost_cause,0.02,0.18
9254,control,2,11,85.26,0.262,1,22.44,persuadable,0.58,13.34
9255,treatment,275,3,5.0,0.118,0,0.0,lost_cause,0.02,0.18
9256,treatment,303,3,37.63,0.0,0,0.0,lost_cause,0.02,0.18
9257,control,11,20,617.89,0.425,0,0.0,sure_thing,0.03,0.72
9258,control,259,2,55.89,0.021,0,0.0,lost_cause,0.02,0.18
9259,treatment,17,26,612.36,0.525,1,21.5,sure_thing,0.03,0.72
9260,control,324,3,12.56,0.275,1,6.77,lost_cause,0.02,0.18
9261,treatment,14,14,508.22,0.418,0,0.0,sure_thing,0.03,0.72
9262,control,7,19,395.24,0.406,0,0.0,sure_thing,0.03,0.72
9263,control,54,4,157.26,0.313,0,0.0,persuadable,0.58,13.34
9264,control,348,0,29.0,0.054,0,0.0,lost_cause,0.02,0.18
9265,control,26,24,460.89,0.894,0,0.0,sure_thing,0.03,0.72
9266,treatment,180,3,44.09,0.227,0,0.0,lost_cause,0.02,0.18
9267,treatment,100,3,194.24,0.592,1,20.58,persuadable,0.58,13.34
9268,treatment,162,3,34.15,0.212,0,0.0,lost_cause,0.02,0.18
9269,control,164,0,48.55,0.089,1,8.84,lost_cause,0.02,0.18
9270,treatment,206,0,40.8,0.008,0,0.0,lost_cause,0.02,0.18
9271,treatment,22,23,469.99,0.568,0,0.0,sure_thing,0.03,0.72
9272,control,187,2,29.47,0.276,0,0.0,lost_cause,0.02,0.18
9273,treatment,14,16,370.19,0.602,0,0.0,sure_thing,0.03,0.72
9274,control,186,3,43.38,0.136,0,0.0,lost_cause,0.02,0.18
9275,control,365,3,78.49,0.27,0,0.0,lost_cause,0.02,0.18
9276,treatment,32,3,201.86,0.302,1,27.57,persuadable,0.58,13.34
9277,treatment,73,7,176.18,0.535,1,22.01,persuadable,0.58,13.34
9278,control,213,4,39.88,0.123,0,0.0,lost_cause,0.02,0.18
9279,treatment,32,3,64.48,0.135,1,37.74,sleeping_dog,-0.11,-4.84
9280,control,27,18,475.31,0.742,1,23.42,sure_thing,0.03,0.72
9281,control,41,10,148.61,0.501,1,25.39,persuadable,0.58,13.34
9282,treatment,41,10,235.97,0.468,1,14.02,persuadable,0.58,13.34
9283,control,167,3,50.29,0.035,0,0.0,lost_cause,0.02,0.18
9284,treatment,343,5,43.45,0.131,0,0.0,lost_cause,0.02,0.18
9285,control,40,7,161.31,0.635,1,23.61,persuadable,0.58,13.34
9286,control,4,9,551.35,0.673,1,20.65,sure_thing,0.03,0.72
9287,control,64,14,145.69,0.649,0,0.0,persuadable,0.58,13.34
9288,control,48,5,224.55,0.323,0,0.0,persuadable,0.58,13.34
9289,treatment,32,5,152.98,0.247,0,0.0,sleeping_dog,-0.11,-4.84
9290,treatment,25,22,356.02,0.382,1,31.99,sure_thing,0.03,0.72
9291,treatment,103,1,33.12,0.155,0,0.0,lost_cause,0.02,0.18
9292,treatment,34,11,174.88,0.621,1,26.58,persuadable,0.58,13.34
9293,treatment,200,1,28.51,0.145,0,0.0,lost_cause,0.02,0.18
9294,treatment,257,0,5.0,0.263,0,0.0,lost_cause,0.02,0.18
9295,control,267,3,61.03,0.181,0,0.0,lost_cause,0.02,0.18
9296,control,90,4,25.53,0.091,0,0.0,lost_cause,0.02,0.18
9297,treatment,81,1,46.59,0.061,0,0.0,lost_cause,0.02,0.18
9298,treatment,11,20,461.5,0.422,1,28.8,sure_thing,0.03,0.72
9299,control,27,8,81.99,0.334,1,29.91,persuadable,0.58,13.34
9300,control,95,2,13.22,0.045,0,0.0,lost_cause,0.02,0.18
9301,control,130,0,24.99,0.269,1,8.21,lost_cause,0.02,0.18
9302,control,24,10,427.45,0.311,0,0.0,sure_thing,0.03,0.72
9303,treatment,314,4,40.25,0.143,0,0.0,lost_cause,0.02,0.18
9304,control,9,17,362.02,0.415,1,24.7,sure_thing,0.03,0.72
9305,treatment,21,2,173.89,0.382,1,25.38,persuadable,0.58,13.34
9306,treatment,198,2,40.6,0.263,1,5.98,lost_cause,0.02,0.18
9307,treatment,11,20,559.64,0.498,1,22.78,sure_thing,0.03,0.72
9308,treatment,237,3,58.56,0.202,0,0.0,lost_cause,0.02,0.18
9309,treatment,0,6,250.64,0.604,1,17.75,persuadable,0.58,13.34
9310,treatment,128,1,6.62,0.235,0,0.0,lost_cause,0.02,0.18
9311,control,78,6,199.21,0.401,0,0.0,persuadable,0.58,13.34
9312,control,157,2,18.59,0.234,1,10.81,lost_cause,0.02,0.18
9313,control,32,2,195.72,0.094,0,0.0,sleeping_dog,-0.11,-4.84
9314,treatment,264,4,50.46,0.067,0,0.0,lost_cause,0.02,0.18
9315,control,22,27,302.09,0.727,1,15.34,sure_thing,0.03,0.72
9316,control,238,2,5.0,0.036,0,0.0,lost_cause,0.02,0.18
9317,control,179,0,53.8,0.071,0,0.0,lost_cause,0.02,0.18
9318,control,294,1,45.0,0.057,0,0.0,lost_cause,0.02,0.18
9319,treatment,58,8,168.06,0.099,1,25.15,persuadable,0.58,13.34
9320,treatment,20,17,536.35,0.583,1,22.01,sure_thing,0.03,0.72
9321,treatment,40,14,117.96,0.331,1,30.87,persuadable,0.58,13.34
9322,treatment,95,6,96.75,0.185,0,0.0,persuadable,0.58,13.34
9323,control,152,1,24.35,0.122,0,0.0,lost_cause,0.02,0.18
9324,treatment,155,3,20.03,0.07,0,0.0,lost_cause,0.02,0.18
9325,control,35,9,165.15,0.332,0,0.0,persuadable,0.58,13.34
9326,treatment,56,7,173.3,0.336,1,24.74,persuadable,0.58,13.34
9327,treatment,9,19,349.36,0.651,1,22.1,sure_thing,0.03,0.72
9328,control,165,2,36.56,0.111,1,3.8,lost_cause,0.02,0.18
9329,treatment,8,22,205.83,0.427,1,20.06,sure_thing,0.03,0.72
9330,control,151,3,19.8,0.327,0,0.0,lost_cause,0.02,0.18
9331,control,279,2,44.78,0.104,0,0.0,lost_cause,0.02,0.18
9332,treatment,70,0,17.55,0.21,0,0.0,lost_cause,0.02,0.18
9333,treatment,244,4,33.6,0.026,0,0.0,lost_cause,0.02,0.18
9334,control,35,3,42.96,0.031,0,0.0,lost_cause,0.02,0.18
9335,control,72,6,179.92,0.516,1,17.61,persuadable,0.58,13.34
9336,treatment,16,10,104.85,0.352,1,21.68,persuadable,0.58,13.34
9337,treatment,47,10,114.04,0.333,1,17.71,persuadable,0.58,13.34
9338,treatment,0,16,466.43,0.565,1,24.04,sure_thing,0.03,0.72
9339,treatment,67,5,198.7,0.245,1,20.18,persuadable,0.58,13.34
9340,control,46,0,37.52,0.389,0,0.0,lost_cause,0.02,0.18
9341,treatment,3,10,538.15,0.799,0,0.0,sure_thing,0.03,0.72
9342,control,205,2,50.11,0.269,0,0.0,lost_cause,0.02,0.18
9343,control,4,3,147.35,0.152,0,0.0,sleeping_dog,-0.11,-4.84
9344,control,231,0,32.82,0.182,0,0.0,lost_cause,0.02,0.18
9345,control,192,6,58.12,0.098,0,0.0,lost_cause,0.02,0.18
9346,control,99,8,250.41,0.48,0,0.0,persuadable,0.58,13.34
9347,treatment,55,7,220.07,0.374,0,0.0,persuadable,0.58,13.34
9348,treatment,34,6,194.13,0.279,1,22.08,persuadable,0.58,13.34
9349,treatment,5,8,201.44,0.418,1,6.9,persuadable,0.58,13.34
9350,control,18,2,18.53,0.045,0,0.0,lost_cause,0.02,0.18
9351,treatment,24,13,458.08,0.474,1,22.49,sure_thing,0.03,0.72
9352,treatment,21,27,478.38,0.587,1,26.11,sure_thing,0.03,0.72
9353,control,82,9,115.23,0.614,1,28.82,persuadable,0.58,13.34
9354,treatment,312,2,49.77,0.095,1,9.6,lost_cause,0.02,0.18
9355,treatment,305,3,32.2,0.358,1,7.74,lost_cause,0.02,0.18
9356,treatment,128,0,5.0,0.068,0,0.0,lost_cause,0.02,0.18
9357,control,18,25,489.45,0.656,1,33.16,sure_thing,0.03,0.72
9358,treatment,61,6,79.59,0.173,0,0.0,sleeping_dog,-0.11,-4.84
9359,control,7,24,483.48,0.431,0,0.0,sure_thing,0.03,0.72
9360,treatment,58,7,129.38,0.194,1,28.06,persuadable,0.58,13.34
9361,control,7,19,263.83,0.572,1,20.38,sure_thing,0.03,0.72
9362,treatment,324,3,76.84,0.047,0,0.0,lost_cause,0.02,0.18
9363,treatment,40,8,132.86,0.046,1,44.96,sleeping_dog,-0.11,-4.84
9364,control,27,16,307.16,0.803,1,19.73,sure_thing,0.03,0.72
9365,control,150,2,12.06,0.103,0,0.0,lost_cause,0.02,0.18
9366,control,47,8,155.54,0.378,0,0.0,persuadable,0.58,13.34
9367,control,209,3,38.24,0.133,0,0.0,lost_cause,0.02,0.18
9368,control,134,0,23.57,0.139,0,0.0,lost_cause,0.02,0.18
9369,control,25,25,300.07,0.518,1,24.58,sure_thing,0.03,0.72
9370,treatment,86,3,176.78,0.519,1,18.21,persuadable,0.58,13.34
9371,treatment,112,3,24.18,0.112,0,0.0,lost_cause,0.02,0.18
9372,treatment,21,15,402.14,0.735,1,26.68,sure_thing,0.03,0.72
9373,control,66,0,16.81,0.069,0,0.0,lost_cause,0.02,0.18
9374,control,0,23,551.66,0.517,1,25.51,sure_thing,0.03,0.72
9375,control,18,19,469.13,0.591,1,18.77,sure_thing,0.03,0.72
9376,treatment,5,18,509.88,0.643,1,18.96,sure_thing,0.03,0.72
9377,control,179,2,50.64,0.104,0,0.0,lost_cause,0.02,0.18
9378,treatment,21,16,404.0,0.515,0,0.0,sure_thing,0.03,0.72
9379,treatment,44,6,195.21,0.185,1,50.21,sleeping_dog,-0.11,-4.84
9380,treatment,265,3,5.0,0.404,0,0.0,lost_cause,0.02,0.18
9381,treatment,6,19,653.9,0.544,1,27.24,sure_thing,0.03,0.72
9382,treatment,171,3,14.33,0.223,0,0.0,lost_cause,0.02,0.18
9383,treatment,261,3,30.18,0.0,0,0.0,lost_cause,0.02,0.18
9384,treatment,283,0,26.08,0.3,0,0.0,lost_cause,0.02,0.18
9385,control,0,10,216.87,0.269,1,24.73,persuadable,0.58,13.34
9386,treatment,342,5,5.0,0.284,1,12.36,lost_cause,0.02,0.18
9387,treatment,0,3,284.87,0.108,1,49.03,sleeping_dog,-0.11,-4.84
9388,control,299,2,25.65,0.22,0,0.0,lost_cause,0.02,0.18
9389,control,3,11,379.95,0.603,1,30.06,sure_thing,0.03,0.72
9390,control,16,18,528.08,0.555,1,27.04,sure_thing,0.03,0.72
9391,control,3,9,407.72,0.612,1,15.64,sure_thing,0.03,0.72
9392,treatment,49,3,142.31,0.326,1,18.86,persuadable,0.58,13.34
9393,treatment,209,2,29.94,0.186,0,0.0,lost_cause,0.02,0.18
9394,control,9,5,94.32,0.262,1,16.69,persuadable,0.58,13.34
9395,treatment,230,4,35.59,0.353,0,0.0,lost_cause,0.02,0.18
9396,treatment,194,5,5.0,0.0,0,0.0,lost_cause,0.02,0.18
9397,control,7,10,84.41,0.464,1,22.04,persuadable,0.58,13.34
9398,control,18,14,255.64,0.527,1,19.51,sure_thing,0.03,0.72
9399,treatment,39,4,277.65,0.062,0,0.0,sleeping_dog,-0.11,-4.84
9400,treatment,104,9,129.42,0.471,1,28.98,persuadable,0.58,13.34
9401,treatment,129,1,38.56,0.138,0,0.0,lost_cause,0.02,0.18
9402,treatment,97,2,9.39,0.065,0,0.0,lost_cause,0.02,0.18
9403,control,361,2,34.07,0.288,0,0.0,lost_cause,0.02,0.18
9404,control,125,4,34.19,0.054,0,0.0,lost_cause,0.02,0.18
9405,treatment,11,7,270.14,0.511,1,18.79,persuadable,0.58,13.34
9406,treatment,54,6,143.22,0.565,1,25.52,persuadable,0.58,13.34
9407,control,257,3,5.0,0.23,0,0.0,lost_cause,0.02,0.18
9408,control,14,12,278.94,0.697,1,24.88,sure_thing,0.03,0.72
9409,treatment,65,4,281.96,0.259,1,27.8,persuadable,0.58,13.34
9410,treatment,11,13,495.09,0.462,0,0.0,sure_thing,0.03,0.72
9411,treatment,340,5,11.05,0.006,0,0.0,lost_cause,0.02,0.18
9412,control,34,5,175.33,0.154,0,0.0,sleeping_dog,-0.11,-4.84
9413,treatment,226,3,13.61,0.289,0,0.0,lost_cause,0.02,0.18
9414,control,156,1,5.0,0.113,0,0.0,lost_cause,0.02,0.18
9415,treatment,11,19,368.33,0.436,1,23.83,sure_thing,0.03,0.72
9416,treatment,242,1,55.08,0.047,0,0.0,lost_cause,0.02,0.18
9417,control,348,2,13.58,0.046,0,0.0,lost_cause,0.02,0.18
9418,control,20,8,473.01,0.7,1,28.07,sure_thing,0.03,0.72
9419,control,121,2,36.82,0.085,0,0.0,lost_cause,0.02,0.18
9420,treatment,17,20,474.18,0.74,0,0.0,sure_thing,0.03,0.72
9421,treatment,18,18,296.39,0.536,1,21.06,sure_thing,0.03,0.72
9422,control,43,2,50.49,0.59,0,0.0,persuadable,0.58,13.34
9423,control,126,1,20.74,0.12,0,0.0,lost_cause,0.02,0.18
9424,treatment,161,2,5.3,0.157,0,0.0,lost_cause,0.02,0.18
9425,control,95,6,238.02,0.115,1,21.14,persuadable,0.58,13.34
9426,treatment,277,3,46.78,0.028,0,0.0,lost_cause,0.02,0.18
9427,treatment,9,19,259.44,0.61,1,17.95,sure_thing,0.03,0.72
9428,control,280,2,35.6,0.302,0,0.0,lost_cause,0.02,0.18
9429,treatment,156,4,7.56,0.194,0,0.0,lost_cause,0.02,0.18
9430,treatment,214,3,25.0,0.074,0,0.0,lost_cause,0.02,0.18
9431,control,24,25,279.76,0.662,1,20.63,sure_thing,0.03,0.72
9432,treatment,14,18,365.71,0.658,1,19.72,sure_thing,0.03,0.72
9433,treatment,289,3,43.62,0.229,0,0.0,lost_cause,0.02,0.18
9434,control,100,4,9.27,0.27,1,8.51,lost_cause,0.02,0.18
9435,control,13,28,594.76,0.422,0,0.0,sure_thing,0.03,0.72
9436,treatment,22,20,355.61,0.576,1,24.48,sure_thing,0.03,0.72
9437,control,195,4,45.41,0.19,0,0.0,lost_cause,0.02,0.18
9438,treatment,246,0,29.83,0.003,0,0.0,lost_cause,0.02,0.18
9439,control,14,16,319.76,0.598,1,22.95,sure_thing,0.03,0.72
9440,control,15,19,392.09,0.39,1,16.08,sure_thing,0.03,0.72
9441,treatment,33,5,5.0,0.238,1,40.75,sleeping_dog,-0.11,-4.84
9442,control,11,22,298.53,0.812,0,0.0,sure_thing,0.03,0.72
9443,control,270,2,55.34,0.147,1,6.49,lost_cause,0.02,0.18
9444,control,13,12,619.92,0.666,0,0.0,sure_thing,0.03,0.72
9445,control,269,3,64.34,0.112,0,0.0,lost_cause,0.02,0.18
9446,treatment,79,0,9.83,0.001,1,9.61,lost_cause,0.02,0.18
9447,treatment,201,0,49.03,0.155,1,10.89,lost_cause,0.02,0.18
9448,treatment,13,20,288.55,0.772,1,29.04,sure_thing,0.03,0.72
9449,treatment,155,2,38.71,0.052,0,0.0,lost_cause,0.02,0.18
9450,control,0,4,141.07,0.014,1,30.83,sleeping_dog,-0.11,-4.84
9451,treatment,228,1,12.47,0.077,0,0.0,lost_cause,0.02,0.18
9452,treatment,19,3,136.3,0.158,1,48.79,sleeping_dog,-0.11,-4.84
9453,treatment,0,7,184.68,0.506,1,21.68,persuadable,0.58,13.34
9454,treatment,25,16,489.97,0.671,0,0.0,sure_thing,0.03,0.72
9455,control,20,19,408.56,0.655,1,25.81,sure_thing,0.03,0.72
9456,control,247,2,54.82,0.193,0,0.0,lost_cause,0.02,0.18
9457,treatment,0,4,260.0,0.294,1,27.1,persuadable,0.58,13.34
9458,treatment,198,0,11.02,0.0,0,0.0,lost_cause,0.02,0.18
9459,control,229,3,36.39,0.21,0,0.0,lost_cause,0.02,0.18
9460,control,400,0,29.07,0.039,0,0.0,lost_cause,0.02,0.18
9461,treatment,375,0,5.0,0.277,0,0.0,lost_cause,0.02,0.18
9462,treatment,294,2,32.77,0.096,0,0.0,lost_cause,0.02,0.18
9463,treatment,95,9,164.68,0.211,1,22.46,persuadable,0.58,13.34
9464,treatment,8,15,290.95,0.521,1,25.24,sure_thing,0.03,0.72
9465,treatment,213,2,36.37,0.013,0,0.0,lost_cause,0.02,0.18
9466,control,393,0,40.35,0.401,0,0.0,lost_cause,0.02,0.18
9467,treatment,150,3,13.48,0.411,0,0.0,lost_cause,0.02,0.18
9468,treatment,47,0,24.36,0.0,0,0.0,lost_cause,0.02,0.18
9469,treatment,190,5,46.17,0.206,0,0.0,lost_cause,0.02,0.18
9470,treatment,35,6,182.85,0.542,1,20.55,persuadable,0.58,13.34
9471,control,123,3,46.66,0.0,0,0.0,lost_cause,0.02,0.18
9472,treatment,24,6,121.88,0.489,1,24.54,persuadable,0.58,13.34
9473,treatment,34,0,147.92,0.065,0,0.0,sleeping_dog,-0.11,-4.84
9474,treatment,67,1,158.62,0.23,1,28.25,persuadable,0.58,13.34
9475,control,0,3,44.62,0.182,0,0.0,lost_cause,0.02,0.18
9476,control,0,7,175.07,0.291,0,0.0,persuadable,0.58,13.34
9477,treatment,10,22,573.84,0.432,1,23.99,sure_thing,0.03,0.72
9478,treatment,19,4,162.79,0.14,0,0.0,sleeping_dog,-0.11,-4.84
9479,treatment,108,2,55.3,0.097,0,0.0,lost_cause,0.02,0.18
9480,control,15,24,434.99,0.561,1,26.12,sure_thing,0.03,0.72
9481,treatment,0,18,642.36,0.246,1,25.21,sure_thing,0.03,0.72
9482,treatment,170,2,15.18,0.145,0,0.0,lost_cause,0.02,0.18
9483,treatment,4,19,415.15,0.74,1,20.97,sure_thing,0.03,0.72
9484,control,116,3,99.31,0.41,0,0.0,persuadable,0.58,13.34
9485,treatment,57,2,125.23,0.535,0,0.0,persuadable,0.58,13.34
9486,treatment,132,14,114.04,0.709,1,17.32,persuadable,0.58,13.34
9487,treatment,166,0,24.71,0.132,0,0.0,lost_cause,0.02,0.18
9488,control,74,4,114.04,0.291,0,0.0,persuadable,0.58,13.34
9489,control,240,3,29.51,0.093,0,0.0,lost_cause,0.02,0.18
9490,treatment,14,7,97.64,0.334,1,14.99,persuadable,0.58,13.34
9491,treatment,262,3,41.28,0.02,0,0.0,lost_cause,0.02,0.18
9492,treatment,262,1,43.97,0.166,0,0.0,lost_cause,0.02,0.18
9493,control,102,2,52.42,0.213,0,0.0,lost_cause,0.02,0.18
9494,treatment,11,21,534.66,0.627,1,23.85,sure_thing,0.03,0.72
9495,control,23,22,415.03,0.476,1,26.45,sure_thing,0.03,0.72
9496,control,44,13,165.24,0.31,1,22.26,persuadable,0.58,13.34
9497,treatment,273,0,39.35,0.106,0,0.0,lost_cause,0.02,0.18
9498,treatment,352,3,35.46,0.284,0,0.0,lost_cause,0.02,0.18
9499,treatment,75,9,181.87,0.61,1,20.97,persuadable,0.58,13.34
9500,control,184,2,13.51,0.069,0,0.0,lost_cause,0.02,0.18
9501,treatment,68,3,238.49,0.368,1,27.27,persuadable,0.58,13.34
9502,treatment,186,4,34.73,0.226,0,0.0,lost_cause,0.02,0.18
9503,treatment,0,17,548.71,0.492,0,0.0,sure_thing,0.03,0.72
9504,treatment,249,3,12.86,0.269,0,0.0,lost_cause,0.02,0.18
9505,treatment,109,10,243.31,0.369,1,14.55,persuadable,0.58,13.34
9506,control,261,1,13.64,0.02,0,0.0,lost_cause,0.02,0.18
9507,control,208,2,22.73,0.201,0,0.0,lost_cause,0.02,0.18
9508,treatment,243,5,41.08,0.078,0,0.0,lost_cause,0.02,0.18
9509,treatment,120,4,61.26,0.095,0,0.0,lost_cause,0.02,0.18
9510,treatment,12,23,575.28,0.526,1,19.7,sure_thing,0.03,0.72
9511,control,13,15,291.48,0.569,1,33.91,sure_thing,0.03,0.72
9512,control,50,8,127.03,0.273,0,0.0,persuadable,0.58,13.34
9513,treatment,41,4,103.98,0.175,0,0.0,sleeping_dog,-0.11,-4.84
9514,treatment,14,2,162.82,0.09,1,18.97,persuadable,0.58,13.34
9515,treatment,0,6,172.73,0.381,1,36.51,persuadable,0.58,13.34
9516,treatment,45,1,13.03,0.413,0,0.0,lost_cause,0.02,0.18
9517,treatment,152,1,13.62,0.213,0,0.0,lost_cause,0.02,0.18
9518,control,169,1,67.33,0.15,0,0.0,lost_cause,0.02,0.18
9519,control,198,1,84.69,0.025,0,0.0,lost_cause,0.02,0.18
9520,control,56,8,88.59,0.338,0,0.0,persuadable,0.58,13.34
9521,treatment,156,1,34.67,0.182,0,0.0,lost_cause,0.02,0.18
9522,control,120,6,52.06,0.107,0,0.0,lost_cause,0.02,0.18
9523,treatment,223,3,53.55,0.134,0,0.0,lost_cause,0.02,0.18
9524,treatment,249,4,48.18,0.13,0,0.0,lost_cause,0.02,0.18
9525,treatment,180,1,22.88,0.388,0,0.0,lost_cause,0.02,0.18
9526,treatment,170,3,45.04,0.221,1,9.4,lost_cause,0.02,0.18
9527,treatment,211,3,29.13,0.177,0,0.0,lost_cause,0.02,0.18
9528,control,155,0,23.71,0.203,0,0.0,lost_cause,0.02,0.18
9529,control,248,1,59.95,0.045,0,0.0,lost_cause,0.02,0.18
9530,treatment,47,7,164.24,0.472,1,24.76,persuadable,0.58,13.34
9531,treatment,95,8,118.36,0.059,1,17.46,persuadable,0.58,13.34
9532,treatment,73,9,86.72,0.318,1,19.71,persuadable,0.58,13.34
9533,control,156,0,29.2,0.22,0,0.0,lost_cause,0.02,0.18
9534,control,27,6,77.58,0.283,1,40.56,sleeping_dog,-0.11,-4.84
9535,control,27,2,219.14,0.322,0,0.0,persuadable,0.58,13.34
9536,treatment,29,0,30.48,0.155,0,0.0,lost_cause,0.02,0.18
9537,control,369,1,24.41,0.051,0,0.0,lost_cause,0.02,0.18
9538,treatment,28,7,141.3,0.407,0,0.0,persuadable,0.58,13.34
9539,treatment,240,3,47.63,0.236,0,0.0,lost_cause,0.02,0.18
9540,treatment,5,16,346.85,0.362,1,24.74,sure_thing,0.03,0.72
9541,control,45,3,167.06,0.459,0,0.0,persuadable,0.58,13.34
9542,treatment,45,4,197.31,0.33,1,23.54,persuadable,0.58,13.34
9543,control,80,7,159.34,0.378,0,0.0,persuadable,0.58,13.34
9544,treatment,287,3,25.87,0.0,0,0.0,lost_cause,0.02,0.18
9545,control,188,1,31.92,0.127,0,0.0,lost_cause,0.02,0.18
9546,treatment,192,0,34.95,0.088,0,0.0,lost_cause,0.02,0.18
9547,control,213,4,36.08,0.027,0,0.0,lost_cause,0.02,0.18
9548,control,0,18,558.93,0.349,1,29.83,sure_thing,0.03,0.72
9549,treatment,92,5,111.91,0.0,1,21.52,persuadable,0.58,13.34
9550,control,35,7,54.51,0.087,1,30.42,sleeping_dog,-0.11,-4.84
9551,treatment,218,2,35.12,0.091,0,0.0,lost_cause,0.02,0.18
9552,control,194,2,37.57,0.13,0,0.0,lost_cause,0.02,0.18
9553,treatment,129,5,34.69,0.222,0,0.0,lost_cause,0.02,0.18
9554,control,0,6,122.85,0.579,0,0.0,persuadable,0.58,13.34
9555,treatment,10,14,482.19,0.744,0,0.0,sure_thing,0.03,0.72
9556,treatment,261,2,12.12,0.247,0,0.0,lost_cause,0.02,0.18
9557,treatment,4,13,525.8,0.45,1,25.53,sure_thing,0.03,0.72
9558,treatment,13,20,477.38,0.553,1,22.38,sure_thing,0.03,0.72
9559,treatment,51,5,228.6,0.438,1,18.06,persuadable,0.58,13.34
9560,treatment,212,0,53.12,0.209,0,0.0,lost_cause,0.02,0.18
9561,treatment,26,20,403.54,0.736,1,26.52,sure_thing,0.03,0.72
9562,treatment,382,4,25.76,0.286,0,0.0,lost_cause,0.02,0.18
9563,control,134,1,29.79,0.0,0,0.0,lost_cause,0.02,0.18
9564,treatment,173,0,13.17,0.0,1,4.64,lost_cause,0.02,0.18
9565,control,202,3,23.24,0.172,0,0.0,lost_cause,0.02,0.18
9566,control,33,1,22.11,0.035,0,0.0,lost_cause,0.02,0.18
9567,control,21,21,317.32,0.468,1,24.31,sure_thing,0.03,0.72
9568,control,38,8,46.21,0.35,0,0.0,persuadable,0.58,13.34
9569,control,68,12,148.19,0.245,0,0.0,persuadable,0.58,13.34
9570,treatment,129,1,33.62,0.14,0,0.0,lost_cause,0.02,0.18
9571,treatment,34,5,250.86,0.0,0,0.0,sleeping_dog,-0.11,-4.84
9572,control,27,3,18.99,0.209,0,0.0,lost_cause,0.02,0.18
9573,treatment,78,4,195.25,0.442,1,20.62,persuadable,0.58,13.34
9574,control,148,4,31.39,0.309,0,0.0,lost_cause,0.02,0.18
9575,treatment,54,4,89.6,0.387,0,0.0,persuadable,0.58,13.34
9576,control,2,11,341.64,0.731,1,17.91,sure_thing,0.03,0.72
9577,control,219,0,5.0,0.22,0,0.0,lost_cause,0.02,0.18
9578,control,45,8,249.32,0.517,1,28.51,persuadable,0.58,13.34
9579,treatment,218,3,52.52,0.204,0,0.0,lost_cause,0.02,0.18
9580,control,14,22,514.01,0.62,1,24.49,sure_thing,0.03,0.72
9581,control,301,3,59.83,0.188,0,0.0,lost_cause,0.02,0.18
9582,treatment,22,11,378.41,0.637,1,17.27,sure_thing,0.03,0.72
9583,control,227,4,15.2,0.068,0,0.0,lost_cause,0.02,0.18
9584,treatment,0,22,214.94,0.323,1,22.68,sure_thing,0.03,0.72
9585,treatment,44,9,156.69,0.305,1,14.15,persuadable,0.58,13.34
9586,treatment,11,25,403.6,0.432,1,33.75,sure_thing,0.03,0.72
9587,treatment,42,12,166.92,0.218,1,27.7,persuadable,0.58,13.34
9588,control,298,2,8.03,0.102,0,0.0,lost_cause,0.02,0.18
9589,control,3,16,389.68,0.491,1,24.65,sure_thing,0.03,0.72
9590,control,255,1,54.75,0.021,1,8.64,lost_cause,0.02,0.18
9591,control,74,7,281.43,0.637,0,0.0,persuadable,0.58,13.34
9592,control,7,3,29.65,0.146,0,0.0,lost_cause,0.02,0.18
9593,control,78,10,237.66,0.566,0,0.0,persuadable,0.58,13.34
9594,control,221,0,5.0,0.171,0,0.0,lost_cause,0.02,0.18
9595,control,47,15,219.89,0.348,0,0.0,persuadable,0.58,13.34
9596,control,69,4,58.37,0.044,0,0.0,lost_cause,0.02,0.18
9597,control,17,24,272.38,0.705,1,26.7,sure_thing,0.03,0.72
9598,treatment,266,1,5.0,0.216,0,0.0,lost_cause,0.02,0.18
9599,control,58,9,189.77,0.433,0,0.0,persuadable,0.58,13.34
9600,control,322,0,49.75,0.067,0,0.0,lost_cause,0.02,0.18
9601,treatment,330,2,72.04,0.31,0,0.0,lost_cause,0.02,0.18
9602,treatment,71,5,251.88,0.31,1,22.74,persuadable,0.58,13.34
9603,treatment,17,11,471.39,0.487,1,27.91,sure_thing,0.03,0.72
9604,control,26,5,210.29,0.359,0,0.0,persuadable,0.58,13.34
9605,treatment,52,6,92.34,0.147,1,25.99,persuadable,0.58,13.34
9606,treatment,238,4,38.78,0.151,1,9.95,lost_cause,0.02,0.18
9607,control,209,3,26.66,0.072,0,0.0,lost_cause,0.02,0.18
9608,treatment,41,3,278.51,0.653,1,26.24,persuadable,0.58,13.34
9609,treatment,94,5,307.37,0.332,1,22.0,persuadable,0.58,13.34
9610,treatment,84,0,18.45,0.226,0,0.0,lost_cause,0.02,0.18
9611,treatment,17,6,164.21,0.187,1,21.78,persuadable,0.58,13.34
9612,treatment,275,4,5.0,0.296,0,0.0,lost_cause,0.02,0.18
9613,control,24,7,182.83,0.458,0,0.0,persuadable,0.58,13.34
9614,control,8,21,517.69,0.5,1,24.64,sure_thing,0.03,0.72
9615,treatment,228,3,36.97,0.171,0,0.0,lost_cause,0.02,0.18
9616,treatment,183,2,24.36,0.146,0,0.0,lost_cause,0.02,0.18
9617,control,89,2,11.21,0.046,0,0.0,lost_cause,0.02,0.18
9618,treatment,17,9,350.91,0.637,0,0.0,sure_thing,0.03,0.72
9619,treatment,10,18,485.39,0.893,1,28.66,sure_thing,0.03,0.72
9620,control,84,4,43.25,0.047,0,0.0,lost_cause,0.02,0.18
9621,control,163,3,32.43,0.005,0,0.0,lost_cause,0.02,0.18
9622,treatment,12,15,460.38,0.664,0,0.0,sure_thing,0.03,0.72
9623,control,281,2,20.6,0.122,0,0.0,lost_cause,0.02,0.18
9624,treatment,205,2,44.63,0.332,0,0.0,lost_cause,0.02,0.18
9625,control,128,2,5.0,0.122,0,0.0,lost_cause,0.02,0.18
9626,treatment,278,2,35.5,0.0,0,0.0,lost_cause,0.02,0.18
9627,treatment,76,12,156.48,0.413,1,18.61,persuadable,0.58,13.34
9628,control,304,2,19.42,0.177,0,0.0,lost_cause,0.02,0.18
9629,treatment,11,16,520.25,0.624,1,30.27,sure_thing,0.03,0.72
9630,treatment,229,2,25.18,0.148,0,0.0,lost_cause,0.02,0.18
9631,control,11,17,551.53,0.562,1,16.48,sure_thing,0.03,0.72
9632,control,51,6,300.76,0.213,0,0.0,sleeping_dog,-0.11,-4.84
9633,treatment,110,5,43.38,0.362,0,0.0,persuadable,0.58,13.34
9634,treatment,41,2,160.15,0.592,1,22.74,persuadable,0.58,13.34
9635,control,186,4,19.29,0.254,0,0.0,lost_cause,0.02,0.18
9636,treatment,9,17,377.99,0.393,0,0.0,sure_thing,0.03,0.72
9637,treatment,38,7,131.25,0.131,1,27.38,persuadable,0.58,13.34
9638,treatment,231,0,49.72,0.205,0,0.0,lost_cause,0.02,0.18
9639,treatment,23,16,391.94,0.65,1,19.5,sure_thing,0.03,0.72
9640,control,8,12,98.17,0.44,0,0.0,persuadable,0.58,13.34
9641,control,195,0,58.81,0.0,0,0.0,lost_cause,0.02,0.18
9642,control,6,20,478.74,0.419,1,22.07,sure_thing,0.03,0.72
9643,control,257,1,8.46,0.167,0,0.0,lost_cause,0.02,0.18
9644,control,13,18,575.0,0.209,1,20.27,sure_thing,0.03,0.72
9645,treatment,109,3,45.31,0.162,0,0.0,lost_cause,0.02,0.18
9646,treatment,318,1,41.58,0.059,0,0.0,lost_cause,0.02,0.18
9647,treatment,212,2,32.45,0.276,1,11.67,lost_cause,0.02,0.18
9648,control,67,8,161.1,0.368,0,0.0,persuadable,0.58,13.34
9649,treatment,400,3,55.94,0.154,0,0.0,lost_cause,0.02,0.18
9650,control,51,4,96.54,0.151,1,56.0,sleeping_dog,-0.11,-4.84
9651,treatment,52,6,65.38,0.367,1,26.32,persuadable,0.58,13.34
9652,control,55,6,193.73,0.507,0,0.0,persuadable,0.58,13.34
9653,treatment,13,17,540.62,0.523,1,24.66,sure_thing,0.03,0.72
9654,control,18,3,68.62,0.093,0,0.0,lost_cause,0.02,0.18
9655,control,129,3,5.0,0.131,0,0.0,lost_cause,0.02,0.18
9656,treatment,71,3,35.65,0.22,0,0.0,lost_cause,0.02,0.18
9657,treatment,210,3,44.33,0.271,0,0.0,lost_cause,0.02,0.18
9658,control,19,15,471.92,0.712,1,19.52,sure_thing,0.03,0.72
9659,control,29,14,310.48,0.304,0,0.0,persuadable,0.58,13.34
9660,treatment,10,7,484.34,0.476,0,0.0,sure_thing,0.03,0.72
9661,control,243,1,29.45,0.199,0,0.0,lost_cause,0.02,0.18
9662,treatment,78,5,160.99,0.376,0,0.0,persuadable,0.58,13.34
9663,control,0,7,142.28,0.096,0,0.0,sleeping_dog,-0.11,-4.84
9664,treatment,18,14,394.31,0.607,1,24.48,sure_thing,0.03,0.72
9665,control,154,1,7.98,0.152,0,0.0,lost_cause,0.02,0.18
9666,control,67,6,278.26,0.438,0,0.0,persuadable,0.58,13.34
9667,control,15,25,477.3,0.648,1,22.54,sure_thing,0.03,0.72
9668,treatment,121,3,51.51,0.55,1,21.73,persuadable,0.58,13.34
9669,treatment,13,8,487.53,0.725,1,17.73,sure_thing,0.03,0.72
9670,treatment,52,8,113.04,0.5,1,24.12,persuadable,0.58,13.34
9671,control,223,2,28.87,0.204,0,0.0,lost_cause,0.02,0.18
9672,treatment,26,15,398.62,0.605,1,25.94,sure_thing,0.03,0.72
9673,control,17,15,528.91,0.521,1,31.38,sure_thing,0.03,0.72
9674,treatment,30,9,204.48,0.32,1,21.11,persuadable,0.58,13.34
9675,treatment,225,0,5.0,0.049,0,0.0,lost_cause,0.02,0.18
9676,control,16,19,491.27,0.658,1,20.25,sure_thing,0.03,0.72
9677,control,136,1,33.55,0.133,0,0.0,lost_cause,0.02,0.18
9678,control,89,7,199.27,0.601,0,0.0,persuadable,0.58,13.34
9679,treatment,203,0,47.82,0.1,0,0.0,lost_cause,0.02,0.18
9680,treatment,102,1,66.58,0.103,0,0.0,lost_cause,0.02,0.18
9681,treatment,47,4,181.54,0.149,1,48.08,sleeping_dog,-0.11,-4.84
9682,treatment,138,6,228.43,0.351,1,22.18,persuadable,0.58,13.34
9683,control,166,0,21.67,0.357,0,0.0,lost_cause,0.02,0.18
9684,treatment,154,0,40.83,0.223,0,0.0,lost_cause,0.02,0.18
9685,control,143,4,37.08,0.149,0,0.0,lost_cause,0.02,0.18
9686,control,108,0,30.56,0.0,0,0.0,lost_cause,0.02,0.18
9687,control,236,3,57.1,0.245,0,0.0,lost_cause,0.02,0.18
9688,control,35,4,154.11,0.205,0,0.0,sleeping_dog,-0.11,-4.84
9689,control,203,3,20.06,0.16,0,0.0,lost_cause,0.02,0.18
9690,control,42,9,143.25,0.782,0,0.0,persuadable,0.58,13.34
9691,treatment,90,7,98.64,0.369,0,0.0,persuadable,0.58,13.34
9692,control,36,4,170.63,0.494,0,0.0,persuadable,0.58,13.34
9693,control,368,3,42.18,0.089,0,0.0,lost_cause,0.02,0.18
9694,control,15,1,61.67,0.091,0,0.0,lost_cause,0.02,0.18
9695,treatment,18,17,558.47,0.536,1,19.71,sure_thing,0.03,0.72
9696,treatment,54,6,216.95,0.088,0,0.0,sleeping_dog,-0.11,-4.84
9697,treatment,196,2,45.08,0.177,0,0.0,lost_cause,0.02,0.18
9698,treatment,213,2,5.0,0.0,0,0.0,lost_cause,0.02,0.18
9699,treatment,9,24,490.12,0.673,1,28.77,sure_thing,0.03,0.72
9700,treatment,255,2,29.01,0.033,0,0.0,lost_cause,0.02,0.18
9701,treatment,228,2,47.39,0.204,0,0.0,lost_cause,0.02,0.18
9702,control,47,10,118.62,0.422,0,0.0,persuadable,0.58,13.34
9703,treatment,400,3,33.56,0.09,1,5.75,lost_cause,0.02,0.18
9704,treatment,138,2,22.6,0.081,0,0.0,lost_cause,0.02,0.18
9705,treatment,18,21,167.17,0.609,1,24.16,sure_thing,0.03,0.72
9706,control,58,1,23.83,0.054,0,0.0,lost_cause,0.02,0.18
9707,control,256,1,17.68,0.296,0,0.0,lost_cause,0.02,0.18
9708,control,42,5,148.86,0.094,1,30.64,sleeping_dog,-0.11,-4.84
9709,control,28,9,113.8,0.284,0,0.0,persuadable,0.58,13.34
9710,treatment,94,12,193.56,0.287,1,19.83,persuadable,0.58,13.34
9711,treatment,5,15,498.16,0.664,1,22.8,sure_thing,0.03,0.72
9712,treatment,0,11,567.62,0.464,1,25.13,sure_thing,0.03,0.72
9713,treatment,130,0,52.66,0.077,0,0.0,lost_cause,0.02,0.18
9714,treatment,219,2,22.38,0.164,1,3.0,lost_cause,0.02,0.18
9715,treatment,179,3,46.39,0.223,0,0.0,lost_cause,0.02,0.18
9716,control,15,21,345.02,0.649,0,0.0,sure_thing,0.03,0.72
9717,control,393,1,44.8,0.099,0,0.0,lost_cause,0.02,0.18
9718,treatment,116,3,57.34,0.069,0,0.0,lost_cause,0.02,0.18
9719,treatment,350,4,70.71,0.368,0,0.0,lost_cause,0.02,0.18
9720,treatment,0,22,497.58,0.655,1,21.63,sure_thing,0.03,0.72
9721,treatment,246,1,25.41,0.21,0,0.0,lost_cause,0.02,0.18
9722,treatment,223,4,9.96,0.236,0,0.0,lost_cause,0.02,0.18
9723,control,217,2,34.05,0.093,0,0.0,lost_cause,0.02,0.18
9724,control,67,13,164.11,0.55,0,0.0,persuadable,0.58,13.34
9725,control,20,25,468.37,0.527,0,0.0,sure_thing,0.03,0.72
9726,treatment,9,24,386.19,0.401,1,21.94,sure_thing,0.03,0.72
9727,treatment,113,1,65.73,0.428,0,0.0,lost_cause,0.02,0.18
9728,treatment,34,19,509.52,0.322,1,14.39,sure_thing,0.03,0.72
9729,treatment,210,1,45.66,0.219,0,0.0,lost_cause,0.02,0.18
9730,control,218,2,30.85,0.048,0,0.0,lost_cause,0.02,0.18
9731,treatment,13,20,340.26,0.321,1,23.28,sure_thing,0.03,0.72
9732,control,174,2,68.62,0.0,0,0.0,lost_cause,0.02,0.18
9733,treatment,9,15,294.76,0.637,1,30.73,sure_thing,0.03,0.72
9734,treatment,94,3,37.4,0.267,0,0.0,lost_cause,0.02,0.18
9735,treatment,157,0,33.81,0.038,0,0.0,lost_cause,0.02,0.18
9736,control,184,4,77.25,0.28,1,12.0,lost_cause,0.02,0.18
9737,treatment,12,17,455.8,0.56,1,26.38,sure_thing,0.03,0.72
9738,control,81,11,191.35,0.319,0,0.0,persuadable,0.58,13.34
9739,control,190,4,20.2,0.0,0,0.0,lost_cause,0.02,0.18
9740,treatment,0,27,256.14,0.584,1,11.59,sure_thing,0.03,0.72
9741,control,77,0,32.38,0.094,0,0.0,lost_cause,0.02,0.18
9742,treatment,219,1,55.28,0.3,0,0.0,lost_cause,0.02,0.18
9743,control,109,8,120.8,0.413,1,20.7,persuadable,0.58,13.34
9744,control,27,18,385.29,0.676,1,25.66,sure_thing,0.03,0.72
9745,treatment,309,5,32.15,0.108,0,0.0,lost_cause,0.02,0.18
9746,control,0,11,401.45,0.531,1,20.58,sure_thing,0.03,0.72
9747,control,22,6,166.28,0.28,0,0.0,sleeping_dog,-0.11,-4.84
9748,control,0,12,131.54,0.621,0,0.0,persuadable,0.58,13.34
9749,treatment,192,3,35.06,0.218,0,0.0,lost_cause,0.02,0.18
9750,treatment,7,17,454.9,0.43,0,0.0,sure_thing,0.03,0.72
9751,treatment,0,18,195.84,0.674,1,18.67,sure_thing,0.03,0.72
9752,treatment,336,2,37.86,0.142,1,3.62,lost_cause,0.02,0.18
9753,treatment,0,4,198.33,0.003,1,49.71,sleeping_dog,-0.11,-4.84
9754,control,231,1,23.82,0.262,0,0.0,lost_cause,0.02,0.18
9755,control,166,2,23.72,0.159,0,0.0,lost_cause,0.02,0.18
9756,treatment,115,3,64.2,0.148,0,0.0,lost_cause,0.02,0.18
9757,treatment,51,7,145.51,0.109,0,0.0,sleeping_dog,-0.11,-4.84
9758,control,0,5,174.92,0.402,0,0.0,persuadable,0.58,13.34
9759,control,14,15,330.62,0.242,0,0.0,sure_thing,0.03,0.72
9760,control,4,12,378.95,0.326,1,24.87,sure_thing,0.03,0.72
9761,control,0,24,231.09,0.705,1,24.19,sure_thing,0.03,0.72
9762,control,96,2,38.86,0.258,0,0.0,lost_cause,0.02,0.18
9763,control,39,6,255.87,0.353,1,31.17,persuadable,0.58,13.34
9764,control,6,16,443.69,0.382,1,26.69,sure_thing,0.03,0.72
9765,treatment,43,7,84.0,0.186,1,26.06,persuadable,0.58,13.34
9766,treatment,12,17,483.15,0.407,1,23.13,sure_thing,0.03,0.72
9767,control,21,23,429.35,0.505,1,17.82,sure_thing,0.03,0.72
9768,control,2,20,425.16,0.451,1,26.38,sure_thing,0.03,0.72
9769,control,53,2,241.16,0.506,1,21.52,persuadable,0.58,13.34
9770,control,109,4,180.39,0.708,0,0.0,persuadable,0.58,13.34
9771,treatment,23,12,406.88,0.56,1,19.06,sure_thing,0.03,0.72
9772,control,141,3,5.0,0.124,0,0.0,lost_cause,0.02,0.18
9773,treatment,189,1,37.72,0.195,0,0.0,lost_cause,0.02,0.18
9774,control,109,0,16.37,0.41,0,0.0,lost_cause,0.02,0.18
9775,treatment,68,2,234.86,0.409,1,25.75,persuadable,0.58,13.34
9776,treatment,11,13,422.18,0.528,0,0.0,sure_thing,0.03,0.72
9777,control,181,2,17.85,0.141,0,0.0,lost_cause,0.02,0.18
9778,control,24,23,348.63,0.062,1,28.59,sure_thing,0.03,0.72
9779,control,56,11,210.32,0.243,0,0.0,persuadable,0.58,13.34
9780,treatment,42,6,142.87,0.617,1,22.98,persuadable,0.58,13.34
9781,treatment,45,3,213.69,0.173,0,0.0,sleeping_dog,-0.11,-4.84
9782,treatment,16,10,197.33,0.469,0,0.0,persuadable,0.58,13.34
9783,treatment,363,1,66.41,0.273,1,14.91,lost_cause,0.02,0.18
9784,treatment,14,16,380.15,0.714,1,14.41,sure_thing,0.03,0.72
9785,control,14,8,239.21,0.343,0,0.0,persuadable,0.58,13.34
9786,control,12,25,314.72,0.608,0,0.0,sure_thing,0.03,0.72
9787,treatment,31,4,50.69,0.097,0,0.0,lost_cause,0.02,0.18
9788,treatment,230,2,41.09,0.068,0,0.0,lost_cause,0.02,0.18
9789,treatment,75,10,162.04,0.532,1,23.67,persuadable,0.58,13.34
9790,control,24,12,196.46,0.721,0,0.0,persuadable,0.58,13.34
9791,control,62,8,149.87,0.261,0,0.0,persuadable,0.58,13.34
9792,treatment,219,3,34.42,0.133,1,10.42,lost_cause,0.02,0.18
9793,treatment,240,0,10.93,0.253,0,0.0,lost_cause,0.02,0.18
9794,control,91,10,140.65,0.045,0,0.0,persuadable,0.58,13.34
9795,treatment,26,32,614.7,0.555,1,17.38,sure_thing,0.03,0.72
9796,control,6,13,601.44,0.341,1,33.74,sure_thing,0.03,0.72
9797,control,235,3,27.48,0.27,1,7.2,lost_cause,0.02,0.18
9798,treatment,205,0,43.31,0.211,1,5.89,lost_cause,0.02,0.18
9799,treatment,64,7,51.77,0.155,1,23.91,persuadable,0.58,13.34
9800,control,27,5,177.35,0.468,1,25.23,persuadable,0.58,13.34
9801,treatment,175,3,45.46,0.113,0,0.0,lost_cause,0.02,0.18
9802,treatment,90,10,170.65,0.457,1,15.52,persuadable,0.58,13.34
9803,treatment,186,2,5.0,0.208,0,0.0,lost_cause,0.02,0.18
9804,treatment,9,18,519.24,0.753,0,0.0,sure_thing,0.03,0.72
9805,treatment,125,3,23.93,0.146,0,0.0,lost_cause,0.02,0.18
9806,control,21,13,380.99,0.523,0,0.0,sure_thing,0.03,0.72
9807,treatment,143,4,25.27,0.338,0,0.0,lost_cause,0.02,0.18
9808,control,214,4,43.57,0.221,0,0.0,lost_cause,0.02,0.18
9809,control,8,24,287.01,0.809,1,23.91,sure_thing,0.03,0.72
9810,treatment,13,18,206.37,0.895,1,24.65,sure_thing,0.03,0.72
9811,treatment,213,1,15.69,0.175,0,0.0,lost_cause,0.02,0.18
9812,treatment,0,34,403.59,0.773,1,22.85,sure_thing,0.03,0.72
9813,control,222,0,31.23,0.152,0,0.0,lost_cause,0.02,0.18
9814,treatment,48,5,266.78,0.11,0,0.0,sleeping_dog,-0.11,-4.84
9815,treatment,142,2,5.0,0.109,0,0.0,lost_cause,0.02,0.18
9816,treatment,98,2,11.2,0.159,0,0.0,lost_cause,0.02,0.18
9817,control,397,2,36.17,0.343,0,0.0,lost_cause,0.02,0.18
9818,treatment,25,23,495.87,0.856,1,26.49,sure_thing,0.03,0.72
9819,treatment,252,1,40.49,0.016,0,0.0,lost_cause,0.02,0.18
9820,treatment,21,19,380.76,0.487,1,9.3,sure_thing,0.03,0.72
9821,treatment,287,0,36.05,0.203,0,0.0,lost_cause,0.02,0.18
9822,treatment,229,2,28.35,0.213,0,0.0,lost_cause,0.02,0.18
9823,control,9,12,610.96,0.124,1,23.0,sure_thing,0.03,0.72
9824,control,37,5,150.89,0.142,1,48.64,sleeping_dog,-0.11,-4.84
9825,control,50,5,169.53,0.0,0,0.0,persuadable,0.58,13.34
9826,treatment,33,20,594.18,0.542,1,28.82,sure_thing,0.03,0.72
9827,treatment,274,4,5.0,0.027,0,0.0,lost_cause,0.02,0.18
9828,control,298,1,20.9,0.235,0,0.0,lost_cause,0.02,0.18
9829,control,25,20,518.43,0.759,1,23.92,sure_thing,0.03,0.72
9830,control,0,11,467.07,0.646,1,27.43,sure_thing,0.03,0.72
9831,control,16,15,200.01,0.341,1,25.09,sure_thing,0.03,0.72
9832,treatment,6,6,137.21,0.199,1,29.49,persuadable,0.58,13.34
9833,control,23,25,269.99,0.714,1,31.17,sure_thing,0.03,0.72
9834,control,40,5,164.21,0.34,1,17.27,persuadable,0.58,13.34
9835,control,331,3,28.24,0.224,0,0.0,lost_cause,0.02,0.18
9836,treatment,203,3,26.74,0.0,0,0.0,lost_cause,0.02,0.18
9837,treatment,72,9,160.73,0.059,1,24.16,persuadable,0.58,13.34
9838,treatment,13,22,446.65,0.575,1,27.97,sure_thing,0.03,0.72
9839,treatment,0,6,244.18,0.163,1,40.6,sleeping_dog,-0.11,-4.84
9840,treatment,256,1,24.11,0.257,0,0.0,lost_cause,0.02,0.18
9841,treatment,5,6,225.97,0.517,0,0.0,persuadable,0.58,13.34
9842,treatment,285,0,46.88,0.123,0,0.0,lost_cause,0.02,0.18
9843,treatment,54,4,215.15,0.412,1,27.84,persuadable,0.58,13.34
9844,treatment,28,13,362.03,0.6,1,23.88,sure_thing,0.03,0.72
9845,treatment,69,3,22.66,0.101,0,0.0,lost_cause,0.02,0.18
9846,control,209,0,29.87,0.063,0,0.0,lost_cause,0.02,0.18
9847,treatment,28,19,500.59,0.5,1,25.0,sure_thing,0.03,0.72
9848,control,0,21,417.18,0.572,0,0.0,sure_thing,0.03,0.72
9849,treatment,4,17,392.67,0.378,1,25.95,sure_thing,0.03,0.72
9850,control,242,2,38.44,0.157,0,0.0,lost_cause,0.02,0.18
9851,control,57,4,251.86,0.198,1,46.75,sleeping_dog,-0.11,-4.84
9852,treatment,127,0,48.18,0.271,0,0.0,lost_cause,0.02,0.18
9853,control,61,5,126.17,0.287,0,0.0,persuadable,0.58,13.34
9854,treatment,40,11,171.49,0.165,1,25.05,persuadable,0.58,13.34
9855,treatment,18,6,280.27,0.258,0,0.0,sleeping_dog,-0.11,-4.84
9856,control,155,1,53.52,0.087,0,0.0,lost_cause,0.02,0.18
9857,control,81,5,160.5,0.317,0,0.0,persuadable,0.58,13.34
9858,control,21,26,477.11,0.438,1,26.43,sure_thing,0.03,0.72
9859,treatment,26,17,566.34,0.73,1,29.54,sure_thing,0.03,0.72
9860,control,311,3,6.75,0.291,0,0.0,lost_cause,0.02,0.18
9861,treatment,248,0,53.81,0.367,0,0.0,lost_cause,0.02,0.18
9862,treatment,10,9,395.81,0.758,1,29.15,sure_thing,0.03,0.72
9863,treatment,70,6,202.55,0.313,1,23.47,persuadable,0.58,13.34
9864,control,204,0,40.72,0.271,0,0.0,lost_cause,0.02,0.18
9865,treatment,38,4,108.68,0.123,1,33.33,sleeping_dog,-0.11,-4.84
9866,control,39,8,174.5,0.436,0,0.0,persuadable,0.58,13.34
9867,treatment,161,1,44.58,0.07,0,0.0,lost_cause,0.02,0.18
9868,control,8,5,155.99,0.066,1,41.53,sleeping_dog,-0.11,-4.84
9869,control,225,1,47.33,0.2,0,0.0,lost_cause,0.02,0.18
9870,control,400,2,18.32,0.104,0,0.0,lost_cause,0.02,0.18
9871,control,0,23,562.57,0.412,1,34.96,sure_thing,0.03,0.72
9872,control,18,3,199.64,0.05,1,29.59,sleeping_dog,-0.11,-4.84
9873,treatment,221,2,34.14,0.006,0,0.0,lost_cause,0.02,0.18
9874,control,120,2,72.74,0.176,0,0.0,lost_cause,0.02,0.18
9875,control,61,2,77.36,0.0,0,0.0,lost_cause,0.02,0.18
9876,treatment,306,2,5.0,0.155,0,0.0,lost_cause,0.02,0.18
9877,control,255,4,5.0,0.035,0,0.0,lost_cause,0.02,0.18
9878,control,3,17,167.54,0.443,1,32.86,sure_thing,0.03,0.72
9879,control,30,9,580.03,0.625,1,21.02,sure_thing,0.03,0.72
9880,treatment,125,0,68.55,0.0,0,0.0,lost_cause,0.02,0.18
9881,treatment,335,2,19.79,0.111,0,0.0,lost_cause,0.02,0.18
9882,control,325,2,25.89,0.083,0,0.0,lost_cause,0.02,0.18
9883,treatment,2,6,5.0,0.13,0,0.0,sleeping_dog,-0.11,-4.84
9884,control,141,3,48.01,0.275,0,0.0,lost_cause,0.02,0.18
9885,treatment,13,18,503.48,0.57,1,25.54,sure_thing,0.03,0.72
9886,control,10,25,422.39,0.859,1,33.68,sure_thing,0.03,0.72
9887,control,60,9,156.35,0.271,0,0.0,persuadable,0.58,13.34
9888,control,0,20,691.72,0.533,1,23.56,sure_thing,0.03,0.72
9889,control,48,4,194.07,0.119,1,54.1,sleeping_dog,-0.11,-4.84
9890,control,0,23,382.28,0.315,1,25.06,sure_thing,0.03,0.72
9891,treatment,144,0,43.97,0.271,0,0.0,lost_cause,0.02,0.18
9892,treatment,246,1,10.85,0.366,0,0.0,lost_cause,0.02,0.18
9893,control,95,5,144.48,0.503,1,24.31,persuadable,0.58,13.34
9894,control,207,3,46.91,0.172,0,0.0,lost_cause,0.02,0.18
9895,control,44,8,117.39,0.439,1,21.16,persuadable,0.58,13.34
9896,treatment,254,2,40.33,0.115,0,0.0,lost_cause,0.02,0.18
9897,control,2,3,122.13,0.086,1,47.54,sleeping_dog,-0.11,-4.84
9898,treatment,307,4,5.0,0.153,1,9.1,lost_cause,0.02,0.18
9899,treatment,89,6,242.16,0.155,1,14.55,persuadable,0.58,13.34
9900,treatment,156,0,20.8,0.262,0,0.0,lost_cause,0.02,0.18
9901,control,235,5,43.65,0.147,0,0.0,lost_cause,0.02,0.18
9902,control,22,14,521.5,0.401,1,15.87,sure_thing,0.03,0.72
9903,control,92,3,53.04,0.28,0,0.0,lost_cause,0.02,0.18
9904,treatment,267,1,18.18,0.121,0,0.0,lost_cause,0.02,0.18
9905,treatment,55,4,150.23,0.359,1,27.42,persuadable,0.58,13.34
9906,treatment,4,21,435.73,0.78,1,17.21,sure_thing,0.03,0.72
9907,control,306,1,40.16,0.098,0,0.0,lost_cause,0.02,0.18
9908,control,0,0,32.47,0.284,0,0.0,lost_cause,0.02,0.18
9909,treatment,101,1,11.44,0.227,0,0.0,lost_cause,0.02,0.18
9910,treatment,240,2,44.68,0.214,1,14.46,lost_cause,0.02,0.18
9911,treatment,26,18,452.92,0.569,1,22.95,sure_thing,0.03,0.72
9912,control,64,1,28.72,0.146,0,0.0,lost_cause,0.02,0.18
9913,control,212,3,32.73,0.125,1,10.08,lost_cause,0.02,0.18
9914,control,261,1,5.36,0.174,0,0.0,lost_cause,0.02,0.18
9915,control,75,1,163.4,0.425,0,0.0,persuadable,0.58,13.34
9916,treatment,55,6,120.0,0.505,1,22.65,persuadable,0.58,13.34
9917,treatment,29,5,124.86,0.057,1,42.06,sleeping_dog,-0.11,-4.84
9918,treatment,220,3,8.36,0.053,0,0.0,lost_cause,0.02,0.18
9919,control,272,1,39.08,0.123,0,0.0,lost_cause,0.02,0.18
9920,control,50,5,165.46,0.449,0,0.0,persuadable,0.58,13.34
9921,control,15,20,486.51,0.567,1,21.26,sure_thing,0.03,0.72
9922,control,201,2,25.54,0.054,0,0.0,lost_cause,0.02,0.18
9923,control,306,1,61.73,0.184,0,0.0,lost_cause,0.02,0.18
9924,control,101,4,182.9,0.124,0,0.0,persuadable,0.58,13.34
9925,control,30,6,191.84,0.232,0,0.0,persuadable,0.58,13.34
9926,control,14,5,163.62,0.225,0,0.0,sleeping_dog,-0.11,-4.84
9927,control,13,16,369.39,0.427,1,26.86,sure_thing,0.03,0.72
9928,treatment,182,4,50.89,0.047,0,0.0,lost_cause,0.02,0.18
9929,control,21,21,451.87,0.484,1,17.76,sure_thing,0.03,0.72
9930,treatment,165,2,46.07,0.0,0,0.0,lost_cause,0.02,0.18
9931,control,124,2,37.29,0.101,0,0.0,lost_cause,0.02,0.18
9932,treatment,48,5,43.75,0.055,0,0.0,lost_cause,0.02,0.18
9933,control,196,2,32.17,0.088,0,0.0,lost_cause,0.02,0.18
9934,treatment,211,1,38.44,0.012,0,0.0,lost_cause,0.02,0.18
9935,treatment,190,2,65.45,0.415,0,0.0,lost_cause,0.02,0.18
9936,control,9,25,306.42,0.631,0,0.0,sure_thing,0.03,0.72
9937,control,16,28,371.41,0.527,1,22.71,sure_thing,0.03,0.72
9938,control,120,1,73.1,0.142,0,0.0,lost_cause,0.02,0.18
9939,control,11,7,168.51,0.483,1,24.57,persuadable,0.58,13.34
9940,control,27,1,276.54,0.14,0,0.0,persuadable,0.58,13.34
9941,control,39,7,150.99,0.129,0,0.0,sleeping_dog,-0.11,-4.84
9942,control,170,3,71.28,0.323,0,0.0,lost_cause,0.02,0.18
9943,control,94,7,117.84,0.497,0,0.0,persuadable,0.58,13.34
9944,control,32,16,251.79,0.635,1,26.69,sure_thing,0.03,0.72
9945,control,15,3,116.33,0.443,1,31.5,persuadable,0.58,13.34
9946,control,71,9,92.86,0.296,0,0.0,persuadable,0.58,13.34
9947,control,296,5,21.61,0.197,0,0.0,lost_cause,0.02,0.18
9948,treatment,82,3,115.19,0.463,1,22.46,persuadable,0.58,13.34
9949,treatment,42,11,241.28,0.409,0,0.0,persuadable,0.58,13.34
9950,treatment,21,20,648.2,0.424,1,31.11,sure_thing,0.03,0.72
9951,control,225,5,12.5,0.142,0,0.0,lost_cause,0.02,0.18
9952,control,0,16,298.37,0.597,1,23.27,sure_thing,0.03,0.72
9953,control,317,2,29.62,0.032,0,0.0,lost_cause,0.02,0.18
9954,control,45,14,176.62,0.499,0,0.0,persuadable,0.58,13.34
9955,treatment,11,20,399.51,0.755,1,24.04,sure_thing,0.03,0.72
9956,treatment,0,13,415.61,0.7,0,0.0,sure_thing,0.03,0.72
9957,control,53,8,160.67,0.433,1,22.83,persuadable,0.58,13.34
9958,control,247,2,50.3,0.244,0,0.0,lost_cause,0.02,0.18
9959,treatment,169,4,42.21,0.195,0,0.0,lost_cause,0.02,0.18
9960,treatment,400,3,40.08,0.169,0,0.0,lost_cause,0.02,0.18
9961,treatment,126,0,66.21,0.154,0,0.0,lost_cause,0.02,0.18
9962,treatment,13,6,14.43,0.474,0,0.0,persuadable,0.58,13.34
9963,control,59,1,15.22,0.051,0,0.0,lost_cause,0.02,0.18
9964,treatment,151,1,51.11,0.041,0,0.0,lost_cause,0.02,0.18
9965,treatment,6,22,687.06,0.534,1,26.9,sure_thing,0.03,0.72
9966,treatment,230,1,32.1,0.163,0,0.0,lost_cause,0.02,0.18
9967,control,57,6,105.41,0.247,0,0.0,persuadable,0.58,13.34
9968,treatment,26,11,80.59,0.286,1,21.35,persuadable,0.58,13.34
9969,treatment,279,2,28.2,0.203,0,0.0,lost_cause,0.02,0.18
9970,control,25,27,390.26,0.507,1,19.34,sure_thing,0.03,0.72
9971,treatment,52,9,31.18,0.493,1,14.18,persuadable,0.58,13.34
9972,treatment,26,6,189.25,0.097,0,0.0,sleeping_dog,-0.11,-4.84
9973,control,28,16,461.51,0.423,1,25.5,sure_thing,0.03,0.72
9974,treatment,232,3,48.7,0.324,0,0.0,lost_cause,0.02,0.18
9975,control,158,0,17.61,0.0,1,11.74,lost_cause,0.02,0.18
9976,control,13,22,519.12,0.618,0,0.0,sure_thing,0.03,0.72
9977,treatment,6,21,515.26,0.41,1,15.79,sure_thing,0.03,0.72
9978,treatment,27,20,384.84,0.711,1,23.05,sure_thing,0.03,0.72
9979,treatment,336,3,36.94,0.197,0,0.0,lost_cause,0.02,0.18
9980,treatment,89,14,169.33,0.355,1,28.37,persuadable,0.58,13.34
9981,control,10,21,441.12,0.674,0,0.0,sure_thing,0.03,0.72
9982,control,242,2,18.36,0.143,0,0.0,lost_cause,0.02,0.18
9983,control,227,3,13.69,0.069,0,0.0,lost_cause,0.02,0.18
9984,control,166,5,57.83,0.123,0,0.0,lost_cause,0.02,0.18
9985,control,49,6,47.66,0.248,0,0.0,persuadable,0.58,13.34
9986,control,363,1,27.04,0.217,0,0.0,lost_cause,0.02,0.18
9987,control,72,5,220.58,0.432,0,0.0,persuadable,0.58,13.34
9988,treatment,324,0,65.31,0.11,0,0.0,lost_cause,0.02,0.18
9989,treatment,133,1,15.41,0.134,1,13.77,lost_cause,0.02,0.18
9990,treatment,98,7,236.59,0.284,1,20.9,persuadable,0.58,13.34
9991,treatment,320,2,25.95,0.118,0,0.0,lost_cause,0.02,0.18
9992,control,46,3,203.44,0.0,0,0.0,sleeping_dog,-0.11,-4.84
9993,control,9,17,343.22,0.669,0,0.0,sure_thing,0.03,0.72
9994,control,44,5,122.68,0.029,1,56.81,sleeping_dog,-0.11,-4.84
9995,treatment,235,1,27.55,0.137,0,0.0,lost_cause,0.02,0.18
9996,control,188,2,42.62,0.422,0,0.0,lost_cause,0.02,0.18
9997,control,316,0,5.0,0.386,0,0.0,lost_cause,0.02,0.18
9998,treatment,49,5,124.75,0.593,1,27.73,persuadable,0.58,13.34
9999,control,12,20,464.28,0.865,1,20.36,sure_thing,0.03,0.72
10000,treatment,82,12,163.87,0.318,1,21.87,persuadable,0.58,13.34
10001,treatment,17,22,486.64,0.852,0,0.0,sure_thing,0.03,0.72
10002,treatment,7,4,116.29,0.125,1,54.49,sleeping_dog,-0.11,-4.84
10003,control,59,6,164.66,0.468,0,0.0,persuadable,0.58,13.34
10004,control,3,17,333.16,0.736,1,25.19,sure_thing,0.03,0.72
10005,treatment,154,3,23.14,0.269,0,0.0,lost_cause,0.02,0.18
10006,treatment,220,4,5.0,0.0,0,0.0,lost_cause,0.02,0.18
10007,control,324,3,8.94,0.343,0,0.0,lost_cause,0.02,0.18
10008,treatment,230,1,35.15,0.121,0,0.0,lost_cause,0.02,0.18
10009,control,53,9,112.2,0.356,0,0.0,persuadable,0.58,13.34
10010,treatment,43,5,202.7,0.529,1,16.86,persuadable,0.58,13.34
10011,control,94,4,50.21,0.334,0,0.0,persuadable,0.58,13.34
10012,control,88,2,35.24,0.184,0,0.0,lost_cause,0.02,0.18
10013,control,153,3,63.46,0.1,0,0.0,lost_cause,0.02,0.18
10014,treatment,12,24,683.22,0.562,1,33.87,sure_thing,0.03,0.72
10015,treatment,22,9,168.91,0.474,1,26.26,persuadable,0.58,13.34
10016,control,93,1,228.72,0.444,0,0.0,persuadable,0.58,13.34
10017,treatment,37,5,103.42,0.388,0,0.0,persuadable,0.58,13.34
10018,control,233,0,68.83,0.202,0,0.0,lost_cause,0.02,0.18
10019,control,148,2,41.23,0.043,1,14.67,lost_cause,0.02,0.18
10020,control,214,1,32.65,0.263,1,11.67,lost_cause,0.02,0.18
10021,control,275,4,59.08,0.21,1,10.55,lost_cause,0.02,0.18
10022,treatment,161,3,36.01,0.099,0,0.0,lost_cause,0.02,0.18
10023,control,11,21,495.55,0.422,1,18.4,sure_thing,0.03,0.72
10024,control,27,18,542.34,0.657,1,29.46,sure_thing,0.03,0.72
10025,control,17,20,415.28,0.504,1,20.31,sure_thing,0.03,0.72
10026,treatment,87,8,153.06,0.35,1,18.44,persuadable,0.58,13.34
10027,control,6,23,401.94,0.468,1,24.06,sure_thing,0.03,0.72
10028,control,77,9,70.45,0.202,0,0.0,persuadable,0.58,13.34
10029,control,54,1,119.13,0.3,0,0.0,persuadable,0.58,13.34
10030,treatment,7,23,477.18,0.461,0,0.0,sure_thing,0.03,0.72
10031,treatment,15,9,314.16,0.611,1,25.06,sure_thing,0.03,0.72
10032,treatment,10,21,190.71,0.787,0,0.0,sure_thing,0.03,0.72
10033,treatment,99,2,51.81,0.139,0,0.0,lost_cause,0.02,0.18
10034,treatment,35,4,112.77,0.268,1,19.52,persuadable,0.58,13.34
10035,treatment,21,22,184.11,0.484,1,24.22,sure_thing,0.03,0.72
10036,treatment,243,0,25.6,0.059,0,0.0,lost_cause,0.02,0.18
10037,treatment,0,14,492.63,0.639,1,25.18,sure_thing,0.03,0.72
10038,control,5,26,396.06,0.688,1,25.17,sure_thing,0.03,0.72
10039,control,362,3,5.0,0.152,0,0.0,lost_cause,0.02,0.18
10040,treatment,91,8,193.24,0.315,1,20.45,persuadable,0.58,13.34
10041,control,26,24,510.34,0.817,0,0.0,sure_thing,0.03,0.72
10042,treatment,50,6,224.23,0.462,1,29.02,persuadable,0.58,13.34
10043,treatment,26,3,170.17,0.737,1,23.73,persuadable,0.58,13.34
10044,treatment,201,0,41.47,0.134,0,0.0,lost_cause,0.02,0.18
10045,treatment,252,3,14.41,0.099,0,0.0,lost_cause,0.02,0.18
10046,control,0,27,462.61,0.303,0,0.0,sure_thing,0.03,0.72
10047,control,262,4,41.78,0.061,0,0.0,lost_cause,0.02,0.18
10048,control,34,7,188.7,0.568,0,0.0,persuadable,0.58,13.34
10049,treatment,15,25,468.74,0.573,1,24.34,sure_thing,0.03,0.72
10050,treatment,32,3,207.0,0.0,1,38.42,sleeping_dog,-0.11,-4.84
10051,treatment,244,4,40.78,0.145,0,0.0,lost_cause,0.02,0.18
10052,control,0,28,447.23,0.457,0,0.0,sure_thing,0.03,0.72
10053,control,8,16,537.08,0.595,1,21.21,sure_thing,0.03,0.72
10054,treatment,19,18,521.77,0.43,1,23.4,sure_thing,0.03,0.72
10055,control,37,1,236.82,0.018,1,60.49,sleeping_dog,-0.11,-4.84
10056,treatment,102,2,44.69,0.117,0,0.0,lost_cause,0.02,0.18
10057,treatment,255,1,40.96,0.142,0,0.0,lost_cause,0.02,0.18
10058,control,0,10,136.35,0.38,1,18.75,persuadable,0.58,13.34
10059,treatment,264,2,43.21,0.08,0,0.0,lost_cause,0.02,0.18
10060,control,27,15,469.09,0.393,1,30.51,sure_thing,0.03,0.72
10061,treatment,47,2,123.06,0.556,1,14.95,persuadable,0.58,13.34
10062,treatment,31,6,156.1,0.603,1,17.1,persuadable,0.58,13.34
10063,treatment,22,16,625.6,0.864,1,15.21,sure_thing,0.03,0.72
10064,treatment,143,3,27.37,0.3,1,9.59,lost_cause,0.02,0.18
10065,treatment,26,2,277.12,0.024,1,48.92,sleeping_dog,-0.11,-4.84
10066,treatment,0,17,324.77,0.589,0,0.0,sure_thing,0.03,0.72
10067,control,252,0,54.04,0.101,0,0.0,lost_cause,0.02,0.18
10068,treatment,142,1,36.99,0.277,0,0.0,lost_cause,0.02,0.18
10069,control,117,3,12.32,0.161,0,0.0,lost_cause,0.02,0.18
10070,control,136,1,32.09,0.233,0,0.0,lost_cause,0.02,0.18
10071,control,5,16,461.33,0.493,1,22.51,sure_thing,0.03,0.72
10072,control,313,4,61.58,0.0,0,0.0,lost_cause,0.02,0.18
10073,control,295,2,44.37,0.34,0,0.0,lost_cause,0.02,0.18
10074,control,32,6,175.89,0.376,1,27.74,persuadable,0.58,13.34
10075,control,228,3,50.86,0.0,0,0.0,lost_cause,0.02,0.18
10076,control,362,3,44.46,0.105,0,0.0,lost_cause,0.02,0.18
10077,control,87,3,197.97,0.367,1,31.51,persuadable,0.58,13.34
10078,treatment,40,6,137.35,0.291,1,19.3,persuadable,0.58,13.34
10079,treatment,56,7,74.31,0.42,0,0.0,persuadable,0.58,13.34
10080,control,4,17,433.31,0.78,1,27.19,sure_thing,0.03,0.72
10081,treatment,146,3,20.71,0.078,0,0.0,lost_cause,0.02,0.18
10082,treatment,294,4,77.09,0.253,0,0.0,lost_cause,0.02,0.18
10083,treatment,68,14,197.39,0.432,1,22.44,persuadable,0.58,13.34
10084,control,78,8,135.34,0.409,0,0.0,persuadable,0.58,13.34
10085,treatment,0,20,583.41,0.581,1,29.04,sure_thing,0.03,0.72
10086,treatment,101,10,102.96,0.293,1,26.26,persuadable,0.58,13.34
10087,control,7,16,368.35,0.284,1,22.96,sure_thing,0.03,0.72
10088,control,105,8,149.5,0.237,0,0.0,persuadable,0.58,13.34
10089,treatment,74,2,134.8,0.328,1,18.86,persuadable,0.58,13.34
10090,treatment,173,2,47.88,0.234,0,0.0,lost_cause,0.02,0.18
10091,control,26,1,71.16,0.049,0,0.0,lost_cause,0.02,0.18
10092,control,16,6,148.78,0.2,1,45.14,sleeping_dog,-0.11,-4.84
10093,treatment,287,0,6.19,0.218,0,0.0,lost_cause,0.02,0.18
10094,treatment,239,2,5.0,0.24,0,0.0,lost_cause,0.02,0.18
10095,control,84,0,29.21,0.093,0,0.0,lost_cause,0.02,0.18
10096,control,47,2,163.07,0.334,0,0.0,persuadable,0.58,13.34
10097,treatment,178,0,61.87,0.122,0,0.0,lost_cause,0.02,0.18
10098,treatment,15,13,449.86,0.709,1,26.64,sure_thing,0.03,0.72
10099,treatment,0,26,547.07,0.505,1,30.68,sure_thing,0.03,0.72
10100,treatment,256,2,63.49,0.132,0,0.0,lost_cause,0.02,0.18
10101,control,180,1,54.72,0.147,0,0.0,lost_cause,0.02,0.18
10102,control,14,9,95.09,0.39,0,0.0,persuadable,0.58,13.34
10103,treatment,282,2,54.01,0.211,0,0.0,lost_cause,0.02,0.18
10104,treatment,74,5,41.52,0.223,1,10.08,lost_cause,0.02,0.18
10105,treatment,4,13,383.74,0.742,1,18.5,sure_thing,0.03,0.72
10106,control,0,5,355.63,0.612,0,0.0,sure_thing,0.03,0.72
10107,control,35,10,147.0,0.384,0,0.0,persuadable,0.58,13.34
10108,control,400,3,24.84,0.091,0,0.0,lost_cause,0.02,0.18
10109,control,200,1,42.74,0.156,0,0.0,lost_cause,0.02,0.18
10110,treatment,145,2,34.33,0.179,0,0.0,lost_cause,0.02,0.18
10111,treatment,16,14,171.69,0.226,0,0.0,persuadable,0.58,13.34
10112,control,164,0,47.87,0.152,0,0.0,lost_cause,0.02,0.18
10113,control,151,2,50.69,0.0,0,0.0,lost_cause,0.02,0.18
10114,treatment,5,5,176.16,0.227,1,24.33,persuadable,0.58,13.34
10115,treatment,0,17,469.03,0.731,1,16.06,sure_thing,0.03,0.72
10116,treatment,66,3,22.19,0.032,0,0.0,lost_cause,0.02,0.18
10117,control,109,4,24.45,0.076,0,0.0,lost_cause,0.02,0.18
10118,treatment,17,5,129.29,0.307,1,14.27,persuadable,0.58,13.34
10119,treatment,227,3,70.17,0.106,0,0.0,lost_cause,0.02,0.18
10120,control,26,10,214.96,0.65,1,14.72,persuadable,0.58,13.34
10121,control,283,2,12.65,0.219,0,0.0,lost_cause,0.02,0.18
10122,treatment,105,10,138.57,0.233,0,0.0,persuadable,0.58,13.34
10123,treatment,103,3,41.8,0.056,0,0.0,lost_cause,0.02,0.18
10124,control,20,16,368.1,0.818,1,24.13,sure_thing,0.03,0.72
10125,treatment,58,9,113.0,0.401,1,25.55,persuadable,0.58,13.34
10126,treatment,245,2,16.23,0.387,0,0.0,lost_cause,0.02,0.18
10127,treatment,30,2,179.55,0.107,0,0.0,sleeping_dog,-0.11,-4.84
10128,control,173,1,39.01,0.029,0,0.0,lost_cause,0.02,0.18
10129,control,400,0,47.57,0.15,0,0.0,lost_cause,0.02,0.18
10130,control,41,6,133.82,0.368,0,0.0,persuadable,0.58,13.34
10131,control,9,18,356.26,0.568,1,27.31,sure_thing,0.03,0.72
10132,control,268,1,16.59,0.146,1,8.14,lost_cause,0.02,0.18
10133,treatment,22,14,367.21,0.273,1,32.18,sure_thing,0.03,0.72
10134,control,12,19,340.86,0.376,1,19.53,sure_thing,0.03,0.72
10135,treatment,55,0,173.28,0.165,1,23.33,sleeping_dog,-0.11,-4.84
10136,control,18,4,237.66,0.032,1,52.94,sleeping_dog,-0.11,-4.84
10137,control,56,2,167.01,0.346,1,20.03,persuadable,0.58,13.34
10138,control,8,14,352.74,0.562,1,24.99,sure_thing,0.03,0.72
10139,treatment,1,3,232.07,0.095,0,0.0,persuadable,0.58,13.34
10140,treatment,30,7,27.64,0.186,1,27.45,persuadable,0.58,13.34
10141,control,280,3,39.57,0.036,0,0.0,lost_cause,0.02,0.18
10142,control,70,13,82.99,0.095,0,0.0,persuadable,0.58,13.34
10143,control,243,3,41.05,0.242,0,0.0,lost_cause,0.02,0.18
10144,treatment,255,2,16.53,0.183,0,0.0,lost_cause,0.02,0.18
10145,treatment,192,2,69.48,0.095,0,0.0,lost_cause,0.02,0.18
10146,control,141,1,34.28,0.114,0,0.0,lost_cause,0.02,0.18
10147,control,34,7,631.33,0.557,1,19.44,sure_thing,0.03,0.72
10148,treatment,60,5,49.5,0.374,1,25.45,persuadable,0.58,13.34
10149,control,17,0,91.35,0.794,0,0.0,persuadable,0.58,13.34
10150,control,360,1,71.32,0.031,0,0.0,lost_cause,0.02,0.18
10151,control,16,11,377.89,0.668,0,0.0,sure_thing,0.03,0.72
10152,control,339,0,6.15,0.251,0,0.0,lost_cause,0.02,0.18
10153,control,310,5,5.0,0.158,0,0.0,lost_cause,0.02,0.18
10154,treatment,117,2,26.65,0.072,0,0.0,lost_cause,0.02,0.18
10155,treatment,0,13,578.38,0.709,1,27.05,sure_thing,0.03,0.72
10156,control,89,7,156.44,0.348,1,14.51,persuadable,0.58,13.34
10157,treatment,211,2,53.83,0.235,0,0.0,lost_cause,0.02,0.18
10158,treatment,275,3,41.91,0.0,1,8.65,lost_cause,0.02,0.18
10159,control,94,8,188.67,0.277,1,23.24,persuadable,0.58,13.34
10160,treatment,1,15,342.71,0.691,1,17.91,sure_thing,0.03,0.72
10161,control,220,1,40.44,0.19,0,0.0,lost_cause,0.02,0.18
10162,control,77,7,104.7,0.644,0,0.0,persuadable,0.58,13.34
10163,treatment,52,0,18.88,0.205,0,0.0,lost_cause,0.02,0.18
10164,treatment,21,2,173.3,0.207,0,0.0,sleeping_dog,-0.11,-4.84
10165,treatment,209,1,33.98,0.147,0,0.0,lost_cause,0.02,0.18
10166,control,60,3,148.26,0.293,1,19.07,persuadable,0.58,13.34
10167,treatment,60,3,157.98,0.421,1,15.29,persuadable,0.58,13.34
10168,control,52,7,147.09,0.195,0,0.0,persuadable,0.58,13.34
10169,treatment,5,13,435.75,0.487,1,31.45,sure_thing,0.03,0.72
10170,treatment,19,23,492.32,0.503,0,0.0,sure_thing,0.03,0.72
10171,treatment,90,2,48.11,0.192,0,0.0,lost_cause,0.02,0.18
10172,treatment,110,3,53.76,0.248,1,11.15,lost_cause,0.02,0.18
10173,treatment,14,16,280.72,0.393,1,20.32,sure_thing,0.03,0.72
10174,treatment,260,1,32.1,0.253,0,0.0,lost_cause,0.02,0.18
10175,control,16,12,533.54,0.248,1,18.48,sure_thing,0.03,0.72
10176,treatment,3,22,138.12,0.331,1,27.19,sure_thing,0.03,0.72
10177,treatment,11,22,600.36,0.529,1,24.58,sure_thing,0.03,0.72
10178,treatment,82,8,146.1,0.154,1,19.86,persuadable,0.58,13.34
10179,control,0,1,25.86,0.079,0,0.0,lost_cause,0.02,0.18
10180,treatment,26,20,395.63,0.517,1,23.43,sure_thing,0.03,0.72
10181,treatment,313,1,36.92,0.242,0,0.0,lost_cause,0.02,0.18
10182,control,0,8,215.0,0.376,0,0.0,persuadable,0.58,13.34
10183,treatment,24,5,163.97,0.406,1,26.64,persuadable,0.58,13.34
10184,treatment,18,27,497.55,0.898,0,0.0,sure_thing,0.03,0.72
10185,control,0,16,486.05,0.406,1,20.95,sure_thing,0.03,0.72
10186,treatment,16,15,359.88,0.58,1,20.54,sure_thing,0.03,0.72
10187,treatment,116,2,70.23,0.105,0,0.0,lost_cause,0.02,0.18
10188,control,28,9,284.91,0.684,0,0.0,persuadable,0.58,13.34
10189,treatment,166,2,56.01,0.097,0,0.0,lost_cause,0.02,0.18
10190,control,26,22,548.69,0.445,1,21.27,sure_thing,0.03,0.72
10191,treatment,194,3,37.48,0.193,0,0.0,lost_cause,0.02,0.18
10192,treatment,57,6,133.41,0.602,1,19.94,persuadable,0.58,13.34
10193,treatment,33,16,442.16,0.473,1,30.23,sure_thing,0.03,0.72
10194,treatment,0,14,566.85,0.529,1,28.05,sure_thing,0.03,0.72
10195,control,173,4,15.23,0.098,0,0.0,lost_cause,0.02,0.18
10196,control,187,3,37.54,0.222,0,0.0,lost_cause,0.02,0.18
10197,control,8,12,570.39,0.442,1,22.4,sure_thing,0.03,0.72
10198,control,141,2,28.55,0.212,0,0.0,lost_cause,0.02,0.18
10199,treatment,16,8,219.42,0.414,1,17.78,persuadable,0.58,13.34
10200,treatment,222,1,23.69,0.221,0,0.0,lost_cause,0.02,0.18
10201,control,112,2,5.0,0.06,1,8.63,lost_cause,0.02,0.18
10202,control,201,2,67.14,0.176,0,0.0,lost_cause,0.02,0.18
10203,treatment,35,8,174.12,0.308,1,18.65,persuadable,0.58,13.34
10204,treatment,210,3,13.23,0.239,0,0.0,lost_cause,0.02,0.18
10205,treatment,43,7,182.53,0.551,1,27.17,persuadable,0.58,13.34
10206,control,76,8,279.82,0.33,0,0.0,persuadable,0.58,13.34
10207,control,186,3,36.82,0.253,0,0.0,lost_cause,0.02,0.18
10208,control,14,24,525.64,0.441,0,0.0,sure_thing,0.03,0.72
10209,control,76,8,106.25,0.196,1,26.18,persuadable,0.58,13.34
10210,control,68,6,106.86,0.578,0,0.0,persuadable,0.58,13.34
10211,control,318,1,32.12,0.342,0,0.0,lost_cause,0.02,0.18
10212,treatment,194,3,39.93,0.264,0,0.0,lost_cause,0.02,0.18
10213,control,159,2,10.61,0.02,0,0.0,lost_cause,0.02,0.18
10214,treatment,28,4,49.19,0.047,1,19.06,persuadable,0.58,13.34
10215,control,400,0,23.73,0.14,0,0.0,lost_cause,0.02,0.18
10216,treatment,42,6,20.38,0.0,1,37.89,sleeping_dog,-0.11,-4.84
10217,treatment,65,5,81.29,0.664,1,18.56,persuadable,0.58,13.34
10218,control,340,3,19.26,0.166,0,0.0,lost_cause,0.02,0.18
10219,control,61,7,102.58,0.488,0,0.0,persuadable,0.58,13.34
10220,treatment,263,2,61.53,0.021,0,0.0,lost_cause,0.02,0.18
10221,control,185,1,18.98,0.098,0,0.0,lost_cause,0.02,0.18
10222,control,6,18,291.73,0.631,1,22.79,sure_thing,0.03,0.72
10223,control,31,13,201.4,0.427,0,0.0,persuadable,0.58,13.34
10224,control,7,19,643.03,0.802,0,0.0,sure_thing,0.03,0.72
10225,control,349,3,5.65,0.026,0,0.0,lost_cause,0.02,0.18
10226,treatment,241,3,7.0,0.106,0,0.0,lost_cause,0.02,0.18
10227,control,198,0,50.45,0.301,0,0.0,lost_cause,0.02,0.18
10228,control,199,2,44.03,0.153,0,0.0,lost_cause,0.02,0.18
10229,treatment,295,0,5.0,0.046,0,0.0,lost_cause,0.02,0.18
10230,control,238,2,17.14,0.0,0,0.0,lost_cause,0.02,0.18
10231,treatment,157,2,29.64,0.091,0,0.0,lost_cause,0.02,0.18
10232,treatment,38,8,118.27,0.482,0,0.0,persuadable,0.58,13.34
10233,control,17,2,9.92,0.373,0,0.0,lost_cause,0.02,0.18
10234,treatment,279,2,43.3,0.101,0,0.0,lost_cause,0.02,0.18
10235,treatment,217,4,39.58,0.117,0,0.0,lost_cause,0.02,0.18
10236,control,287,3,68.93,0.434,0,0.0,lost_cause,0.02,0.18
10237,control,0,25,250.0,0.468,1,26.39,sure_thing,0.03,0.72
10238,control,232,2,19.4,0.199,0,0.0,lost_cause,0.02,0.18
10239,treatment,300,2,43.43,0.102,0,0.0,lost_cause,0.02,0.18
10240,treatment,258,2,85.84,0.142,0,0.0,lost_cause,0.02,0.18
10241,control,208,1,47.75,0.037,0,0.0,lost_cause,0.02,0.18
10242,control,0,5,175.91,0.146,0,0.0,sleeping_dog,-0.11,-4.84
10243,treatment,130,11,165.11,0.336,1,26.34,persuadable,0.58,13.34
10244,control,50,4,150.62,0.495,1,17.7,persuadable,0.58,13.34
10245,control,80,9,141.72,0.579,0,0.0,persuadable,0.58,13.34
10246,treatment,195,1,39.27,0.247,0,0.0,lost_cause,0.02,0.18
10247,control,8,23,404.94,0.633,1,24.64,sure_thing,0.03,0.72
10248,treatment,40,2,62.1,0.147,0,0.0,lost_cause,0.02,0.18
10249,control,72,3,68.23,0.018,0,0.0,lost_cause,0.02,0.18
10250,control,66,6,101.47,0.331,0,0.0,persuadable,0.58,13.34
10251,treatment,17,20,621.26,0.439,1,18.36,sure_thing,0.03,0.72
10252,control,10,9,257.44,0.324,1,18.23,sure_thing,0.03,0.72
10253,control,397,1,33.0,0.019,0,0.0,lost_cause,0.02,0.18
10254,treatment,32,2,186.2,0.102,0,0.0,sleeping_dog,-0.11,-4.84
10255,control,26,7,235.22,0.528,0,0.0,sure_thing,0.03,0.72
10256,control,8,14,385.31,0.117,1,31.06,sure_thing,0.03,0.72
10257,treatment,20,4,189.29,0.473,1,20.83,persuadable,0.58,13.34
10258,control,38,12,144.3,0.545,0,0.0,persuadable,0.58,13.34
10259,treatment,132,0,54.17,0.075,0,0.0,lost_cause,0.02,0.18
10260,control,149,3,74.52,0.039,0,0.0,lost_cause,0.02,0.18
10261,control,9,6,74.29,0.066,0,0.0,sleeping_dog,-0.11,-4.84
10262,control,21,16,501.76,0.309,1,23.46,sure_thing,0.03,0.72
10263,control,45,7,186.09,0.516,0,0.0,persuadable,0.58,13.34
10264,treatment,395,2,31.84,0.175,0,0.0,lost_cause,0.02,0.18
10265,treatment,67,7,149.47,0.131,0,0.0,sleeping_dog,-0.11,-4.84
10266,control,235,3,27.74,0.0,0,0.0,lost_cause,0.02,0.18
10267,control,41,9,215.0,0.375,0,0.0,persuadable,0.58,13.34
10268,treatment,55,0,165.4,0.452,1,22.94,persuadable,0.58,13.34
10269,control,14,17,285.33,0.693,1,23.19,sure_thing,0.03,0.72
10270,control,30,2,53.43,0.281,0,0.0,lost_cause,0.02,0.18
10271,treatment,5,14,294.08,0.773,1,26.22,sure_thing,0.03,0.72
10272,treatment,0,0,46.4,0.251,0,0.0,lost_cause,0.02,0.18
10273,treatment,55,0,50.05,0.0,0,0.0,lost_cause,0.02,0.18
10274,control,0,2,297.36,0.137,1,32.3,sleeping_dog,-0.11,-4.84
10275,treatment,18,19,406.21,0.552,0,0.0,sure_thing,0.03,0.72
10276,control,171,1,38.43,0.03,0,0.0,lost_cause,0.02,0.18
10277,treatment,16,22,531.1,0.444,0,0.0,sure_thing,0.03,0.72
10278,treatment,284,0,30.08,0.159,0,0.0,lost_cause,0.02,0.18
10279,control,154,6,249.49,0.119,0,0.0,persuadable,0.58,13.34
10280,control,248,5,32.35,0.214,0,0.0,lost_cause,0.02,0.18
10281,treatment,161,1,38.25,0.249,0,0.0,lost_cause,0.02,0.18
10282,treatment,9,11,549.4,0.65,1,25.46,sure_thing,0.03,0.72
10283,treatment,16,5,200.15,0.131,0,0.0,sleeping_dog,-0.11,-4.84
10284,control,12,10,174.99,0.443,0,0.0,persuadable,0.58,13.34
10285,treatment,14,3,240.19,0.217,0,0.0,sleeping_dog,-0.11,-4.84
10286,treatment,284,1,5.0,0.148,0,0.0,lost_cause,0.02,0.18
10287,treatment,81,0,47.71,0.163,0,0.0,lost_cause,0.02,0.18
10288,treatment,15,8,132.8,0.417,1,27.66,persuadable,0.58,13.34
10289,treatment,0,17,532.28,0.655,1,20.83,sure_thing,0.03,0.72
10290,control,176,2,77.16,0.041,0,0.0,lost_cause,0.02,0.18
10291,treatment,309,3,25.0,0.2,0,0.0,lost_cause,0.02,0.18
10292,treatment,400,4,12.33,0.066,0,0.0,lost_cause,0.02,0.18
10293,treatment,103,10,203.1,0.191,0,0.0,persuadable,0.58,13.34
10294,control,34,10,173.03,0.268,0,0.0,persuadable,0.58,13.34
10295,treatment,67,2,149.39,0.143,1,24.88,persuadable,0.58,13.34
10296,treatment,34,21,303.31,0.617,1,25.91,sure_thing,0.03,0.72
10297,control,0,6,232.9,0.424,1,22.39,persuadable,0.58,13.34
10298,control,75,3,178.18,0.601,1,25.28,persuadable,0.58,13.34
10299,treatment,147,1,65.89,0.118,0,0.0,lost_cause,0.02,0.18
10300,treatment,114,4,50.97,0.079,0,0.0,lost_cause,0.02,0.18
10301,treatment,18,3,21.4,0.125,1,32.14,sleeping_dog,-0.11,-4.84
10302,treatment,65,9,116.36,0.544,1,19.7,persuadable,0.58,13.34
10303,control,23,13,592.42,0.55,1,20.16,sure_thing,0.03,0.72
10304,treatment,83,5,150.43,0.144,1,13.65,persuadable,0.58,13.34
10305,control,16,19,246.87,0.477,1,22.95,sure_thing,0.03,0.72
10306,treatment,229,3,46.5,0.168,0,0.0,lost_cause,0.02,0.18
10307,control,24,15,472.42,0.668,1,28.21,sure_thing,0.03,0.72
10308,treatment,232,0,17.19,0.308,0,0.0,lost_cause,0.02,0.18
10309,control,279,4,11.71,0.207,0,0.0,lost_cause,0.02,0.18
10310,treatment,261,1,53.14,0.045,0,0.0,lost_cause,0.02,0.18
10311,treatment,55,12,25.58,0.395,0,0.0,persuadable,0.58,13.34
10312,treatment,358,3,57.48,0.267,0,0.0,lost_cause,0.02,0.18
10313,treatment,384,3,27.18,0.257,1,6.38,lost_cause,0.02,0.18
10314,treatment,273,2,52.77,0.024,0,0.0,lost_cause,0.02,0.18
10315,treatment,76,10,53.18,0.405,1,21.72,persuadable,0.58,13.34
10316,treatment,126,13,153.62,0.218,1,30.88,persuadable,0.58,13.34
10317,treatment,123,1,53.14,0.09,0,0.0,lost_cause,0.02,0.18
10318,treatment,0,4,165.37,0.028,0,0.0,sleeping_dog,-0.11,-4.84
10319,control,0,20,326.31,0.646,0,0.0,sure_thing,0.03,0.72
10320,control,17,16,457.97,0.495,1,12.14,sure_thing,0.03,0.72
10321,treatment,20,16,327.6,0.734,1,23.6,sure_thing,0.03,0.72
10322,treatment,188,3,40.07,0.251,0,0.0,lost_cause,0.02,0.18
10323,control,19,4,186.93,0.516,0,0.0,persuadable,0.58,13.34
10324,treatment,51,12,91.67,0.227,1,19.83,persuadable,0.58,13.34
10325,treatment,18,13,467.37,0.556,1,30.77,sure_thing,0.03,0.72
10326,control,228,1,21.25,0.092,0,0.0,lost_cause,0.02,0.18
10327,treatment,0,3,5.0,0.026,0,0.0,sleeping_dog,-0.11,-4.84
10328,treatment,20,9,313.1,0.588,0,0.0,sure_thing,0.03,0.72
10329,treatment,193,1,27.57,0.119,0,0.0,lost_cause,0.02,0.18
10330,treatment,322,4,13.91,0.268,0,0.0,lost_cause,0.02,0.18
10331,treatment,274,2,5.0,0.241,0,0.0,lost_cause,0.02,0.18
10332,treatment,238,4,5.0,0.284,0,0.0,lost_cause,0.02,0.18
10333,treatment,40,5,164.19,0.119,1,28.53,persuadable,0.58,13.34
10334,control,77,6,100.45,0.415,0,0.0,persuadable,0.58,13.34
10335,control,0,16,496.68,0.284,0,0.0,sure_thing,0.03,0.72
10336,control,60,5,251.99,0.135,1,22.93,persuadable,0.58,13.34
10337,treatment,17,13,568.99,0.538,1,24.39,sure_thing,0.03,0.72
10338,treatment,59,9,263.12,0.094,1,36.55,persuadable,0.58,13.34
10339,treatment,216,0,41.26,0.067,0,0.0,lost_cause,0.02,0.18
10340,treatment,299,2,48.61,0.335,0,0.0,lost_cause,0.02,0.18
10341,control,31,7,116.59,0.625,0,0.0,persuadable,0.58,13.34
10342,control,65,7,210.36,0.377,0,0.0,persuadable,0.58,13.34
10343,treatment,145,2,23.6,0.0,0,0.0,lost_cause,0.02,0.18
10344,treatment,104,1,32.73,0.188,0,0.0,lost_cause,0.02,0.18
10345,treatment,173,4,71.51,0.181,0,0.0,lost_cause,0.02,0.18
10346,treatment,120,2,41.06,0.074,0,0.0,lost_cause,0.02,0.18
10347,control,52,8,198.62,0.356,0,0.0,persuadable,0.58,13.34
10348,control,165,0,57.48,0.004,0,0.0,lost_cause,0.02,0.18
10349,control,0,3,65.93,0.142,0,0.0,lost_cause,0.02,0.18
10350,treatment,80,11,104.65,0.453,1,31.53,persuadable,0.58,13.34
10351,control,206,0,13.75,0.219,0,0.0,lost_cause,0.02,0.18
10352,treatment,150,2,54.73,0.065,0,0.0,lost_cause,0.02,0.18
10353,treatment,0,5,188.89,0.472,1,20.4,persuadable,0.58,13.34
10354,control,63,8,199.12,0.617,0,0.0,persuadable,0.58,13.34
10355,control,0,5,66.31,0.116,0,0.0,sleeping_dog,-0.11,-4.84
10356,treatment,279,3,6.77,0.19,0,0.0,lost_cause,0.02,0.18
10357,control,300,6,47.58,0.185,0,0.0,lost_cause,0.02,0.18
10358,treatment,16,25,479.83,0.436,1,23.2,sure_thing,0.03,0.72
10359,control,266,1,16.1,0.111,0,0.0,lost_cause,0.02,0.18
10360,treatment,63,1,159.38,0.324,0,0.0,persuadable,0.58,13.34
10361,control,69,2,55.29,0.078,0,0.0,lost_cause,0.02,0.18
10362,control,27,18,382.06,0.515,1,26.73,sure_thing,0.03,0.72
10363,treatment,230,1,14.11,0.286,0,0.0,lost_cause,0.02,0.18
10364,treatment,238,1,21.96,0.056,0,0.0,lost_cause,0.02,0.18
10365,treatment,63,9,91.49,0.154,1,19.96,persuadable,0.58,13.34
10366,treatment,11,27,409.62,0.514,0,0.0,sure_thing,0.03,0.72
10367,control,17,13,350.98,0.589,1,26.09,sure_thing,0.03,0.72
10368,control,112,3,54.85,0.25,0,0.0,lost_cause,0.02,0.18
10369,control,18,23,429.37,0.421,0,0.0,sure_thing,0.03,0.72
10370,treatment,12,8,211.09,0.161,0,0.0,sleeping_dog,-0.11,-4.84
10371,treatment,255,4,27.33,0.068,1,10.6,lost_cause,0.02,0.18
10372,treatment,136,3,29.88,0.131,0,0.0,lost_cause,0.02,0.18
10373,control,74,0,58.25,0.155,0,0.0,lost_cause,0.02,0.18
10374,treatment,87,8,174.82,0.191,1,28.74,persuadable,0.58,13.34
10375,control,250,3,50.79,0.284,0,0.0,lost_cause,0.02,0.18
10376,treatment,67,7,195.62,0.398,1,21.91,persuadable,0.58,13.34
10377,control,165,2,27.58,0.105,0,0.0,lost_cause,0.02,0.18
10378,control,22,18,532.8,0.437,1,23.65,sure_thing,0.03,0.72
10379,treatment,400,0,48.73,0.234,0,0.0,lost_cause,0.02,0.18
10380,control,14,13,304.28,0.628,1,13.77,sure_thing,0.03,0.72
10381,treatment,231,1,52.06,0.092,0,0.0,lost_cause,0.02,0.18
10382,control,15,18,233.86,0.402,1,19.31,sure_thing,0.03,0.72
10383,treatment,40,3,141.51,0.469,1,22.55,persuadable,0.58,13.34
10384,control,64,9,175.51,0.433,1,24.49,persuadable,0.58,13.34
10385,control,164,0,33.97,0.294,0,0.0,lost_cause,0.02,0.18
10386,treatment,225,3,45.98,0.063,0,0.0,lost_cause,0.02,0.18
10387,treatment,18,4,163.18,0.541,1,16.95,persuadable,0.58,13.34
10388,treatment,213,2,45.26,0.263,0,0.0,lost_cause,0.02,0.18
10389,treatment,198,2,43.91,0.267,0,0.0,lost_cause,0.02,0.18
10390,control,66,5,118.89,0.12,0,0.0,persuadable,0.58,13.34
10391,control,46,7,165.75,0.118,1,49.55,sleeping_dog,-0.11,-4.84
10392,control,126,4,286.19,0.457,0,0.0,persuadable,0.58,13.34
10393,control,129,1,53.66,0.035,0,0.0,lost_cause,0.02,0.18
10394,control,19,4,183.32,0.21,1,46.48,sleeping_dog,-0.11,-4.84
10395,control,140,1,67.14,0.272,0,0.0,lost_cause,0.02,0.18
10396,control,352,3,35.79,0.068,0,0.0,lost_cause,0.02,0.18
10397,control,47,13,175.2,0.44,1,20.21,persuadable,0.58,13.34
10398,control,60,4,142.57,0.365,0,0.0,persuadable,0.58,13.34
10399,control,14,10,732.09,0.54,1,29.61,sure_thing,0.03,0.72
10400,control,113,2,226.12,0.509,0,0.0,persuadable,0.58,13.34
10401,control,15,18,458.3,0.732,0,0.0,sure_thing,0.03,0.72
10402,control,139,3,71.35,0.079,0,0.0,lost_cause,0.02,0.18
10403,control,18,23,344.13,0.446,1,28.09,sure_thing,0.03,0.72
10404,control,51,4,118.51,0.414,0,0.0,persuadable,0.58,13.34
10405,treatment,0,20,383.46,0.234,1,12.27,sure_thing,0.03,0.72
10406,control,105,9,207.39,0.54,0,0.0,persuadable,0.58,13.34
10407,control,10,23,446.12,0.411,1,31.37,sure_thing,0.03,0.72
10408,treatment,360,2,50.76,0.045,0,0.0,lost_cause,0.02,0.18
10409,treatment,62,8,5.0,0.238,1,23.62,persuadable,0.58,13.34
10410,control,139,2,27.38,0.065,0,0.0,lost_cause,0.02,0.18
10411,treatment,285,3,34.54,0.127,0,0.0,lost_cause,0.02,0.18
10412,control,212,5,56.91,0.228,0,0.0,lost_cause,0.02,0.18
10413,control,337,2,56.47,0.358,0,0.0,lost_cause,0.02,0.18
10414,control,222,2,76.08,0.17,0,0.0,lost_cause,0.02,0.18
10415,control,216,2,32.87,0.023,0,0.0,lost_cause,0.02,0.18
10416,treatment,165,3,30.07,0.232,0,0.0,lost_cause,0.02,0.18
10417,control,11,25,414.27,0.339,1,14.23,sure_thing,0.03,0.72
10418,control,234,2,10.46,0.0,0,0.0,lost_cause,0.02,0.18
10419,treatment,15,15,291.93,0.396,0,0.0,sure_thing,0.03,0.72
10420,control,267,2,15.57,0.204,0,0.0,lost_cause,0.02,0.18
10421,control,293,3,21.54,0.076,0,0.0,lost_cause,0.02,0.18
10422,control,195,1,49.39,0.08,0,0.0,lost_cause,0.02,0.18
10423,treatment,27,6,205.58,0.464,0,0.0,persuadable,0.58,13.34
10424,control,72,14,187.65,0.08,1,28.57,persuadable,0.58,13.34
10425,control,61,3,200.24,0.07,0,0.0,sleeping_dog,-0.11,-4.84
10426,treatment,18,2,103.39,0.261,1,30.15,persuadable,0.58,13.34
10427,treatment,13,20,397.24,0.667,1,24.59,sure_thing,0.03,0.72
10428,treatment,209,4,22.66,0.012,0,0.0,lost_cause,0.02,0.18
10429,treatment,0,20,397.72,0.298,1,28.6,sure_thing,0.03,0.72
10430,treatment,19,18,539.44,0.415,0,0.0,sure_thing,0.03,0.72
10431,control,37,3,198.05,0.0,1,48.4,sleeping_dog,-0.11,-4.84
10432,control,199,5,49.3,0.243,0,0.0,lost_cause,0.02,0.18
10433,control,47,5,169.07,0.416,0,0.0,persuadable,0.58,13.34
10434,control,11,5,267.28,0.093,0,0.0,sleeping_dog,-0.11,-4.84
10435,treatment,42,4,235.12,0.108,1,38.04,sleeping_dog,-0.11,-4.84
10436,treatment,6,7,284.9,0.514,1,24.39,sure_thing,0.03,0.72
10437,treatment,3,18,553.58,0.55,0,0.0,sure_thing,0.03,0.72
10438,control,13,5,169.52,0.079,0,0.0,sleeping_dog,-0.11,-4.84
10439,control,25,1,24.84,0.172,0,0.0,lost_cause,0.02,0.18
10440,treatment,47,10,268.84,0.402,1,25.63,persuadable,0.58,13.34
10441,control,232,3,27.81,0.141,0,0.0,lost_cause,0.02,0.18
10442,control,102,0,61.69,0.0,0,0.0,lost_cause,0.02,0.18
10443,treatment,16,17,375.7,0.603,1,25.2,sure_thing,0.03,0.72
10444,treatment,100,6,160.24,0.734,1,28.33,persuadable,0.58,13.34
10445,control,214,3,51.17,0.081,0,0.0,lost_cause,0.02,0.18
10446,treatment,41,6,225.65,0.731,1,32.17,persuadable,0.58,13.34
10447,control,20,17,326.47,0.57,1,20.74,sure_thing,0.03,0.72
10448,control,160,0,31.81,0.071,0,0.0,lost_cause,0.02,0.18
10449,control,166,4,62.87,0.263,0,0.0,lost_cause,0.02,0.18
10450,control,205,4,15.97,0.298,1,10.39,lost_cause,0.02,0.18
10451,treatment,14,7,210.89,0.487,1,20.62,persuadable,0.58,13.34
10452,treatment,57,5,211.39,0.148,0,0.0,sleeping_dog,-0.11,-4.84
10453,control,17,3,72.11,0.573,0,0.0,persuadable,0.58,13.34
10454,treatment,98,0,40.79,0.245,0,0.0,lost_cause,0.02,0.18
10455,control,93,7,150.07,0.339,0,0.0,persuadable,0.58,13.34
10456,control,212,1,12.28,0.306,1,8.17,lost_cause,0.02,0.18
10457,control,353,0,56.19,0.272,1,9.07,lost_cause,0.02,0.18
10458,treatment,15,17,403.78,0.447,1,26.31,sure_thing,0.03,0.72
10459,treatment,355,5,47.95,0.111,0,0.0,lost_cause,0.02,0.18
10460,treatment,374,4,30.12,0.166,0,0.0,lost_cause,0.02,0.18
10461,control,318,2,29.16,0.0,0,0.0,lost_cause,0.02,0.18
10462,treatment,59,2,64.1,0.437,1,33.33,persuadable,0.58,13.34
10463,control,17,24,147.14,0.463,0,0.0,sure_thing,0.03,0.72
10464,control,253,0,61.88,0.215,0,0.0,lost_cause,0.02,0.18
10465,treatment,389,2,38.62,0.216,0,0.0,lost_cause,0.02,0.18
10466,treatment,16,26,531.55,0.336,1,14.93,sure_thing,0.03,0.72
10467,control,18,15,604.7,0.676,1,25.25,sure_thing,0.03,0.72
10468,control,54,6,291.55,0.111,0,0.0,sleeping_dog,-0.11,-4.84
10469,treatment,13,23,329.52,0.497,1,20.03,sure_thing,0.03,0.72
10470,control,54,2,58.45,0.577,0,0.0,persuadable,0.58,13.34
10471,treatment,83,8,152.47,0.714,1,13.03,persuadable,0.58,13.34
10472,treatment,1,16,281.14,0.81,1,25.61,sure_thing,0.03,0.72
10473,control,211,2,20.92,0.02,0,0.0,lost_cause,0.02,0.18
10474,treatment,13,18,339.07,0.543,1,26.33,sure_thing,0.03,0.72
10475,treatment,296,4,5.47,0.239,0,0.0,lost_cause,0.02,0.18
10476,control,267,5,62.18,0.126,0,0.0,lost_cause,0.02,0.18
10477,treatment,232,4,66.78,0.0,0,0.0,lost_cause,0.02,0.18
10478,treatment,138,4,58.46,0.136,0,0.0,lost_cause,0.02,0.18
10479,treatment,242,2,50.97,0.229,0,0.0,lost_cause,0.02,0.18
10480,control,384,2,40.0,0.093,0,0.0,lost_cause,0.02,0.18
10481,control,246,4,32.42,0.155,0,0.0,lost_cause,0.02,0.18
10482,control,21,7,145.17,0.148,0,0.0,sleeping_dog,-0.11,-4.84
10483,treatment,187,2,19.79,0.194,0,0.0,lost_cause,0.02,0.18
10484,control,235,1,49.96,0.102,0,0.0,lost_cause,0.02,0.18
10485,control,5,18,507.71,0.263,0,0.0,sure_thing,0.03,0.72
10486,treatment,59,8,202.16,0.335,1,23.91,persuadable,0.58,13.34
10487,treatment,35,2,208.13,0.148,1,49.23,sleeping_dog,-0.11,-4.84
10488,treatment,183,0,34.26,0.091,0,0.0,lost_cause,0.02,0.18
10489,treatment,209,0,48.61,0.0,0,0.0,lost_cause,0.02,0.18
10490,treatment,35,3,73.64,0.338,0,0.0,persuadable,0.58,13.34
10491,treatment,16,15,404.56,0.668,1,22.63,sure_thing,0.03,0.72
10492,treatment,13,20,409.69,0.486,1,23.3,sure_thing,0.03,0.72
10493,treatment,47,4,116.62,0.044,0,0.0,sleeping_dog,-0.11,-4.84
10494,treatment,26,7,125.53,0.147,1,55.26,sleeping_dog,-0.11,-4.84
10495,treatment,142,1,37.54,0.18,0,0.0,lost_cause,0.02,0.18
10496,control,283,0,38.49,0.159,0,0.0,lost_cause,0.02,0.18
10497,treatment,42,2,170.13,0.131,0,0.0,sleeping_dog,-0.11,-4.84
10498,control,184,0,54.93,0.323,0,0.0,lost_cause,0.02,0.18
10499,control,201,2,39.92,0.201,1,8.76,lost_cause,0.02,0.18
10500,control,36,10,107.44,0.347,0,0.0,persuadable,0.58,13.34
10501,treatment,209,0,91.13,0.134,0,0.0,lost_cause,0.02,0.18
10502,control,8,24,816.92,0.548,1,17.9,sure_thing,0.03,0.72
10503,control,62,11,329.44,0.558,0,0.0,persuadable,0.58,13.34
10504,control,0,22,414.62,0.577,1,21.12,sure_thing,0.03,0.72
10505,control,70,2,63.71,0.013,0,0.0,lost_cause,0.02,0.18
10506,treatment,346,2,31.39,0.0,0,0.0,lost_cause,0.02,0.18
10507,treatment,370,2,39.3,0.098,0,0.0,lost_cause,0.02,0.18
10508,treatment,156,0,63.49,0.101,0,0.0,lost_cause,0.02,0.18
10509,treatment,30,15,275.42,0.373,1,17.87,sure_thing,0.03,0.72
10510,treatment,400,3,82.63,0.199,0,0.0,lost_cause,0.02,0.18
10511,treatment,222,0,9.18,0.15,0,0.0,lost_cause,0.02,0.18
10512,treatment,25,7,116.47,0.368,1,32.68,persuadable,0.58,13.34
10513,control,76,4,102.77,0.369,0,0.0,persuadable,0.58,13.34
10514,treatment,71,4,26.89,0.17,0,0.0,persuadable,0.58,13.34
10515,control,176,1,35.34,0.151,0,0.0,lost_cause,0.02,0.18
10516,treatment,242,3,5.0,0.267,0,0.0,lost_cause,0.02,0.18
10517,control,0,18,430.58,0.627,1,22.93,sure_thing,0.03,0.72
10518,treatment,2,17,365.77,0.492,0,0.0,sure_thing,0.03,0.72
10519,treatment,1,8,278.14,0.335,1,24.15,persuadable,0.58,13.34
10520,control,255,1,43.44,0.183,0,0.0,lost_cause,0.02,0.18
10521,control,77,8,142.75,0.398,0,0.0,persuadable,0.58,13.34
10522,control,166,5,32.62,0.192,0,0.0,lost_cause,0.02,0.18
10523,control,19,23,404.57,0.718,1,21.34,sure_thing,0.03,0.72
10524,treatment,73,5,201.37,0.462,1,18.72,persuadable,0.58,13.34
10525,treatment,34,3,215.95,0.042,1,49.66,sleeping_dog,-0.11,-4.84
10526,treatment,252,3,41.37,0.171,1,7.54,lost_cause,0.02,0.18
10527,treatment,31,0,162.11,0.42,1,21.86,persuadable,0.58,13.34
10528,treatment,10,21,164.97,0.372,1,27.18,sure_thing,0.03,0.72
10529,control,12,19,574.07,0.365,1,23.31,sure_thing,0.03,0.72
10530,treatment,98,2,56.88,0.194,0,0.0,lost_cause,0.02,0.18
10531,treatment,24,9,68.9,0.101,0,0.0,persuadable,0.58,13.34
10532,control,283,4,13.15,0.138,0,0.0,lost_cause,0.02,0.18
10533,control,21,5,256.48,0.002,0,0.0,sleeping_dog,-0.11,-4.84
10534,control,13,20,441.31,0.635,1,25.16,sure_thing,0.03,0.72
10535,control,18,18,522.71,0.427,1,24.05,sure_thing,0.03,0.72
10536,treatment,157,0,24.74,0.311,0,0.0,lost_cause,0.02,0.18
10537,control,0,17,369.44,0.521,1,28.12,sure_thing,0.03,0.72
10538,treatment,80,4,41.86,0.163,1,14.33,lost_cause,0.02,0.18
10539,treatment,25,10,187.38,0.419,1,17.32,persuadable,0.58,13.34
10540,treatment,50,8,107.69,0.415,1,21.18,persuadable,0.58,13.34
10541,treatment,210,1,26.45,0.213,0,0.0,lost_cause,0.02,0.18
10542,treatment,75,12,35.08,0.558,1,13.81,persuadable,0.58,13.34
10543,control,2,25,385.12,0.66,1,22.78,sure_thing,0.03,0.72
10544,control,99,1,26.52,0.283,0,0.0,lost_cause,0.02,0.18
10545,control,19,23,706.94,0.471,1,24.81,sure_thing,0.03,0.72
10546,treatment,26,14,363.52,0.379,1,16.56,sure_thing,0.03,0.72
10547,treatment,16,17,447.95,0.541,1,27.82,sure_thing,0.03,0.72
10548,treatment,31,22,474.92,0.531,0,0.0,sure_thing,0.03,0.72
10549,control,41,6,166.77,0.333,0,0.0,persuadable,0.58,13.34
10550,treatment,44,10,133.2,0.132,1,18.71,persuadable,0.58,13.34
10551,treatment,36,5,114.57,0.035,1,28.86,persuadable,0.58,13.34
10552,control,298,0,10.72,0.122,0,0.0,lost_cause,0.02,0.18
10553,treatment,41,6,128.6,0.444,1,33.24,persuadable,0.58,13.34
10554,treatment,27,4,258.43,0.029,1,69.32,sleeping_dog,-0.11,-4.84
10555,control,0,15,352.1,0.528,1,25.57,sure_thing,0.03,0.72
10556,control,50,7,149.06,0.261,0,0.0,persuadable,0.58,13.34
10557,treatment,352,4,5.0,0.088,1,4.93,lost_cause,0.02,0.18
10558,control,110,2,34.43,0.213,0,0.0,lost_cause,0.02,0.18
10559,control,167,0,69.6,0.283,0,0.0,lost_cause,0.02,0.18
10560,treatment,106,2,70.49,0.329,0,0.0,lost_cause,0.02,0.18
10561,control,105,4,87.91,0.152,0,0.0,lost_cause,0.02,0.18
10562,treatment,131,1,56.82,0.323,0,0.0,lost_cause,0.02,0.18
10563,control,6,2,224.23,0.311,1,30.88,sleeping_dog,-0.11,-4.84
10564,control,14,26,395.38,0.477,0,0.0,sure_thing,0.03,0.72
10565,treatment,37,2,257.76,0.001,0,0.0,sleeping_dog,-0.11,-4.84
10566,control,17,18,626.67,0.416,0,0.0,sure_thing,0.03,0.72
10567,treatment,24,17,529.04,0.52,1,17.33,sure_thing,0.03,0.72
10568,control,203,2,32.92,0.133,0,0.0,lost_cause,0.02,0.18
10569,treatment,81,1,5.0,0.142,0,0.0,lost_cause,0.02,0.18
10570,treatment,28,3,225.35,0.284,0,0.0,persuadable,0.58,13.34
10571,treatment,0,23,314.42,0.541,0,0.0,sure_thing,0.03,0.72
10572,treatment,7,20,506.25,0.552,0,0.0,sure_thing,0.03,0.72
10573,control,42,7,77.31,0.395,0,0.0,persuadable,0.58,13.34
10574,control,0,13,491.95,0.867,1,18.64,sure_thing,0.03,0.72
10575,treatment,282,2,44.09,0.217,1,9.92,lost_cause,0.02,0.18
10576,control,54,0,243.66,0.279,1,22.59,persuadable,0.58,13.34
10577,treatment,0,5,166.09,0.284,1,26.49,persuadable,0.58,13.34
10578,treatment,400,5,25.13,0.139,0,0.0,lost_cause,0.02,0.18
10579,treatment,0,5,155.25,0.391,0,0.0,persuadable,0.58,13.34
10580,treatment,122,2,28.22,0.058,0,0.0,lost_cause,0.02,0.18
10581,treatment,37,4,93.61,0.46,1,31.41,persuadable,0.58,13.34
10582,treatment,81,8,268.49,0.393,0,0.0,persuadable,0.58,13.34
10583,control,117,5,155.08,0.369,0,0.0,persuadable,0.58,13.34
10584,control,214,1,9.83,0.107,0,0.0,lost_cause,0.02,0.18
10585,control,54,7,172.36,0.515,0,0.0,persuadable,0.58,13.34
10586,control,162,4,12.92,0.436,0,0.0,lost_cause,0.02,0.18
10587,control,77,7,188.14,0.47,0,0.0,persuadable,0.58,13.34
10588,treatment,0,0,52.9,0.207,0,0.0,lost_cause,0.02,0.18
10589,treatment,71,8,96.36,0.25,0,0.0,persuadable,0.58,13.34
10590,control,10,4,103.16,0.088,1,52.38,sleeping_dog,-0.11,-4.84
10591,treatment,0,25,52.81,0.518,1,19.07,sure_thing,0.03,0.72
10592,treatment,6,16,412.67,0.54,1,18.12,sure_thing,0.03,0.72
10593,treatment,0,27,470.35,0.625,0,0.0,sure_thing,0.03,0.72
10594,treatment,75,6,165.82,0.383,0,0.0,persuadable,0.58,13.34
10595,treatment,33,2,25.54,0.218,0,0.0,lost_cause,0.02,0.18
10596,treatment,80,8,73.93,0.455,1,19.26,persuadable,0.58,13.34
10597,treatment,372,3,32.18,0.045,0,0.0,lost_cause,0.02,0.18
10598,treatment,206,0,45.44,0.114,0,0.0,lost_cause,0.02,0.18
10599,control,44,6,72.28,0.224,1,24.28,persuadable,0.58,13.34
10600,control,356,3,60.6,0.134,0,0.0,lost_cause,0.02,0.18
10601,treatment,219,5,14.22,0.166,0,0.0,lost_cause,0.02,0.18
10602,treatment,11,22,469.76,0.477,1,30.17,sure_thing,0.03,0.72
10603,control,67,8,225.65,0.633,0,0.0,persuadable,0.58,13.34
10604,control,291,4,74.29,0.218,0,0.0,lost_cause,0.02,0.18
10605,control,12,25,447.36,0.353,1,23.56,sure_thing,0.03,0.72
10606,treatment,313,1,35.19,0.011,0,0.0,lost_cause,0.02,0.18
10607,control,167,3,29.05,0.177,1,10.38,lost_cause,0.02,0.18
10608,control,339,1,44.65,0.261,0,0.0,lost_cause,0.02,0.18
10609,treatment,333,1,5.0,0.269,0,0.0,lost_cause,0.02,0.18
10610,treatment,26,23,587.05,0.38,1,18.77,sure_thing,0.03,0.72
10611,treatment,0,16,396.05,0.383,1,25.63,sure_thing,0.03,0.72
10612,treatment,189,5,26.65,0.0,0,0.0,lost_cause,0.02,0.18
10613,treatment,66,12,42.56,0.325,1,22.54,persuadable,0.58,13.34
10614,control,220,2,37.98,0.261,0,0.0,lost_cause,0.02,0.18
10615,treatment,109,2,28.46,0.105,1,14.73,lost_cause,0.02,0.18
10616,control,10,6,284.98,0.0,0,0.0,sleeping_dog,-0.11,-4.84
10617,treatment,29,14,617.39,0.572,1,24.64,sure_thing,0.03,0.72
10618,treatment,35,3,101.96,0.062,0,0.0,sleeping_dog,-0.11,-4.84
10619,treatment,9,20,627.32,0.62,1,13.44,sure_thing,0.03,0.72
10620,treatment,17,23,440.95,0.651,1,24.88,sure_thing,0.03,0.72
10621,treatment,359,2,22.03,0.076,0,0.0,lost_cause,0.02,0.18
10622,control,2,4,116.98,0.144,0,0.0,sleeping_dog,-0.11,-4.84
10623,control,129,0,45.64,0.294,0,0.0,lost_cause,0.02,0.18
10624,control,33,3,117.65,0.105,1,40.2,sleeping_dog,-0.11,-4.84
10625,treatment,219,0,37.65,0.312,0,0.0,lost_cause,0.02,0.18
10626,control,49,6,142.42,0.368,0,0.0,persuadable,0.58,13.34
10627,control,12,7,651.89,0.69,1,26.12,sure_thing,0.03,0.72
10628,treatment,63,6,135.42,0.537,1,12.58,persuadable,0.58,13.34
10629,treatment,163,2,26.21,0.107,0,0.0,lost_cause,0.02,0.18
10630,control,15,5,184.19,0.145,0,0.0,sleeping_dog,-0.11,-4.84
10631,control,12,27,550.77,0.609,1,19.57,sure_thing,0.03,0.72
10632,treatment,175,2,24.36,0.148,1,12.97,lost_cause,0.02,0.18
10633,treatment,1,7,585.7,0.721,0,0.0,sure_thing,0.03,0.72
10634,control,299,2,32.43,0.08,1,11.24,lost_cause,0.02,0.18
10635,treatment,16,15,436.85,0.66,1,29.57,sure_thing,0.03,0.72
10636,control,9,4,297.8,0.335,0,0.0,persuadable,0.58,13.34
10637,control,231,4,22.81,0.099,0,0.0,lost_cause,0.02,0.18
10638,control,318,3,60.64,0.108,1,7.41,lost_cause,0.02,0.18
10639,control,214,1,49.27,0.0,0,0.0,lost_cause,0.02,0.18
10640,treatment,19,28,445.7,0.655,0,0.0,sure_thing,0.03,0.72
10641,control,41,9,145.29,0.526,0,0.0,persuadable,0.58,13.34
10642,control,98,7,213.04,0.355,0,0.0,persuadable,0.58,13.34
10643,control,317,2,14.64,0.124,0,0.0,lost_cause,0.02,0.18
10644,control,118,5,27.96,0.297,0,0.0,lost_cause,0.02,0.18
10645,treatment,25,20,332.2,0.589,1,30.19,sure_thing,0.03,0.72
10646,control,101,3,156.32,0.471,1,23.04,persuadable,0.58,13.34
10647,control,39,11,194.2,0.249,0,0.0,persuadable,0.58,13.34
10648,treatment,0,17,383.97,0.763,0,0.0,sure_thing,0.03,0.72
10649,treatment,147,5,12.81,0.068,0,0.0,lost_cause,0.02,0.18
10650,control,67,5,237.82,0.226,0,0.0,persuadable,0.58,13.34
10651,control,84,7,154.87,0.369,0,0.0,persuadable,0.58,13.34
10652,control,0,3,46.9,0.099,0,0.0,lost_cause,0.02,0.18
10653,control,60,6,162.56,0.314,0,0.0,persuadable,0.58,13.34
10654,treatment,3,14,70.71,0.327,1,21.91,persuadable,0.58,13.34
10655,control,38,7,158.7,0.263,1,37.16,sleeping_dog,-0.11,-4.84
10656,control,323,0,46.57,0.126,0,0.0,lost_cause,0.02,0.18
10657,control,307,1,33.38,0.122,1,8.61,lost_cause,0.02,0.18
10658,control,91,1,37.23,0.13,0,0.0,lost_cause,0.02,0.18
10659,treatment,126,3,44.91,0.187,0,0.0,lost_cause,0.02,0.18
10660,treatment,88,1,23.25,0.272,1,24.93,persuadable,0.58,13.34
10661,control,204,3,39.51,0.202,0,0.0,lost_cause,0.02,0.18
10662,control,43,8,84.41,0.306,0,0.0,persuadable,0.58,13.34
10663,treatment,118,3,63.23,0.173,0,0.0,lost_cause,0.02,0.18
10664,control,54,6,103.91,0.5,0,0.0,persuadable,0.58,13.34
10665,control,331,0,35.41,0.197,0,0.0,lost_cause,0.02,0.18
10666,control,20,12,220.28,0.308,0,0.0,persuadable,0.58,13.34
10667,treatment,372,2,56.27,0.223,0,0.0,lost_cause,0.02,0.18
10668,control,236,4,74.22,0.276,0,0.0,lost_cause,0.02,0.18
10669,control,241,3,12.13,0.117,0,0.0,lost_cause,0.02,0.18
10670,treatment,192,2,20.24,0.027,0,0.0,lost_cause,0.02,0.18
10671,treatment,92,1,9.47,0.266,0,0.0,lost_cause,0.02,0.18
10672,control,29,7,169.31,0.413,0,0.0,persuadable,0.58,13.34
10673,control,76,9,110.12,0.654,0,0.0,persuadable,0.58,13.34
10674,control,9,12,159.3,0.362,0,0.0,persuadable,0.58,13.34
10675,control,73,2,25.76,0.046,0,0.0,lost_cause,0.02,0.18
10676,control,17,9,127.27,0.566,0,0.0,persuadable,0.58,13.34
10677,treatment,39,13,122.07,0.377,1,19.24,persuadable,0.58,13.34
10678,control,54,3,240.81,0.258,1,21.27,persuadable,0.58,13.34
10679,treatment,3,20,527.38,0.906,1,26.32,sure_thing,0.03,0.72
10680,control,145,0,34.93,0.062,0,0.0,lost_cause,0.02,0.18
10681,treatment,201,2,43.93,0.194,0,0.0,lost_cause,0.02,0.18
10682,control,320,4,5.0,0.052,0,0.0,lost_cause,0.02,0.18
10683,control,149,2,35.12,0.094,1,8.58,lost_cause,0.02,0.18
10684,control,249,4,29.27,0.214,0,0.0,lost_cause,0.02,0.18
10685,control,43,3,196.84,0.146,0,0.0,sleeping_dog,-0.11,-4.84
10686,control,389,2,57.99,0.171,0,0.0,lost_cause,0.02,0.18
10687,treatment,15,29,441.8,0.293,0,0.0,sure_thing,0.03,0.72
10688,treatment,383,1,15.91,0.274,0,0.0,lost_cause,0.02,0.18
10689,control,79,1,227.98,0.215,0,0.0,persuadable,0.58,13.34
10690,treatment,79,6,156.85,0.308,1,26.46,persuadable,0.58,13.34
10691,treatment,305,4,42.85,0.195,0,0.0,lost_cause,0.02,0.18
10692,treatment,299,0,64.7,0.018,0,0.0,lost_cause,0.02,0.18
10693,treatment,72,6,220.05,0.602,1,23.01,persuadable,0.58,13.34
10694,treatment,0,1,46.33,0.276,0,0.0,lost_cause,0.02,0.18
10695,treatment,171,0,43.67,0.227,0,0.0,lost_cause,0.02,0.18
10696,treatment,238,2,11.25,0.0,0,0.0,lost_cause,0.02,0.18
10697,control,214,1,16.22,0.086,0,0.0,lost_cause,0.02,0.18
10698,treatment,28,1,205.77,0.551,1,38.29,persuadable,0.58,13.34
10699,treatment,31,9,218.46,0.444,1,12.05,persuadable,0.58,13.34
10700,treatment,17,17,351.06,0.579,1,20.83,sure_thing,0.03,0.72
10701,control,284,1,5.0,0.128,0,0.0,lost_cause,0.02,0.18
10702,treatment,39,6,166.92,0.241,0,0.0,persuadable,0.58,13.34
10703,control,16,20,394.86,0.631,0,0.0,sure_thing,0.03,0.72
10704,treatment,305,1,66.4,0.327,0,0.0,lost_cause,0.02,0.18
10705,control,262,1,38.78,0.145,0,0.0,lost_cause,0.02,0.18
10706,treatment,2,18,300.71,0.467,0,0.0,sure_thing,0.03,0.72
10707,treatment,42,26,427.36,0.526,1,21.61,sure_thing,0.03,0.72
10708,control,119,3,44.64,0.159,0,0.0,lost_cause,0.02,0.18
10709,treatment,25,20,490.95,0.452,1,13.95,sure_thing,0.03,0.72
10710,control,170,4,44.97,0.245,1,9.1,lost_cause,0.02,0.18
10711,control,18,16,295.59,0.509,1,24.2,sure_thing,0.03,0.72
10712,treatment,128,7,67.78,0.175,0,0.0,lost_cause,0.02,0.18
10713,control,55,8,183.28,0.08,1,37.6,sleeping_dog,-0.11,-4.84
10714,control,56,5,68.42,0.457,0,0.0,persuadable,0.58,13.34
10715,treatment,6,10,298.03,0.472,1,28.26,sure_thing,0.03,0.72
10716,control,40,0,190.11,0.091,1,54.94,sleeping_dog,-0.11,-4.84
10717,control,0,28,316.52,0.711,1,21.18,sure_thing,0.03,0.72
10718,treatment,7,16,363.26,0.484,1,22.26,sure_thing,0.03,0.72
10719,control,3,22,242.69,0.391,1,26.34,sure_thing,0.03,0.72
10720,treatment,72,11,146.97,0.624,1,25.5,persuadable,0.58,13.34
10721,treatment,3,7,226.54,0.177,0,0.0,sleeping_dog,-0.11,-4.84
10722,control,38,12,47.35,0.327,0,0.0,persuadable,0.58,13.34
10723,treatment,312,2,30.2,0.116,0,0.0,lost_cause,0.02,0.18
10724,control,248,4,46.68,0.18,0,0.0,lost_cause,0.02,0.18
10725,control,66,5,145.89,0.403,1,17.76,persuadable,0.58,13.34
10726,treatment,27,12,64.94,0.273,1,21.06,persuadable,0.58,13.34
10727,control,4,15,284.04,0.646,1,25.93,sure_thing,0.03,0.72
10728,control,18,16,402.3,0.439,1,31.64,sure_thing,0.03,0.72
10729,treatment,43,5,239.64,0.264,0,0.0,sleeping_dog,-0.11,-4.84
10730,treatment,329,1,16.48,0.177,0,0.0,lost_cause,0.02,0.18
10731,control,227,2,64.67,0.215,0,0.0,lost_cause,0.02,0.18
10732,treatment,117,2,28.83,0.114,0,0.0,lost_cause,0.02,0.18
10733,treatment,47,4,222.62,0.083,1,55.24,sleeping_dog,-0.11,-4.84
10734,control,9,18,517.77,0.609,1,30.41,sure_thing,0.03,0.72
10735,treatment,15,18,496.22,0.824,1,12.68,sure_thing,0.03,0.72
10736,control,201,2,11.64,0.166,0,0.0,lost_cause,0.02,0.18
10737,treatment,122,3,25.62,0.22,0,0.0,lost_cause,0.02,0.18
10738,control,81,2,5.0,0.04,0,0.0,lost_cause,0.02,0.18
10739,treatment,64,1,15.05,0.016,0,0.0,lost_cause,0.02,0.18
10740,treatment,297,1,31.61,0.311,0,0.0,lost_cause,0.02,0.18
10741,treatment,11,14,453.06,0.395,1,27.53,sure_thing,0.03,0.72
10742,control,183,1,26.08,0.0,0,0.0,lost_cause,0.02,0.18
10743,treatment,14,9,244.68,0.096,1,52.8,sleeping_dog,-0.11,-4.84
10744,control,85,1,208.86,0.147,0,0.0,persuadable,0.58,13.34
10745,control,12,23,519.02,0.701,1,25.66,sure_thing,0.03,0.72
10746,treatment,113,3,33.27,0.227,0,0.0,lost_cause,0.02,0.18
10747,treatment,155,0,28.14,0.033,0,0.0,lost_cause,0.02,0.18
10748,treatment,208,5,15.97,0.201,0,0.0,lost_cause,0.02,0.18
10749,treatment,17,22,440.63,0.726,1,23.35,sure_thing,0.03,0.72
10750,treatment,195,4,55.14,0.208,0,0.0,lost_cause,0.02,0.18
10751,control,88,7,79.81,0.028,0,0.0,persuadable,0.58,13.34
10752,treatment,183,1,7.65,0.05,1,9.88,lost_cause,0.02,0.18
10753,control,24,9,77.48,0.464,0,0.0,persuadable,0.58,13.34
10754,control,158,4,18.2,0.124,1,10.08,lost_cause,0.02,0.18
10755,treatment,12,15,413.61,0.357,0,0.0,sure_thing,0.03,0.72
10756,treatment,281,3,22.54,0.114,0,0.0,lost_cause,0.02,0.18
10757,treatment,14,9,161.19,0.443,1,17.62,persuadable,0.58,13.34
10758,control,175,1,46.21,0.129,0,0.0,lost_cause,0.02,0.18
10759,control,374,1,38.62,0.182,0,0.0,lost_cause,0.02,0.18
10760,control,130,3,23.31,0.194,0,0.0,lost_cause,0.02,0.18
10761,control,0,1,25.16,0.186,0,0.0,lost_cause,0.02,0.18
10762,control,71,10,194.24,0.3,0,0.0,persuadable,0.58,13.34
10763,control,10,15,608.55,0.798,1,14.11,sure_thing,0.03,0.72
10764,control,77,7,92.37,0.264,0,0.0,persuadable,0.58,13.34
10765,control,2,19,393.06,0.927,0,0.0,sure_thing,0.03,0.72
10766,treatment,5,15,441.11,0.641,1,21.48,sure_thing,0.03,0.72
10767,control,0,15,289.85,0.581,0,0.0,sure_thing,0.03,0.72
10768,control,130,2,56.82,0.145,0,0.0,lost_cause,0.02,0.18
10769,control,10,15,349.57,0.715,1,26.9,sure_thing,0.03,0.72
10770,treatment,260,1,63.8,0.201,0,0.0,lost_cause,0.02,0.18
10771,treatment,238,4,34.31,0.287,0,0.0,lost_cause,0.02,0.18
10772,treatment,271,0,19.76,0.08,0,0.0,lost_cause,0.02,0.18
10773,treatment,281,4,41.67,0.347,0,0.0,lost_cause,0.02,0.18
10774,treatment,0,6,330.7,0.618,0,0.0,sure_thing,0.03,0.72
10775,treatment,370,1,69.5,0.236,0,0.0,lost_cause,0.02,0.18
10776,treatment,163,2,24.0,0.153,0,0.0,lost_cause,0.02,0.18
10777,treatment,314,5,43.39,0.2,0,0.0,lost_cause,0.02,0.18
10778,treatment,17,5,344.21,0.155,1,57.68,sleeping_dog,-0.11,-4.84
10779,treatment,231,0,15.21,0.164,0,0.0,lost_cause,0.02,0.18
10780,treatment,194,0,34.23,0.0,0,0.0,lost_cause,0.02,0.18
10781,control,357,0,51.67,0.071,0,0.0,lost_cause,0.02,0.18
10782,control,347,0,42.25,0.028,0,0.0,lost_cause,0.02,0.18
10783,control,72,1,19.12,0.228,0,0.0,lost_cause,0.02,0.18
10784,control,64,9,91.28,0.353,0,0.0,persuadable,0.58,13.34
10785,treatment,0,6,207.76,0.154,0,0.0,sleeping_dog,-0.11,-4.84
10786,control,300,6,29.12,0.229,0,0.0,lost_cause,0.02,0.18
10787,control,87,7,156.97,0.564,0,0.0,persuadable,0.58,13.34
10788,control,291,1,27.97,0.342,0,0.0,lost_cause,0.02,0.18
10789,treatment,9,10,437.09,0.662,1,26.38,sure_thing,0.03,0.72
10790,control,64,4,61.43,0.875,0,0.0,persuadable,0.58,13.34
10791,control,101,2,46.24,0.283,0,0.0,lost_cause,0.02,0.18
10792,treatment,36,5,107.85,0.118,0,0.0,sleeping_dog,-0.11,-4.84
10793,treatment,147,3,13.27,0.245,0,0.0,lost_cause,0.02,0.18
10794,treatment,14,21,328.06,0.618,1,25.55,sure_thing,0.03,0.72
10795,treatment,36,2,148.55,0.221,1,26.64,sleeping_dog,-0.11,-4.84
10796,treatment,78,6,166.08,0.441,1,20.84,persuadable,0.58,13.34
10797,control,193,3,32.96,0.259,0,0.0,lost_cause,0.02,0.18
10798,control,14,11,522.7,0.554,1,27.35,sure_thing,0.03,0.72
10799,control,42,3,141.13,0.377,0,0.0,persuadable,0.58,13.34
10800,treatment,18,12,285.9,0.4,1,20.68,sure_thing,0.03,0.72
10801,control,29,5,70.52,0.141,1,48.3,sleeping_dog,-0.11,-4.84
10802,treatment,196,0,57.68,0.141,0,0.0,lost_cause,0.02,0.18
10803,treatment,56,4,51.05,0.132,1,47.48,sleeping_dog,-0.11,-4.84
10804,treatment,10,9,513.61,0.785,0,0.0,sure_thing,0.03,0.72
10805,treatment,20,14,369.02,0.482,0,0.0,sure_thing,0.03,0.72
10806,control,1,13,342.81,0.642,1,27.3,sure_thing,0.03,0.72
10807,control,306,3,59.49,0.175,0,0.0,lost_cause,0.02,0.18
10808,control,321,5,42.85,0.259,0,0.0,lost_cause,0.02,0.18
10809,treatment,93,4,61.0,0.32,0,0.0,lost_cause,0.02,0.18
10810,treatment,80,11,181.5,0.574,1,24.78,persuadable,0.58,13.34
10811,control,0,0,45.81,0.166,0,0.0,lost_cause,0.02,0.18
10812,treatment,137,2,49.24,0.121,0,0.0,lost_cause,0.02,0.18
10813,treatment,46,9,185.27,0.616,0,0.0,persuadable,0.58,13.34
10814,control,247,4,72.78,0.222,0,0.0,lost_cause,0.02,0.18
10815,control,65,0,185.26,0.233,1,31.3,sleeping_dog,-0.11,-4.84
10816,treatment,244,3,19.72,0.251,0,0.0,lost_cause,0.02,0.18
10817,control,0,24,394.68,0.704,1,24.75,sure_thing,0.03,0.72
10818,treatment,62,8,194.29,0.185,1,19.41,persuadable,0.58,13.34
10819,treatment,4,20,351.12,0.412,1,19.71,sure_thing,0.03,0.72
10820,treatment,19,6,129.99,0.051,0,0.0,sleeping_dog,-0.11,-4.84
10821,treatment,100,1,140.36,0.263,1,29.38,persuadable,0.58,13.34
10822,control,30,5,208.74,0.581,0,0.0,persuadable,0.58,13.34
10823,control,15,18,263.0,0.612,1,30.76,sure_thing,0.03,0.72
10824,treatment,339,1,52.1,0.098,0,0.0,lost_cause,0.02,0.18
10825,control,332,3,5.0,0.0,0,0.0,lost_cause,0.02,0.18
10826,treatment,321,3,21.17,0.097,0,0.0,lost_cause,0.02,0.18
10827,treatment,15,19,655.01,0.624,1,23.82,sure_thing,0.03,0.72
10828,control,6,7,87.97,0.106,1,37.86,sleeping_dog,-0.11,-4.84
10829,control,24,15,447.76,0.594,1,25.12,sure_thing,0.03,0.72
10830,control,115,1,36.85,0.197,0,0.0,lost_cause,0.02,0.18
10831,treatment,340,2,37.35,0.209,0,0.0,lost_cause,0.02,0.18
10832,treatment,133,2,63.97,0.177,0,0.0,lost_cause,0.02,0.18
10833,treatment,367,1,39.66,0.328,0,0.0,lost_cause,0.02,0.18
10834,control,22,9,427.89,0.767,0,0.0,sure_thing,0.03,0.72
10835,treatment,0,16,95.06,0.597,1,33.63,sure_thing,0.03,0.72
10836,treatment,29,6,225.4,0.147,1,34.29,sleeping_dog,-0.11,-4.84
10837,treatment,305,2,69.96,0.0,0,0.0,lost_cause,0.02,0.18
10838,treatment,70,3,98.77,0.169,0,0.0,persuadable,0.58,13.34
10839,control,268,1,22.04,0.068,0,0.0,lost_cause,0.02,0.18
10840,treatment,285,4,36.49,0.2,0,0.0,lost_cause,0.02,0.18
10841,control,43,8,196.31,0.442,1,26.05,persuadable,0.58,13.34
10842,control,271,2,25.23,0.286,0,0.0,lost_cause,0.02,0.18
10843,control,203,4,5.0,0.0,1,3.47,lost_cause,0.02,0.18
10844,control,95,3,27.58,0.376,0,0.0,lost_cause,0.02,0.18
10845,treatment,14,16,507.76,0.488,0,0.0,sure_thing,0.03,0.72
10846,treatment,3,2,39.09,0.275,0,0.0,sleeping_dog,-0.11,-4.84
10847,treatment,298,4,38.36,0.133,0,0.0,lost_cause,0.02,0.18
10848,treatment,269,1,23.5,0.087,0,0.0,lost_cause,0.02,0.18
10849,treatment,78,4,115.19,0.285,1,21.41,persuadable,0.58,13.34
10850,control,19,27,559.1,0.657,1,25.11,sure_thing,0.03,0.72
10851,treatment,272,2,21.31,0.067,0,0.0,lost_cause,0.02,0.18
10852,treatment,192,0,21.95,0.239,0,0.0,lost_cause,0.02,0.18
10853,control,305,3,16.33,0.422,0,0.0,lost_cause,0.02,0.18
10854,treatment,7,17,368.49,0.789,1,29.16,sure_thing,0.03,0.72
10855,treatment,79,6,181.65,0.197,0,0.0,persuadable,0.58,13.34
10856,control,161,2,25.2,0.129,0,0.0,lost_cause,0.02,0.18
10857,control,40,11,132.85,0.559,1,27.31,persuadable,0.58,13.34
10858,control,97,0,5.17,0.325,0,0.0,lost_cause,0.02,0.18
10859,control,8,13,293.71,0.495,1,24.03,sure_thing,0.03,0.72
10860,treatment,316,0,38.88,0.114,0,0.0,lost_cause,0.02,0.18
10861,treatment,194,0,5.0,0.23,0,0.0,lost_cause,0.02,0.18
10862,control,158,3,5.0,0.242,0,0.0,lost_cause,0.02,0.18
10863,treatment,176,1,28.99,0.153,0,0.0,lost_cause,0.02,0.18
10864,control,357,1,43.16,0.037,0,0.0,lost_cause,0.02,0.18
10865,control,15,19,656.29,0.411,1,16.04,sure_thing,0.03,0.72
10866,treatment,92,6,192.01,0.414,1,21.51,persuadable,0.58,13.34
10867,treatment,248,0,28.38,0.128,0,0.0,lost_cause,0.02,0.18
10868,treatment,48,6,215.45,0.389,1,35.16,persuadable,0.58,13.34
10869,control,175,7,5.7,0.0,0,0.0,lost_cause,0.02,0.18
10870,control,23,20,235.37,0.692,1,34.38,sure_thing,0.03,0.72
10871,treatment,124,2,29.67,0.108,0,0.0,lost_cause,0.02,0.18
10872,control,77,8,142.71,0.544,0,0.0,persuadable,0.58,13.34
10873,treatment,138,0,5.95,0.328,0,0.0,lost_cause,0.02,0.18
10874,control,29,20,513.36,0.653,1,37.44,sure_thing,0.03,0.72
10875,treatment,22,17,255.06,0.378,1,24.16,sure_thing,0.03,0.72
10876,treatment,0,21,390.2,0.338,1,16.08,sure_thing,0.03,0.72
10877,treatment,204,0,42.26,0.191,0,0.0,lost_cause,0.02,0.18
10878,control,36,10,271.29,0.246,0,0.0,persuadable,0.58,13.34
10879,treatment,26,32,541.63,0.393,1,22.3,sure_thing,0.03,0.72
10880,control,81,4,67.16,0.096,0,0.0,lost_cause,0.02,0.18
10881,treatment,184,2,41.5,0.06,0,0.0,lost_cause,0.02,0.18
10882,control,44,23,289.15,0.518,0,0.0,sure_thing,0.03,0.72
10883,control,6,13,328.14,0.649,1,18.53,sure_thing,0.03,0.72
10884,treatment,186,2,14.89,0.088,0,0.0,lost_cause,0.02,0.18
10885,control,104,2,46.12,0.0,0,0.0,lost_cause,0.02,0.18
10886,control,74,8,112.62,0.504,0,0.0,persuadable,0.58,13.34
10887,treatment,9,29,282.3,0.785,1,24.83,sure_thing,0.03,0.72
10888,control,177,2,60.69,0.149,1,4.48,lost_cause,0.02,0.18
10889,treatment,41,4,166.64,0.251,1,20.33,persuadable,0.58,13.34
10890,treatment,132,3,14.04,0.089,0,0.0,lost_cause,0.02,0.18
10891,control,40,2,136.36,0.18,0,0.0,persuadable,0.58,13.34
10892,control,54,1,156.93,0.398,0,0.0,persuadable,0.58,13.34
10893,treatment,221,5,50.39,0.146,0,0.0,lost_cause,0.02,0.18
10894,control,11,4,214.22,0.343,1,59.58,sleeping_dog,-0.11,-4.84
10895,control,83,0,95.61,0.603,1,15.97,persuadable,0.58,13.34
10896,treatment,354,1,26.94,0.178,0,0.0,lost_cause,0.02,0.18
10897,treatment,8,21,515.88,0.845,1,19.85,sure_thing,0.03,0.72
10898,control,8,16,415.47,0.766,1,26.01,sure_thing,0.03,0.72
10899,treatment,378,2,43.1,0.056,0,0.0,lost_cause,0.02,0.18
10900,treatment,120,3,48.63,0.301,0,0.0,lost_cause,0.02,0.18
10901,control,201,3,16.53,0.125,0,0.0,lost_cause,0.02,0.18
10902,control,18,17,512.4,0.567,0,0.0,sure_thing,0.03,0.72
10903,treatment,8,19,360.17,0.804,1,22.26,sure_thing,0.03,0.72
10904,treatment,38,4,139.02,0.178,1,43.71,sleeping_dog,-0.11,-4.84
10905,treatment,264,4,8.23,0.0,0,0.0,lost_cause,0.02,0.18
10906,control,0,22,485.76,0.697,1,15.15,sure_thing,0.03,0.72
10907,control,181,3,82.69,0.247,1,11.15,lost_cause,0.02,0.18
10908,control,77,1,67.84,0.125,0,0.0,lost_cause,0.02,0.18
10909,control,7,9,473.59,0.404,1,26.02,sure_thing,0.03,0.72
10910,control,33,15,228.72,0.479,0,0.0,persuadable,0.58,13.34
10911,control,8,14,304.0,0.806,0,0.0,sure_thing,0.03,0.72
10912,treatment,148,3,64.48,0.0,0,0.0,lost_cause,0.02,0.18
10913,control,126,0,44.41,0.213,0,0.0,lost_cause,0.02,0.18
10914,control,11,13,619.44,0.47,1,24.18,sure_thing,0.03,0.72
10915,treatment,103,5,195.61,0.324,1,17.66,persuadable,0.58,13.34
10916,control,44,10,152.18,0.3,0,0.0,persuadable,0.58,13.34
10917,treatment,111,2,41.33,0.138,0,0.0,lost_cause,0.02,0.18
10918,control,32,26,111.49,0.447,1,19.27,sure_thing,0.03,0.72
10919,treatment,227,3,47.61,0.184,1,6.49,lost_cause,0.02,0.18
10920,control,27,14,478.32,0.411,0,0.0,sure_thing,0.03,0.72
10921,treatment,206,5,29.41,0.0,0,0.0,lost_cause,0.02,0.18
10922,control,13,13,561.56,0.412,1,15.12,sure_thing,0.03,0.72
10923,treatment,19,24,372.05,0.581,0,0.0,sure_thing,0.03,0.72
10924,treatment,133,1,34.33,0.084,0,0.0,lost_cause,0.02,0.18
10925,control,354,2,45.83,0.116,0,0.0,lost_cause,0.02,0.18
10926,treatment,85,9,190.31,0.268,1,20.31,persuadable,0.58,13.34
10927,treatment,27,11,195.82,0.437,1,20.75,persuadable,0.58,13.34
10928,treatment,20,6,175.12,0.223,0,0.0,sleeping_dog,-0.11,-4.84
10929,control,6,29,416.2,0.651,1,16.75,sure_thing,0.03,0.72
10930,control,190,2,46.55,0.057,1,8.92,lost_cause,0.02,0.18
10931,control,364,0,31.85,0.155,0,0.0,lost_cause,0.02,0.18
10932,control,30,6,167.95,0.143,0,0.0,sleeping_dog,-0.11,-4.84
10933,control,47,8,182.54,0.541,0,0.0,persuadable,0.58,13.34
10934,control,180,2,26.63,0.194,1,6.57,lost_cause,0.02,0.18
10935,treatment,232,2,66.62,0.204,0,0.0,lost_cause,0.02,0.18
10936,treatment,177,1,29.99,0.241,0,0.0,lost_cause,0.02,0.18
10937,treatment,85,9,63.96,0.216,1,16.23,persuadable,0.58,13.34
10938,control,82,0,81.5,0.443,0,0.0,persuadable,0.58,13.34
10939,treatment,54,16,201.33,0.486,1,16.88,persuadable,0.58,13.34
10940,treatment,1,26,437.8,0.431,1,22.03,sure_thing,0.03,0.72
10941,control,188,2,21.22,0.147,1,14.08,lost_cause,0.02,0.18
10942,treatment,36,13,193.71,0.569,1,24.09,persuadable,0.58,13.34
10943,control,119,5,37.84,0.094,0,0.0,lost_cause,0.02,0.18
10944,treatment,18,9,202.0,0.463,1,17.49,persuadable,0.58,13.34
10945,treatment,93,1,26.08,0.085,0,0.0,lost_cause,0.02,0.18
10946,treatment,122,3,5.0,0.072,0,0.0,lost_cause,0.02,0.18
10947,treatment,0,22,149.25,0.522,1,20.45,sure_thing,0.03,0.72
10948,treatment,274,2,9.41,0.115,0,0.0,lost_cause,0.02,0.18
10949,control,24,11,117.2,0.425,0,0.0,persuadable,0.58,13.34
10950,treatment,7,21,394.58,0.755,1,25.5,sure_thing,0.03,0.72
10951,treatment,16,6,253.08,0.462,0,0.0,persuadable,0.58,13.34
10952,treatment,0,12,405.49,0.386,1,26.96,sure_thing,0.03,0.72
10953,treatment,0,17,458.5,0.624,1,31.14,sure_thing,0.03,0.72
10954,treatment,31,13,452.35,0.392,1,22.57,sure_thing,0.03,0.72
10955,treatment,283,2,5.0,0.266,0,0.0,lost_cause,0.02,0.18
10956,treatment,286,3,5.0,0.086,0,0.0,lost_cause,0.02,0.18
10957,control,134,8,132.76,0.316,0,0.0,persuadable,0.58,13.34
10958,control,0,17,163.97,0.724,0,0.0,sure_thing,0.03,0.72
10959,treatment,132,12,241.23,0.347,1,21.63,persuadable,0.58,13.34
10960,control,91,4,56.6,0.314,0,0.0,lost_cause,0.02,0.18
10961,treatment,341,3,29.65,0.102,0,0.0,lost_cause,0.02,0.18
10962,treatment,65,11,85.29,0.415,1,21.03,persuadable,0.58,13.34
10963,treatment,248,2,5.0,0.076,1,7.77,lost_cause,0.02,0.18
10964,treatment,1,6,145.48,0.0,0,0.0,persuadable,0.58,13.34
10965,treatment,122,3,20.54,0.114,0,0.0,lost_cause,0.02,0.18
10966,control,185,1,60.3,0.043,0,0.0,lost_cause,0.02,0.18
10967,control,10,15,399.49,0.592,1,25.91,sure_thing,0.03,0.72
10968,control,56,4,140.08,0.096,0,0.0,sleeping_dog,-0.11,-4.84
10969,control,198,3,5.0,0.0,0,0.0,lost_cause,0.02,0.18
10970,treatment,27,6,199.22,0.148,0,0.0,sleeping_dog,-0.11,-4.84
10971,control,7,10,409.45,0.605,0,0.0,sure_thing,0.03,0.72
10972,control,228,3,53.33,0.03,0,0.0,lost_cause,0.02,0.18
10973,control,27,2,11.25,0.247,0,0.0,lost_cause,0.02,0.18
10974,control,77,6,234.49,0.424,0,0.0,persuadable,0.58,13.34
10975,treatment,0,18,421.02,0.376,1,18.62,sure_thing,0.03,0.72
10976,control,74,9,203.77,0.329,0,0.0,persuadable,0.58,13.34
10977,treatment,71,1,23.48,0.257,0,0.0,lost_cause,0.02,0.18
10978,treatment,264,3,25.0,0.0,0,0.0,lost_cause,0.02,0.18
10979,treatment,12,16,570.19,0.772,1,26.62,sure_thing,0.03,0.72
10980,control,14,13,146.39,0.641,1,32.11,sure_thing,0.03,0.72
10981,control,256,0,48.85,0.236,1,13.3,lost_cause,0.02,0.18
10982,control,42,3,182.55,0.123,0,0.0,sleeping_dog,-0.11,-4.84
10983,control,45,5,80.98,0.635,0,0.0,persuadable,0.58,13.34
10984,control,123,1,18.91,0.136,0,0.0,lost_cause,0.02,0.18
10985,control,201,0,27.39,0.145,0,0.0,lost_cause,0.02,0.18
10986,control,81,6,154.62,0.235,0,0.0,persuadable,0.58,13.34
10987,control,48,9,45.58,0.289,0,0.0,persuadable,0.58,13.34
10988,control,83,4,165.06,0.25,0,0.0,persuadable,0.58,13.34
10989,control,290,4,14.62,0.23,0,0.0,lost_cause,0.02,0.18
10990,treatment,21,8,180.78,0.464,1,22.31,persuadable,0.58,13.34
10991,control,16,11,301.0,0.978,1,23.27,sure_thing,0.03,0.72
10992,treatment,213,4,51.71,0.239,0,0.0,lost_cause,0.02,0.18
10993,control,10,15,428.36,0.518,1,26.02,sure_thing,0.03,0.72
10994,control,181,3,37.62,0.246,0,0.0,lost_cause,0.02,0.18
10995,treatment,56,7,210.08,0.622,0,0.0,persuadable,0.58,13.34
10996,control,53,1,5.95,0.168,0,0.0,lost_cause,0.02,0.18
10997,treatment,107,2,15.52,0.023,0,0.0,lost_cause,0.02,0.18
10998,treatment,62,7,230.05,0.344,0,0.0,persuadable,0.58,13.34
10999,treatment,249,5,23.99,0.247,0,0.0,lost_cause,0.02,0.18
11000,control,44,6,166.52,0.292,0,0.0,persuadable,0.58,13.34
11001,control,73,5,203.34,0.406,1,27.02,persuadable,0.58,13.34
11002,control,5,10,437.99,0.477,1,21.32,sure_thing,0.03,0.72
11003,treatment,211,3,27.38,0.0,0,0.0,lost_cause,0.02,0.18
11004,control,244,4,29.24,0.202,0,0.0,lost_cause,0.02,0.18
11005,treatment,111,6,38.95,0.067,0,0.0,lost_cause,0.02,0.18
11006,treatment,0,5,32.28,0.0,0,0.0,lost_cause,0.02,0.18
11007,control,150,4,55.1,0.185,0,0.0,lost_cause,0.02,0.18
11008,treatment,166,3,15.93,0.129,0,0.0,lost_cause,0.02,0.18
11009,control,4,8,529.03,0.589,1,16.54,sure_thing,0.03,0.72
11010,treatment,6,18,494.31,0.599,1,29.8,sure_thing,0.03,0.72
11011,control,180,2,40.03,0.038,0,0.0,lost_cause,0.02,0.18
11012,treatment,333,2,60.19,0.181,0,0.0,lost_cause,0.02,0.18
11013,treatment,327,3,47.74,0.081,0,0.0,lost_cause,0.02,0.18
11014,control,237,4,47.24,0.185,0,0.0,lost_cause,0.02,0.18
11015,control,214,3,28.96,0.03,0,0.0,lost_cause,0.02,0.18
11016,treatment,28,17,442.69,0.636,1,26.59,sure_thing,0.03,0.72
11017,treatment,63,4,269.4,0.631,0,0.0,persuadable,0.58,13.34
11018,control,0,19,379.83,0.457,1,37.4,sure_thing,0.03,0.72
11019,treatment,236,2,13.49,0.185,0,0.0,lost_cause,0.02,0.18
11020,control,16,27,453.88,0.378,0,0.0,sure_thing,0.03,0.72
11021,treatment,192,3,5.0,0.198,1,9.87,lost_cause,0.02,0.18
11022,control,306,5,19.96,0.029,0,0.0,lost_cause,0.02,0.18
11023,control,62,3,18.35,0.281,0,0.0,lost_cause,0.02,0.18
11024,control,1,18,383.49,0.548,1,17.7,sure_thing,0.03,0.72
11025,control,29,24,500.09,0.59,1,21.24,sure_thing,0.03,0.72
11026,treatment,280,0,60.67,0.0,0,0.0,lost_cause,0.02,0.18
11027,treatment,32,5,172.76,0.079,1,28.32,sleeping_dog,-0.11,-4.84
11028,control,239,2,11.4,0.197,0,0.0,lost_cause,0.02,0.18
11029,control,18,7,394.51,0.65,1,27.66,sure_thing,0.03,0.72
11030,control,11,31,368.03,0.65,1,26.15,sure_thing,0.03,0.72
11031,treatment,182,3,44.05,0.068,0,0.0,lost_cause,0.02,0.18
11032,treatment,67,4,37.84,0.085,0,0.0,lost_cause,0.02,0.18
11033,treatment,31,16,427.35,1.0,0,0.0,sure_thing,0.03,0.72
11034,treatment,18,29,540.51,0.707,1,19.55,sure_thing,0.03,0.72
11035,control,2,23,423.95,0.613,0,0.0,sure_thing,0.03,0.72
11036,control,23,16,353.65,0.678,1,15.3,sure_thing,0.03,0.72
11037,treatment,236,1,72.06,0.035,0,0.0,lost_cause,0.02,0.18
11038,control,108,1,14.41,0.13,0,0.0,lost_cause,0.02,0.18
11039,treatment,35,12,110.75,0.347,0,0.0,persuadable,0.58,13.34
11040,control,99,1,61.88,0.122,0,0.0,lost_cause,0.02,0.18
11041,control,194,4,6.36,0.066,0,0.0,lost_cause,0.02,0.18
11042,control,65,4,120.18,0.215,0,0.0,persuadable,0.58,13.34
11043,control,187,2,46.82,0.187,0,0.0,lost_cause,0.02,0.18
11044,control,62,10,47.77,0.334,1,23.25,persuadable,0.58,13.34
11045,treatment,24,16,337.38,0.685,0,0.0,sure_thing,0.03,0.72
11046,control,204,3,63.19,0.2,0,0.0,lost_cause,0.02,0.18
11047,control,139,3,23.02,0.124,0,0.0,lost_cause,0.02,0.18
11048,treatment,15,27,409.88,0.587,1,24.55,sure_thing,0.03,0.72
11049,control,86,3,93.68,0.496,0,0.0,persuadable,0.58,13.34
11050,treatment,200,2,41.18,0.192,0,0.0,lost_cause,0.02,0.18
11051,treatment,360,0,54.58,0.013,0,0.0,lost_cause,0.02,0.18
11052,treatment,16,8,487.2,0.294,1,21.66,sure_thing,0.03,0.72
11053,control,93,12,116.06,0.757,0,0.0,persuadable,0.58,13.34
11054,control,205,5,18.43,0.172,1,7.67,lost_cause,0.02,0.18
11055,treatment,122,0,13.94,0.159,0,0.0,lost_cause,0.02,0.18
11056,treatment,52,4,175.43,0.033,0,0.0,sleeping_dog,-0.11,-4.84
11057,control,0,21,450.26,0.495,0,0.0,sure_thing,0.03,0.72
11058,control,45,5,167.29,0.439,1,15.73,persuadable,0.58,13.34
11059,treatment,0,13,613.67,0.53,1,20.95,sure_thing,0.03,0.72
11060,control,0,21,642.89,0.541,0,0.0,sure_thing,0.03,0.72
11061,control,132,2,5.0,0.415,0,0.0,lost_cause,0.02,0.18
11062,control,19,22,688.47,0.454,0,0.0,sure_thing,0.03,0.72
11063,treatment,51,10,218.32,0.319,1,19.22,persuadable,0.58,13.34
11064,treatment,149,3,33.6,0.056,0,0.0,lost_cause,0.02,0.18
11065,control,338,2,13.54,0.188,0,0.0,lost_cause,0.02,0.18
11066,treatment,252,3,68.93,0.095,0,0.0,lost_cause,0.02,0.18
11067,control,41,2,187.66,0.339,0,0.0,persuadable,0.58,13.34
11068,treatment,337,2,34.69,0.253,0,0.0,lost_cause,0.02,0.18
11069,control,243,3,57.02,0.191,1,5.92,lost_cause,0.02,0.18
11070,control,14,15,554.9,0.298,1,24.52,sure_thing,0.03,0.72
11071,control,48,4,178.59,0.116,1,26.43,sleeping_dog,-0.11,-4.84
11072,control,357,3,35.56,0.223,0,0.0,lost_cause,0.02,0.18
11073,treatment,45,0,77.9,0.191,0,0.0,lost_cause,0.02,0.18
11074,control,46,1,177.42,0.356,0,0.0,persuadable,0.58,13.34
11075,treatment,15,13,412.99,0.57,1,23.6,sure_thing,0.03,0.72
11076,treatment,63,0,61.69,0.0,0,0.0,lost_cause,0.02,0.18
11077,control,24,1,250.97,0.094,1,54.85,sleeping_dog,-0.11,-4.84
11078,control,225,4,29.59,0.089,0,0.0,lost_cause,0.02,0.18
11079,control,252,0,35.64,0.129,0,0.0,lost_cause,0.02,0.18
11080,control,37,6,114.77,0.326,0,0.0,persuadable,0.58,13.34
11081,control,50,5,235.13,0.508,1,24.46,persuadable,0.58,13.34
11082,control,16,25,359.11,0.795,1,24.89,sure_thing,0.03,0.72
11083,treatment,102,2,5.0,0.085,0,0.0,lost_cause,0.02,0.18
11084,control,59,6,93.11,0.365,0,0.0,persuadable,0.58,13.34
11085,control,171,4,40.73,0.088,0,0.0,lost_cause,0.02,0.18
11086,treatment,163,3,14.4,0.401,0,0.0,lost_cause,0.02,0.18
11087,control,266,0,51.13,0.071,0,0.0,lost_cause,0.02,0.18
11088,control,129,2,50.47,0.239,0,0.0,lost_cause,0.02,0.18
11089,treatment,109,2,18.81,0.155,0,0.0,lost_cause,0.02,0.18
11090,treatment,24,16,399.54,0.55,1,27.51,sure_thing,0.03,0.72
11091,control,1,21,319.95,0.749,1,25.7,sure_thing,0.03,0.72
11092,treatment,56,5,251.66,0.215,1,29.15,sleeping_dog,-0.11,-4.84
11093,control,152,2,54.25,0.138,0,0.0,lost_cause,0.02,0.18
11094,control,9,15,156.78,0.429,1,8.84,sure_thing,0.03,0.72
11095,treatment,130,3,11.3,0.302,0,0.0,lost_cause,0.02,0.18
11096,treatment,216,1,16.56,0.151,0,0.0,lost_cause,0.02,0.18
11097,treatment,199,3,5.0,0.027,0,0.0,lost_cause,0.02,0.18
11098,control,53,8,66.97,0.072,1,28.94,sleeping_dog,-0.11,-4.84
11099,control,280,4,21.46,0.165,0,0.0,lost_cause,0.02,0.18
11100,control,5,9,684.02,0.501,1,27.12,sure_thing,0.03,0.72
11101,control,20,5,120.02,0.38,1,21.66,persuadable,0.58,13.34
11102,control,54,3,279.06,0.0,1,46.56,sleeping_dog,-0.11,-4.84
11103,treatment,25,9,119.56,0.483,1,25.72,persuadable,0.58,13.34
11104,treatment,153,2,19.87,0.079,0,0.0,lost_cause,0.02,0.18
11105,control,31,9,115.04,0.193,0,0.0,persuadable,0.58,13.34
11106,treatment,12,22,595.35,0.45,0,0.0,sure_thing,0.03,0.72
11107,treatment,2,13,545.23,0.441,1,18.75,sure_thing,0.03,0.72
11108,control,54,13,140.63,0.224,0,0.0,persuadable,0.58,13.34
11109,treatment,170,3,45.58,0.315,0,0.0,lost_cause,0.02,0.18
11110,control,0,5,217.74,0.312,0,0.0,persuadable,0.58,13.34
11111,treatment,115,5,88.11,0.347,1,19.29,persuadable,0.58,13.34
11112,treatment,2,14,320.39,0.642,1,27.93,sure_thing,0.03,0.72
11113,treatment,128,4,51.43,0.205,0,0.0,lost_cause,0.02,0.18
11114,treatment,20,5,222.84,0.531,1,15.39,persuadable,0.58,13.34
11115,treatment,395,3,27.8,0.141,0,0.0,lost_cause,0.02,0.18
11116,control,135,1,54.87,0.194,0,0.0,lost_cause,0.02,0.18
11117,treatment,70,11,90.5,0.34,1,25.03,persuadable,0.58,13.34
11118,control,71,10,193.1,0.337,0,0.0,persuadable,0.58,13.34
11119,treatment,261,0,59.65,0.248,0,0.0,lost_cause,0.02,0.18
11120,treatment,24,25,308.36,0.497,1,23.43,sure_thing,0.03,0.72
11121,control,108,8,66.67,0.102,0,0.0,persuadable,0.58,13.34
11122,treatment,13,22,652.53,0.559,1,20.7,sure_thing,0.03,0.72
11123,control,255,0,5.0,0.062,0,0.0,lost_cause,0.02,0.18
11124,control,115,3,26.72,0.146,0,0.0,lost_cause,0.02,0.18
11125,control,15,17,328.52,0.324,1,29.61,sure_thing,0.03,0.72
11126,control,61,6,162.86,0.344,0,0.0,persuadable,0.58,13.34
11127,treatment,277,2,29.48,0.111,1,9.79,lost_cause,0.02,0.18
11128,control,245,2,69.44,0.178,0,0.0,lost_cause,0.02,0.18
11129,treatment,38,5,154.5,0.504,1,26.05,persuadable,0.58,13.34
11130,control,139,7,49.35,0.134,0,0.0,lost_cause,0.02,0.18
11131,treatment,68,3,40.47,0.284,0,0.0,lost_cause,0.02,0.18
11132,treatment,170,1,21.63,0.06,1,10.36,lost_cause,0.02,0.18
11133,control,160,4,44.55,0.25,1,4.86,lost_cause,0.02,0.18
11134,control,114,4,60.76,0.109,0,0.0,lost_cause,0.02,0.18
11135,treatment,125,2,32.08,0.053,0,0.0,lost_cause,0.02,0.18
11136,treatment,247,3,13.69,0.149,0,0.0,lost_cause,0.02,0.18
11137,treatment,9,21,365.08,0.528,1,38.12,sure_thing,0.03,0.72
11138,control,135,3,54.2,0.186,0,0.0,lost_cause,0.02,0.18
11139,treatment,108,2,5.0,0.104,0,0.0,lost_cause,0.02,0.18
11140,treatment,19,2,144.65,0.115,1,37.79,sleeping_dog,-0.11,-4.84
11141,treatment,22,16,504.44,0.443,1,30.89,sure_thing,0.03,0.72
11142,control,65,5,140.13,0.385,0,0.0,persuadable,0.58,13.34
11143,control,217,1,27.94,0.032,0,0.0,lost_cause,0.02,0.18
11144,control,29,11,172.44,0.579,0,0.0,persuadable,0.58,13.34
11145,control,327,4,53.32,0.085,1,5.02,lost_cause,0.02,0.18
11146,treatment,0,5,113.59,0.209,0,0.0,sleeping_dog,-0.11,-4.84
11147,treatment,31,4,185.22,0.116,0,0.0,sleeping_dog,-0.11,-4.84
11148,treatment,11,7,315.79,0.52,1,14.84,sure_thing,0.03,0.72
11149,treatment,111,4,15.81,0.268,0,0.0,lost_cause,0.02,0.18
11150,treatment,101,7,257.38,0.245,1,20.45,persuadable,0.58,13.34
11151,control,48,4,133.03,0.604,0,0.0,persuadable,0.58,13.34
11152,treatment,7,12,332.28,0.758,1,31.16,sure_thing,0.03,0.72
11153,control,77,6,177.19,0.452,0,0.0,persuadable,0.58,13.34
11154,treatment,100,1,31.02,0.2,0,0.0,lost_cause,0.02,0.18
11155,treatment,32,10,166.09,0.582,1,32.55,persuadable,0.58,13.34
11156,treatment,327,3,7.46,0.0,0,0.0,lost_cause,0.02,0.18
11157,control,3,17,244.79,0.535,1,28.93,sure_thing,0.03,0.72
11158,treatment,18,1,67.82,0.064,0,0.0,lost_cause,0.02,0.18
11159,control,177,0,33.44,0.147,0,0.0,lost_cause,0.02,0.18
11160,treatment,322,3,45.69,0.125,0,0.0,lost_cause,0.02,0.18
11161,control,22,9,65.16,0.45,0,0.0,persuadable,0.58,13.34
11162,treatment,194,2,23.12,0.223,0,0.0,lost_cause,0.02,0.18
11163,control,21,19,481.65,0.58,0,0.0,sure_thing,0.03,0.72
11164,control,6,20,641.63,0.593,1,25.32,sure_thing,0.03,0.72
11165,control,150,2,73.17,0.164,0,0.0,lost_cause,0.02,0.18
11166,control,208,2,62.82,0.078,0,0.0,lost_cause,0.02,0.18
11167,treatment,265,3,36.72,0.127,0,0.0,lost_cause,0.02,0.18
11168,control,140,3,45.09,0.068,0,0.0,lost_cause,0.02,0.18
11169,treatment,202,1,5.0,0.282,0,0.0,lost_cause,0.02,0.18
11170,control,160,2,39.89,0.17,0,0.0,lost_cause,0.02,0.18
11171,treatment,246,3,60.34,0.087,0,0.0,lost_cause,0.02,0.18
11172,control,0,24,483.31,0.387,0,0.0,sure_thing,0.03,0.72
11173,control,56,5,135.74,0.098,1,37.53,sleeping_dog,-0.11,-4.84
11174,treatment,231,0,24.67,0.052,0,0.0,lost_cause,0.02,0.18
11175,treatment,144,2,28.94,0.115,1,10.52,lost_cause,0.02,0.18
11176,control,3,20,564.0,0.444,1,23.67,sure_thing,0.03,0.72
11177,control,197,0,27.11,0.182,0,0.0,lost_cause,0.02,0.18
11178,treatment,223,2,43.88,0.191,0,0.0,lost_cause,0.02,0.18
11179,control,12,27,476.91,0.691,1,22.06,sure_thing,0.03,0.72
11180,treatment,318,3,38.88,0.147,0,0.0,lost_cause,0.02,0.18
11181,control,203,3,5.0,0.312,0,0.0,lost_cause,0.02,0.18
11182,treatment,134,2,49.14,0.112,0,0.0,lost_cause,0.02,0.18
11183,control,80,12,62.38,0.631,0,0.0,persuadable,0.58,13.34
11184,control,215,2,26.14,0.286,1,8.32,lost_cause,0.02,0.18
11185,control,58,9,94.47,0.531,0,0.0,persuadable,0.58,13.34
11186,control,0,23,300.89,0.651,1,26.08,sure_thing,0.03,0.72
11187,treatment,65,7,99.48,0.509,1,23.16,persuadable,0.58,13.34
11188,treatment,22,22,448.51,0.594,1,30.05,sure_thing,0.03,0.72
11189,treatment,42,8,145.52,0.319,1,24.43,persuadable,0.58,13.34
11190,treatment,104,4,39.23,0.329,1,18.13,persuadable,0.58,13.34
11191,control,389,1,33.65,0.343,0,0.0,lost_cause,0.02,0.18
11192,control,324,4,26.12,0.194,0,0.0,lost_cause,0.02,0.18
11193,control,15,17,535.53,0.509,1,23.6,sure_thing,0.03,0.72
11194,treatment,9,13,466.67,0.513,1,26.56,sure_thing,0.03,0.72
11195,control,34,16,566.03,0.421,1,33.65,sure_thing,0.03,0.72
11196,control,332,0,22.47,0.042,0,0.0,lost_cause,0.02,0.18
11197,treatment,12,4,87.5,0.271,0,0.0,sleeping_dog,-0.11,-4.84
11198,treatment,12,11,438.51,0.825,0,0.0,sure_thing,0.03,0.72
11199,control,1,15,199.73,0.525,1,20.71,sure_thing,0.03,0.72
11200,treatment,84,0,38.22,0.22,0,0.0,lost_cause,0.02,0.18
11201,treatment,385,1,9.94,0.039,0,0.0,lost_cause,0.02,0.18
11202,control,253,1,6.67,0.138,0,0.0,lost_cause,0.02,0.18
11203,control,26,0,151.13,0.198,0,0.0,sleeping_dog,-0.11,-4.84
11204,treatment,236,3,30.31,0.089,0,0.0,lost_cause,0.02,0.18
11205,treatment,13,15,487.95,0.77,0,0.0,sure_thing,0.03,0.72
11206,control,91,10,204.74,0.478,0,0.0,persuadable,0.58,13.34
11207,treatment,21,22,434.54,0.56,1,24.92,sure_thing,0.03,0.72
11208,treatment,80,9,55.25,0.081,1,19.55,persuadable,0.58,13.34
11209,control,216,2,57.4,0.14,0,0.0,lost_cause,0.02,0.18
11210,control,257,0,26.9,0.273,0,0.0,lost_cause,0.02,0.18
11211,control,30,0,29.13,0.114,0,0.0,lost_cause,0.02,0.18
11212,treatment,22,19,515.93,0.317,1,21.19,sure_thing,0.03,0.72
11213,treatment,11,25,333.39,0.691,1,23.97,sure_thing,0.03,0.72
11214,treatment,298,0,30.42,0.358,0,0.0,lost_cause,0.02,0.18
11215,control,69,4,91.62,0.466,1,26.78,persuadable,0.58,13.34
11216,treatment,84,0,35.7,0.15,0,0.0,lost_cause,0.02,0.18
11217,control,361,2,25.55,0.047,0,0.0,lost_cause,0.02,0.18
11218,control,0,24,646.67,0.171,1,22.37,sure_thing,0.03,0.72
11219,treatment,25,14,576.71,0.361,1,33.97,sure_thing,0.03,0.72
11220,control,21,7,203.31,0.481,0,0.0,persuadable,0.58,13.34
11221,control,17,23,542.6,0.341,1,15.3,sure_thing,0.03,0.72
11222,control,236,4,64.3,0.176,0,0.0,lost_cause,0.02,0.18
11223,treatment,10,15,321.73,0.268,1,20.01,sure_thing,0.03,0.72
11224,control,149,1,40.67,0.05,0,0.0,lost_cause,0.02,0.18
11225,control,118,1,35.84,0.155,0,0.0,lost_cause,0.02,0.18
11226,treatment,51,10,157.39,0.555,1,20.64,persuadable,0.58,13.34
11227,treatment,50,5,166.04,0.108,1,53.82,sleeping_dog,-0.11,-4.84
11228,treatment,41,11,138.11,0.338,1,23.97,persuadable,0.58,13.34
11229,treatment,185,2,42.1,0.359,0,0.0,lost_cause,0.02,0.18
11230,treatment,346,2,49.41,0.327,1,10.48,lost_cause,0.02,0.18
11231,control,28,3,199.57,0.26,1,25.94,persuadable,0.58,13.34
11232,control,95,5,174.08,0.319,0,0.0,persuadable,0.58,13.34
11233,control,207,2,57.72,0.033,0,0.0,lost_cause,0.02,0.18
11234,treatment,218,4,32.05,0.053,0,0.0,lost_cause,0.02,0.18
11235,control,23,31,308.6,0.543,1,24.55,sure_thing,0.03,0.72
11236,treatment,135,2,37.57,0.034,0,0.0,lost_cause,0.02,0.18
11237,treatment,349,2,40.62,0.136,0,0.0,lost_cause,0.02,0.18
11238,treatment,183,2,23.12,0.117,0,0.0,lost_cause,0.02,0.18
11239,treatment,32,21,496.52,0.523,1,23.82,sure_thing,0.03,0.72
11240,control,55,5,97.76,0.578,0,0.0,persuadable,0.58,13.34
11241,treatment,65,7,115.98,0.526,1,23.56,persuadable,0.58,13.34
11242,control,11,12,553.78,0.761,1,35.22,sure_thing,0.03,0.72
11243,control,28,8,531.01,0.488,1,32.57,sure_thing,0.03,0.72
11244,treatment,24,17,547.6,0.516,0,0.0,sure_thing,0.03,0.72
11245,treatment,44,10,127.12,0.595,1,24.03,persuadable,0.58,13.34
11246,treatment,10,13,388.43,0.51,1,24.2,sure_thing,0.03,0.72
11247,treatment,12,17,464.76,0.379,1,24.73,sure_thing,0.03,0.72
11248,control,26,6,165.24,0.441,0,0.0,persuadable,0.58,13.34
11249,control,148,0,22.4,0.181,0,0.0,lost_cause,0.02,0.18
11250,control,239,0,31.81,0.006,0,0.0,lost_cause,0.02,0.18
11251,control,12,22,253.13,0.424,1,26.63,sure_thing,0.03,0.72
11252,control,152,0,42.62,0.134,0,0.0,lost_cause,0.02,0.18
11253,treatment,67,6,191.65,0.44,1,18.61,persuadable,0.58,13.34
11254,treatment,186,1,33.64,0.055,0,0.0,lost_cause,0.02,0.18
11255,control,3,20,312.54,0.254,1,22.2,sure_thing,0.03,0.72
11256,control,8,19,370.77,0.685,1,25.15,sure_thing,0.03,0.72
11257,control,57,1,5.0,0.03,0,0.0,lost_cause,0.02,0.18
11258,control,61,2,10.94,0.239,0,0.0,lost_cause,0.02,0.18
11259,treatment,255,3,37.5,0.086,0,0.0,lost_cause,0.02,0.18
11260,control,134,0,25.81,0.332,0,0.0,lost_cause,0.02,0.18
11261,treatment,254,3,34.18,0.027,0,0.0,lost_cause,0.02,0.18
11262,treatment,8,21,367.01,0.343,1,23.36,sure_thing,0.03,0.72
11263,control,246,5,24.47,0.187,0,0.0,lost_cause,0.02,0.18
11264,control,10,18,560.99,0.526,1,33.31,sure_thing,0.03,0.72
11265,control,0,17,476.57,0.41,1,25.72,sure_thing,0.03,0.72
11266,control,6,20,483.42,0.621,1,30.47,sure_thing,0.03,0.72
11267,treatment,5,11,300.04,0.705,1,22.43,sure_thing,0.03,0.72
11268,treatment,269,2,55.47,0.182,0,0.0,lost_cause,0.02,0.18
11269,control,22,14,201.66,0.423,1,29.88,sure_thing,0.03,0.72
11270,treatment,30,10,264.53,0.255,1,19.99,persuadable,0.58,13.34
11271,control,85,7,121.93,0.406,0,0.0,persuadable,0.58,13.34
11272,treatment,266,2,43.36,0.309,0,0.0,lost_cause,0.02,0.18
11273,treatment,304,4,49.74,0.395,0,0.0,lost_cause,0.02,0.18
11274,treatment,65,4,194.69,0.251,1,22.39,persuadable,0.58,13.34
11275,control,11,17,486.34,0.778,1,21.87,sure_thing,0.03,0.72
11276,treatment,193,3,10.69,0.39,0,0.0,lost_cause,0.02,0.18
11277,treatment,31,6,95.93,0.329,1,21.52,persuadable,0.58,13.34
11278,treatment,8,4,122.96,0.198,1,21.13,persuadable,0.58,13.34
11279,control,0,18,326.71,0.618,1,19.87,sure_thing,0.03,0.72
11280,treatment,176,3,56.53,0.263,0,0.0,lost_cause,0.02,0.18
11281,control,0,3,187.82,0.222,1,47.03,sleeping_dog,-0.11,-4.84
11282,control,15,10,611.96,0.487,1,25.58,sure_thing,0.03,0.72
11283,treatment,303,1,21.2,0.252,0,0.0,lost_cause,0.02,0.18
11284,treatment,105,1,72.56,0.256,1,9.03,lost_cause,0.02,0.18
11285,control,20,4,298.69,0.07,1,46.48,sleeping_dog,-0.11,-4.84
11286,control,1,20,413.46,0.531,1,18.84,sure_thing,0.03,0.72
11287,treatment,123,3,26.47,0.246,0,0.0,lost_cause,0.02,0.18
11288,control,92,3,31.44,0.054,0,0.0,lost_cause,0.02,0.18
11289,treatment,55,9,183.65,0.3,1,26.12,persuadable,0.58,13.34
11290,control,135,2,5.0,0.0,0,0.0,lost_cause,0.02,0.18
11291,treatment,6,14,465.03,0.614,1,23.87,sure_thing,0.03,0.72
11292,control,16,12,236.41,0.826,0,0.0,sure_thing,0.03,0.72
11293,control,17,11,422.02,0.442,1,19.68,sure_thing,0.03,0.72
11294,treatment,4,21,395.27,0.257,1,25.03,sure_thing,0.03,0.72
11295,treatment,318,4,39.21,0.056,0,0.0,lost_cause,0.02,0.18
11296,control,26,15,465.14,0.408,1,18.96,sure_thing,0.03,0.72
11297,treatment,18,7,115.38,0.63,1,27.29,persuadable,0.58,13.34
11298,treatment,11,19,458.43,0.557,1,21.26,sure_thing,0.03,0.72
11299,control,2,20,359.63,0.452,1,29.03,sure_thing,0.03,0.72
11300,control,20,19,417.84,0.364,0,0.0,sure_thing,0.03,0.72
11301,control,329,4,16.56,0.035,0,0.0,lost_cause,0.02,0.18
11302,treatment,166,0,21.45,0.212,0,0.0,lost_cause,0.02,0.18
11303,control,1,8,146.25,0.371,0,0.0,persuadable,0.58,13.34
11304,treatment,22,21,266.35,0.327,1,25.77,sure_thing,0.03,0.72
11305,treatment,76,2,50.63,0.231,0,0.0,lost_cause,0.02,0.18
11306,treatment,54,7,113.14,0.268,1,33.03,persuadable,0.58,13.34
11307,treatment,138,1,78.93,0.124,0,0.0,lost_cause,0.02,0.18
11308,control,224,3,23.39,0.082,0,0.0,lost_cause,0.02,0.18
11309,treatment,348,6,9.52,0.226,0,0.0,lost_cause,0.02,0.18
11310,control,40,13,225.27,0.415,0,0.0,persuadable,0.58,13.34
11311,control,55,6,126.96,0.502,0,0.0,persuadable,0.58,13.34
11312,control,188,1,5.0,0.257,0,0.0,lost_cause,0.02,0.18
11313,control,292,1,21.64,0.189,0,0.0,lost_cause,0.02,0.18
11314,treatment,75,6,188.87,0.576,1,32.21,persuadable,0.58,13.34
11315,control,279,3,41.51,0.243,0,0.0,lost_cause,0.02,0.18
11316,treatment,1,14,554.35,0.68,1,22.65,sure_thing,0.03,0.72
11317,control,3,18,573.55,0.552,1,22.59,sure_thing,0.03,0.72
11318,control,45,4,158.18,0.11,1,59.61,sleeping_dog,-0.11,-4.84
11319,treatment,2,11,336.36,0.586,1,20.02,sure_thing,0.03,0.72
11320,control,77,1,7.23,0.058,0,0.0,lost_cause,0.02,0.18
11321,control,22,29,459.44,0.473,0,0.0,sure_thing,0.03,0.72
11322,control,59,4,73.48,0.091,1,20.91,persuadable,0.58,13.34
11323,treatment,311,2,14.5,0.073,0,0.0,lost_cause,0.02,0.18
11324,treatment,325,4,62.24,0.285,0,0.0,lost_cause,0.02,0.18
11325,control,259,4,56.93,0.088,0,0.0,lost_cause,0.02,0.18
11326,control,72,14,153.89,0.338,0,0.0,persuadable,0.58,13.34
11327,control,52,3,163.16,0.349,0,0.0,sleeping_dog,-0.11,-4.84
11328,control,13,20,535.64,0.553,1,26.72,sure_thing,0.03,0.72
11329,control,200,5,58.17,0.296,0,0.0,lost_cause,0.02,0.18
11330,treatment,318,4,13.69,0.402,0,0.0,lost_cause,0.02,0.18
11331,control,260,2,18.93,0.171,0,0.0,lost_cause,0.02,0.18
11332,treatment,225,2,12.72,0.26,0,0.0,lost_cause,0.02,0.18
11333,control,22,20,460.55,0.002,1,26.58,sure_thing,0.03,0.72
11334,control,0,20,481.25,0.629,1,28.22,sure_thing,0.03,0.72
11335,treatment,250,4,27.71,0.189,0,0.0,lost_cause,0.02,0.18
11336,treatment,36,5,125.23,0.057,0,0.0,sleeping_dog,-0.11,-4.84
11337,treatment,3,14,301.75,0.58,1,25.1,sure_thing,0.03,0.72
11338,control,9,20,434.81,0.886,1,19.48,sure_thing,0.03,0.72
11339,control,31,8,177.04,0.505,1,23.99,persuadable,0.58,13.34
11340,control,341,1,28.73,0.179,1,7.02,lost_cause,0.02,0.18
11341,control,0,17,343.62,0.529,1,23.57,sure_thing,0.03,0.72
11342,control,122,3,43.54,0.133,0,0.0,lost_cause,0.02,0.18
11343,control,11,24,307.24,0.906,1,19.75,sure_thing,0.03,0.72
11344,treatment,15,4,280.19,0.074,0,0.0,sleeping_dog,-0.11,-4.84
11345,control,191,1,48.23,0.256,0,0.0,lost_cause,0.02,0.18
11346,control,166,4,45.8,0.183,0,0.0,lost_cause,0.02,0.18
11347,treatment,233,3,51.03,0.178,1,10.72,lost_cause,0.02,0.18
11348,treatment,0,23,493.01,0.637,1,19.77,sure_thing,0.03,0.72
11349,treatment,76,5,87.71,0.469,1,22.9,persuadable,0.58,13.34
11350,treatment,78,6,127.58,0.3,1,18.72,persuadable,0.58,13.34
11351,control,14,14,478.09,0.426,1,30.1,sure_thing,0.03,0.72
11352,treatment,224,0,54.04,0.0,0,0.0,lost_cause,0.02,0.18
11353,treatment,12,16,654.24,0.402,1,26.66,sure_thing,0.03,0.72
11354,treatment,176,1,28.37,0.124,0,0.0,lost_cause,0.02,0.18
11355,control,233,1,28.78,0.126,0,0.0,lost_cause,0.02,0.18
11356,treatment,3,4,31.88,0.298,0,0.0,persuadable,0.58,13.34
11357,treatment,31,9,153.24,0.3,1,23.56,persuadable,0.58,13.34
11358,treatment,18,13,523.15,0.401,1,15.99,sure_thing,0.03,0.72
11359,treatment,199,3,20.83,0.107,0,0.0,lost_cause,0.02,0.18
11360,control,23,13,367.34,0.732,1,33.8,sure_thing,0.03,0.72
11361,treatment,325,2,76.77,0.038,0,0.0,lost_cause,0.02,0.18
11362,treatment,6,16,507.07,0.655,0,0.0,sure_thing,0.03,0.72
11363,treatment,309,0,32.29,0.121,0,0.0,lost_cause,0.02,0.18
11364,control,15,19,582.77,0.526,1,20.49,sure_thing,0.03,0.72
11365,treatment,0,21,245.34,0.691,0,0.0,sure_thing,0.03,0.72
11366,control,57,10,84.27,0.36,0,0.0,persuadable,0.58,13.34
11367,treatment,25,13,431.65,0.51,1,28.38,sure_thing,0.03,0.72
11368,control,76,7,111.43,0.463,0,0.0,persuadable,0.58,13.34
11369,treatment,206,2,17.49,0.305,0,0.0,lost_cause,0.02,0.18
11370,control,0,30,507.44,0.512,1,18.74,sure_thing,0.03,0.72
11371,control,218,2,18.39,0.153,0,0.0,lost_cause,0.02,0.18
11372,control,0,6,212.14,0.12,0,0.0,sleeping_dog,-0.11,-4.84
11373,control,5,7,164.47,0.175,0,0.0,sleeping_dog,-0.11,-4.84
11374,treatment,181,0,27.35,0.0,0,0.0,lost_cause,0.02,0.18
11375,control,17,4,503.27,0.498,1,19.17,sure_thing,0.03,0.72
11376,control,133,4,34.62,0.003,0,0.0,lost_cause,0.02,0.18
11377,control,2,4,380.96,0.308,1,16.43,sure_thing,0.03,0.72
11378,control,0,3,244.85,0.17,0,0.0,sleeping_dog,-0.11,-4.84
11379,control,249,4,32.52,0.169,0,0.0,lost_cause,0.02,0.18
11380,treatment,79,7,118.45,0.375,1,26.82,persuadable,0.58,13.34
11381,control,18,14,433.82,0.51,1,31.81,sure_thing,0.03,0.72
11382,treatment,12,4,254.23,0.078,1,37.87,sleeping_dog,-0.11,-4.84
11383,control,298,0,36.0,0.213,0,0.0,lost_cause,0.02,0.18
11384,treatment,74,5,29.15,0.625,1,22.21,persuadable,0.58,13.34
11385,treatment,27,20,396.22,0.523,0,0.0,sure_thing,0.03,0.72
11386,control,53,7,96.44,0.36,0,0.0,persuadable,0.58,13.34
11387,control,81,7,62.17,0.205,1,19.09,persuadable,0.58,13.34
11388,treatment,19,18,639.63,0.603,1,28.03,sure_thing,0.03,0.72
11389,treatment,39,2,67.99,0.183,0,0.0,lost_cause,0.02,0.18
11390,treatment,25,16,520.31,0.448,1,14.58,sure_thing,0.03,0.72
11391,treatment,27,6,146.34,0.35,1,18.77,persuadable,0.58,13.34
11392,treatment,67,5,218.74,0.472,1,21.01,persuadable,0.58,13.34
11393,control,0,17,491.53,0.444,1,24.37,sure_thing,0.03,0.72
11394,treatment,0,20,373.25,0.743,1,27.01,sure_thing,0.03,0.72
11395,treatment,120,0,21.25,0.213,1,5.26,lost_cause,0.02,0.18
11396,control,307,1,36.94,0.123,0,0.0,lost_cause,0.02,0.18
11397,treatment,12,21,587.29,0.476,1,25.06,sure_thing,0.03,0.72
11398,control,336,0,62.06,0.229,1,11.22,lost_cause,0.02,0.18
11399,control,9,21,543.9,0.498,0,0.0,sure_thing,0.03,0.72
11400,control,4,30,160.31,0.455,1,25.23,sure_thing,0.03,0.72
11401,treatment,126,2,8.25,0.194,0,0.0,lost_cause,0.02,0.18
11402,control,108,2,14.24,0.0,0,0.0,lost_cause,0.02,0.18
11403,control,65,7,184.13,0.109,0,0.0,persuadable,0.58,13.34
11404,treatment,80,2,57.12,0.29,0,0.0,lost_cause,0.02,0.18
11405,control,3,15,404.4,0.641,1,32.22,sure_thing,0.03,0.72
11406,control,303,1,13.1,0.218,0,0.0,lost_cause,0.02,0.18
11407,treatment,39,4,174.75,0.161,0,0.0,sleeping_dog,-0.11,-4.84
11408,control,223,1,43.53,0.022,0,0.0,lost_cause,0.02,0.18
11409,treatment,17,17,587.01,0.641,1,35.7,sure_thing,0.03,0.72
11410,treatment,100,11,209.46,0.67,1,30.38,persuadable,0.58,13.34
11411,treatment,198,3,17.16,0.164,0,0.0,lost_cause,0.02,0.18
11412,control,13,10,572.48,0.518,0,0.0,sure_thing,0.03,0.72
11413,treatment,134,1,50.11,0.171,0,0.0,lost_cause,0.02,0.18
11414,treatment,56,6,102.58,0.172,1,55.74,sleeping_dog,-0.11,-4.84
11415,treatment,275,4,71.35,0.062,0,0.0,lost_cause,0.02,0.18
11416,treatment,168,2,21.31,0.107,0,0.0,lost_cause,0.02,0.18
11417,treatment,26,25,311.39,0.387,1,14.06,sure_thing,0.03,0.72
11418,treatment,7,11,214.79,0.529,1,19.21,sure_thing,0.03,0.72
11419,control,11,10,390.22,0.826,1,27.48,sure_thing,0.03,0.72
11420,control,332,2,16.17,0.256,0,0.0,lost_cause,0.02,0.18
11421,control,23,11,464.08,0.46,1,27.54,sure_thing,0.03,0.72
11422,treatment,190,3,35.85,0.104,0,0.0,lost_cause,0.02,0.18
11423,control,23,25,225.83,0.494,1,17.64,sure_thing,0.03,0.72
11424,control,283,2,13.85,0.157,0,0.0,lost_cause,0.02,0.18
11425,control,6,5,169.97,0.256,1,47.75,sleeping_dog,-0.11,-4.84
11426,treatment,256,4,10.3,0.128,0,0.0,lost_cause,0.02,0.18
11427,control,221,3,18.71,0.095,1,6.45,lost_cause,0.02,0.18
11428,treatment,181,2,29.52,0.131,0,0.0,lost_cause,0.02,0.18
11429,control,364,0,67.03,0.206,0,0.0,lost_cause,0.02,0.18
11430,treatment,324,2,51.36,0.169,0,0.0,lost_cause,0.02,0.18
11431,treatment,29,9,98.73,0.296,0,0.0,sleeping_dog,-0.11,-4.84
11432,treatment,36,6,225.03,0.3,1,33.51,persuadable,0.58,13.34
11433,control,121,2,57.09,0.073,0,0.0,lost_cause,0.02,0.18
11434,treatment,360,2,54.07,0.244,0,0.0,lost_cause,0.02,0.18
11435,treatment,93,2,29.56,0.124,0,0.0,lost_cause,0.02,0.18
11436,control,260,2,12.67,0.02,0,0.0,lost_cause,0.02,0.18
11437,treatment,44,7,180.54,0.084,1,20.6,persuadable,0.58,13.34
11438,treatment,272,2,48.96,0.197,0,0.0,lost_cause,0.02,0.18
11439,control,29,8,68.28,0.529,0,0.0,persuadable,0.58,13.34
11440,control,210,2,17.52,0.276,0,0.0,lost_cause,0.02,0.18
11441,treatment,18,19,338.96,0.694,1,27.35,sure_thing,0.03,0.72
11442,treatment,11,15,446.99,0.67,1,25.64,sure_thing,0.03,0.72
11443,treatment,119,1,61.95,0.155,0,0.0,lost_cause,0.02,0.18
11444,control,29,5,105.22,0.583,0,0.0,persuadable,0.58,13.34
11445,control,43,6,18.77,0.051,1,20.03,persuadable,0.58,13.34
11446,control,126,2,28.65,0.266,0,0.0,lost_cause,0.02,0.18
11447,treatment,8,7,200.6,0.0,0,0.0,sleeping_dog,-0.11,-4.84
11448,treatment,102,10,83.41,0.606,1,26.71,persuadable,0.58,13.34
11449,control,5,17,449.17,0.496,1,18.77,sure_thing,0.03,0.72
11450,treatment,16,13,320.41,0.463,1,19.17,sure_thing,0.03,0.72
11451,control,289,1,20.23,0.245,0,0.0,lost_cause,0.02,0.18
11452,treatment,141,2,44.74,0.144,0,0.0,lost_cause,0.02,0.18
11453,control,77,7,168.31,0.375,0,0.0,persuadable,0.58,13.34
11454,treatment,98,4,231.72,0.492,0,0.0,persuadable,0.58,13.34
11455,treatment,210,0,41.83,0.237,0,0.0,lost_cause,0.02,0.18
11456,treatment,26,20,471.34,0.741,1,31.61,sure_thing,0.03,0.72
11457,control,229,5,45.86,0.104,0,0.0,lost_cause,0.02,0.18
11458,control,151,4,25.11,0.19,0,0.0,lost_cause,0.02,0.18
11459,control,74,4,26.06,0.43,0,0.0,persuadable,0.58,13.34
11460,treatment,21,8,662.42,0.577,1,18.63,sure_thing,0.03,0.72
11461,control,113,3,41.88,0.038,0,0.0,lost_cause,0.02,0.18
11462,control,14,12,294.23,0.494,1,22.54,sure_thing,0.03,0.72
11463,treatment,96,1,7.06,0.155,0,0.0,lost_cause,0.02,0.18
11464,control,173,3,44.24,0.176,0,0.0,lost_cause,0.02,0.18
11465,control,302,2,5.0,0.263,1,12.46,lost_cause,0.02,0.18
11466,control,199,4,40.8,0.142,0,0.0,lost_cause,0.02,0.18
11467,treatment,16,22,372.25,0.575,1,28.11,sure_thing,0.03,0.72
11468,control,23,22,159.77,0.398,1,29.16,sure_thing,0.03,0.72
11469,treatment,184,2,42.31,0.142,0,0.0,lost_cause,0.02,0.18
11470,treatment,12,11,398.39,0.397,1,23.45,sure_thing,0.03,0.72
11471,control,364,2,56.6,0.401,0,0.0,lost_cause,0.02,0.18
11472,treatment,334,0,44.73,0.145,0,0.0,lost_cause,0.02,0.18
11473,treatment,23,14,524.86,0.765,1,22.05,sure_thing,0.03,0.72
11474,control,286,1,15.95,0.19,0,0.0,lost_cause,0.02,0.18
11475,treatment,20,4,199.04,0.552,1,22.61,persuadable,0.58,13.34
11476,treatment,45,10,102.83,0.446,1,16.45,persuadable,0.58,13.34
11477,control,248,2,29.43,0.169,0,0.0,lost_cause,0.02,0.18
11478,treatment,81,4,198.04,0.148,0,0.0,persuadable,0.58,13.34
11479,control,14,27,436.61,0.54,1,26.2,sure_thing,0.03,0.72
11480,control,16,3,194.59,0.116,0,0.0,sleeping_dog,-0.11,-4.84
11481,treatment,46,10,167.17,0.314,1,22.19,persuadable,0.58,13.34
11482,control,84,6,123.99,0.293,0,0.0,persuadable,0.58,13.34
11483,control,55,8,174.37,0.423,1,18.73,persuadable,0.58,13.34
11484,control,78,7,133.61,0.353,0,0.0,persuadable,0.58,13.34
11485,treatment,101,7,162.65,0.476,1,23.71,persuadable,0.58,13.34
11486,treatment,69,10,131.7,0.302,1,18.76,persuadable,0.58,13.34
11487,control,261,0,51.62,0.0,0,0.0,lost_cause,0.02,0.18
11488,control,94,5,65.67,0.182,0,0.0,persuadable,0.58,13.34
11489,treatment,17,23,192.01,0.388,1,25.73,sure_thing,0.03,0.72
11490,control,299,2,51.78,0.128,0,0.0,lost_cause,0.02,0.18
11491,control,236,3,24.31,0.238,1,8.61,lost_cause,0.02,0.18
11492,control,297,4,44.78,0.288,0,0.0,lost_cause,0.02,0.18
11493,control,232,1,64.31,0.151,0,0.0,lost_cause,0.02,0.18
11494,treatment,90,8,133.47,0.45,1,18.74,persuadable,0.58,13.34
11495,control,26,16,543.25,0.724,0,0.0,sure_thing,0.03,0.72
11496,treatment,59,7,95.67,0.524,0,0.0,persuadable,0.58,13.34
11497,control,300,0,21.03,0.248,0,0.0,lost_cause,0.02,0.18
11498,treatment,88,2,45.7,0.037,0,0.0,lost_cause,0.02,0.18
11499,treatment,7,6,180.26,0.425,0,0.0,persuadable,0.58,13.34
11500,control,0,4,230.14,0.22,1,63.71,sleeping_dog,-0.11,-4.84
11501,control,114,3,45.65,0.127,0,0.0,lost_cause,0.02,0.18
11502,control,343,0,33.15,0.208,1,5.4,lost_cause,0.02,0.18
11503,control,328,4,42.0,0.114,0,0.0,lost_cause,0.02,0.18
11504,control,135,2,65.17,0.126,0,0.0,lost_cause,0.02,0.18
11505,treatment,4,15,234.84,0.599,1,21.93,persuadable,0.58,13.34
11506,treatment,47,4,204.31,0.129,0,0.0,sleeping_dog,-0.11,-4.84
11507,control,3,14,452.68,0.57,1,23.43,sure_thing,0.03,0.72
11508,control,36,4,176.0,0.473,0,0.0,persuadable,0.58,13.34
11509,treatment,114,4,44.74,0.075,1,7.27,lost_cause,0.02,0.18
11510,treatment,8,19,490.3,0.69,1,30.08,sure_thing,0.03,0.72
11511,treatment,91,9,186.41,0.567,1,26.29,persuadable,0.58,13.34
11512,treatment,304,2,39.72,0.292,0,0.0,lost_cause,0.02,0.18
11513,control,14,14,446.18,0.514,1,25.38,sure_thing,0.03,0.72
11514,control,44,9,86.76,0.565,0,0.0,persuadable,0.58,13.34
11515,control,189,2,33.66,0.166,1,8.4,lost_cause,0.02,0.18
11516,control,217,0,28.76,0.174,1,11.03,lost_cause,0.02,0.18
11517,control,16,25,329.25,0.65,1,15.88,sure_thing,0.03,0.72
11518,treatment,332,3,11.69,0.236,0,0.0,lost_cause,0.02,0.18
11519,treatment,261,2,14.76,0.077,0,0.0,lost_cause,0.02,0.18
11520,control,218,1,5.9,0.243,1,7.83,lost_cause,0.02,0.18
11521,control,98,8,147.61,0.281,0,0.0,persuadable,0.58,13.34
11522,treatment,5,12,516.47,0.639,1,24.0,sure_thing,0.03,0.72
11523,control,15,14,525.41,0.403,0,0.0,sure_thing,0.03,0.72
11524,treatment,6,19,360.12,0.608,1,23.24,sure_thing,0.03,0.72
11525,treatment,327,3,30.4,0.01,0,0.0,lost_cause,0.02,0.18
11526,control,6,17,421.72,0.704,1,21.38,sure_thing,0.03,0.72
11527,treatment,10,17,481.67,0.448,1,19.86,sure_thing,0.03,0.72
11528,treatment,60,1,16.13,0.107,1,12.49,lost_cause,0.02,0.18
11529,control,28,20,336.66,0.463,0,0.0,sure_thing,0.03,0.72
11530,treatment,12,16,475.97,0.355,1,15.7,sure_thing,0.03,0.72
11531,control,34,19,457.43,0.54,0,0.0,sure_thing,0.03,0.72
11532,control,46,2,201.94,0.143,0,0.0,sleeping_dog,-0.11,-4.84
11533,treatment,154,4,5.0,0.241,0,0.0,lost_cause,0.02,0.18
11534,treatment,19,18,364.0,0.515,1,25.2,sure_thing,0.03,0.72
11535,control,22,7,133.31,0.744,0,0.0,persuadable,0.58,13.34
11536,treatment,17,18,283.61,0.523,1,16.38,sure_thing,0.03,0.72
11537,control,400,3,57.85,0.0,0,0.0,lost_cause,0.02,0.18
11538,control,33,2,73.94,0.373,0,0.0,persuadable,0.58,13.34
11539,treatment,30,21,614.05,0.453,1,26.1,sure_thing,0.03,0.72
11540,control,278,2,30.95,0.0,0,0.0,lost_cause,0.02,0.18
11541,treatment,16,11,255.38,0.906,1,17.25,sure_thing,0.03,0.72
11542,treatment,11,13,430.25,0.625,1,25.82,sure_thing,0.03,0.72
11543,treatment,353,2,54.45,0.128,0,0.0,lost_cause,0.02,0.18
11544,control,135,5,62.46,0.242,1,4.21,lost_cause,0.02,0.18
11545,control,3,10,226.06,0.462,1,20.91,persuadable,0.58,13.34
11546,control,389,2,65.77,0.222,0,0.0,lost_cause,0.02,0.18
11547,control,7,25,532.84,0.401,0,0.0,sure_thing,0.03,0.72
11548,treatment,3,17,601.44,0.67,0,0.0,sure_thing,0.03,0.72
11549,control,96,3,34.33,0.22,0,0.0,lost_cause,0.02,0.18
11550,treatment,263,0,5.0,0.074,0,0.0,lost_cause,0.02,0.18
11551,control,240,3,44.7,0.123,0,0.0,lost_cause,0.02,0.18
11552,treatment,29,22,575.16,0.327,1,24.86,sure_thing,0.03,0.72
11553,treatment,128,2,34.17,0.145,1,10.15,lost_cause,0.02,0.18
11554,control,55,12,71.35,0.146,1,19.98,persuadable,0.58,13.34
11555,control,18,12,271.08,0.675,1,24.23,sure_thing,0.03,0.72
11556,treatment,67,0,100.7,0.346,1,30.22,persuadable,0.58,13.34
11557,control,263,1,5.17,0.223,0,0.0,lost_cause,0.02,0.18
11558,treatment,6,19,610.51,0.761,1,26.35,sure_thing,0.03,0.72
11559,control,101,8,170.93,0.222,0,0.0,persuadable,0.58,13.34
11560,control,0,1,5.0,0.169,0,0.0,lost_cause,0.02,0.18
11561,treatment,23,18,502.55,0.22,1,32.25,sure_thing,0.03,0.72
11562,treatment,281,4,56.87,0.108,1,6.29,lost_cause,0.02,0.18
11563,treatment,133,4,182.97,0.359,0,0.0,persuadable,0.58,13.34
11564,control,24,19,253.85,0.641,0,0.0,sure_thing,0.03,0.72
11565,control,9,9,187.03,0.241,0,0.0,persuadable,0.58,13.34
11566,control,45,2,229.1,0.218,1,47.09,sleeping_dog,-0.11,-4.84
11567,treatment,67,8,195.58,0.414,1,22.32,persuadable,0.58,13.34
11568,treatment,29,14,368.5,0.422,1,20.55,sure_thing,0.03,0.72
11569,control,208,2,56.96,0.071,0,0.0,lost_cause,0.02,0.18
11570,treatment,32,20,327.33,0.507,1,29.24,sure_thing,0.03,0.72
11571,control,24,1,214.08,0.187,0,0.0,sleeping_dog,-0.11,-4.84
11572,treatment,13,3,124.97,0.124,1,39.73,sleeping_dog,-0.11,-4.84
11573,control,151,3,61.45,0.194,0,0.0,lost_cause,0.02,0.18
11574,treatment,21,21,467.92,0.675,1,16.74,sure_thing,0.03,0.72
11575,control,78,3,64.58,0.164,0,0.0,lost_cause,0.02,0.18
11576,treatment,90,4,59.84,0.072,0,0.0,lost_cause,0.02,0.18
11577,control,105,4,46.08,0.176,0,0.0,lost_cause,0.02,0.18
11578,treatment,114,1,43.49,0.117,0,0.0,lost_cause,0.02,0.18
11579,treatment,21,26,399.24,0.383,0,0.0,sure_thing,0.03,0.72
11580,treatment,15,14,261.59,0.871,1,29.86,sure_thing,0.03,0.72
11581,treatment,206,2,56.01,0.319,0,0.0,lost_cause,0.02,0.18
11582,treatment,50,4,154.6,0.456,1,18.24,persuadable,0.58,13.34
11583,control,73,0,46.76,0.051,0,0.0,lost_cause,0.02,0.18
11584,treatment,142,2,38.96,0.092,0,0.0,lost_cause,0.02,0.18
11585,control,45,2,48.74,0.15,0,0.0,lost_cause,0.02,0.18
11586,control,391,0,26.11,0.02,0,0.0,lost_cause,0.02,0.18
11587,control,37,8,178.43,0.561,1,16.3,persuadable,0.58,13.34
11588,control,17,17,649.34,0.448,1,27.91,sure_thing,0.03,0.72
11589,control,251,2,19.98,0.046,0,0.0,lost_cause,0.02,0.18
11590,treatment,50,12,70.5,0.198,1,21.22,persuadable,0.58,13.34
11591,treatment,0,2,75.77,0.016,0,0.0,lost_cause,0.02,0.18
11592,control,266,2,81.03,0.071,0,0.0,lost_cause,0.02,0.18
11593,control,400,2,61.31,0.11,0,0.0,lost_cause,0.02,0.18
11594,treatment,233,0,20.64,0.362,0,0.0,lost_cause,0.02,0.18
11595,control,252,2,28.66,0.288,0,0.0,lost_cause,0.02,0.18
11596,control,256,5,56.16,0.01,0,0.0,lost_cause,0.02,0.18
11597,treatment,380,2,46.35,0.059,0,0.0,lost_cause,0.02,0.18
11598,treatment,400,1,33.48,0.266,0,0.0,lost_cause,0.02,0.18
11599,treatment,235,2,71.76,0.101,0,0.0,lost_cause,0.02,0.18
11600,treatment,20,15,464.17,0.764,1,14.97,sure_thing,0.03,0.72
11601,control,29,4,38.01,0.19,1,7.15,lost_cause,0.02,0.18
11602,control,58,8,156.17,0.559,0,0.0,persuadable,0.58,13.34
11603,treatment,22,14,61.02,0.554,1,17.96,persuadable,0.58,13.34
11604,treatment,200,0,36.82,0.16,0,0.0,lost_cause,0.02,0.18
11605,control,3,5,533.42,0.746,1,17.94,sure_thing,0.03,0.72
11606,treatment,47,8,193.95,0.415,0,0.0,persuadable,0.58,13.34
11607,control,57,5,36.89,0.301,0,0.0,lost_cause,0.02,0.18
11608,control,84,2,88.81,0.408,0,0.0,persuadable,0.58,13.34
11609,treatment,78,1,23.63,0.317,0,0.0,lost_cause,0.02,0.18
11610,control,299,3,55.71,0.259,0,0.0,lost_cause,0.02,0.18
11611,treatment,12,17,101.09,0.619,1,26.66,sure_thing,0.03,0.72
11612,treatment,33,17,492.85,0.562,0,0.0,sure_thing,0.03,0.72
11613,control,30,9,117.21,0.424,0,0.0,persuadable,0.58,13.34
11614,control,60,0,211.49,0.468,0,0.0,persuadable,0.58,13.34
11615,treatment,190,3,5.0,0.165,0,0.0,lost_cause,0.02,0.18
11616,control,174,1,37.46,0.177,0,0.0,lost_cause,0.02,0.18
11617,treatment,255,1,51.0,0.179,0,0.0,lost_cause,0.02,0.18
11618,control,283,3,68.63,0.159,0,0.0,lost_cause,0.02,0.18
11619,treatment,132,2,49.54,0.0,0,0.0,lost_cause,0.02,0.18
11620,control,6,19,645.9,0.611,1,28.61,sure_thing,0.03,0.72
11621,control,19,18,415.81,0.625,1,25.8,sure_thing,0.03,0.72
11622,treatment,345,0,13.08,0.09,0,0.0,lost_cause,0.02,0.18
11623,control,131,3,52.97,0.002,0,0.0,lost_cause,0.02,0.18
11624,treatment,0,10,433.05,0.654,1,25.07,sure_thing,0.03,0.72
11625,control,270,0,52.22,0.157,0,0.0,lost_cause,0.02,0.18
11626,treatment,184,3,38.53,0.207,0,0.0,lost_cause,0.02,0.18
11627,control,51,10,70.98,0.276,0,0.0,persuadable,0.58,13.34
11628,treatment,195,2,25.1,0.212,0,0.0,lost_cause,0.02,0.18
11629,treatment,180,0,11.68,0.051,0,0.0,lost_cause,0.02,0.18
11630,control,302,3,29.78,0.241,0,0.0,lost_cause,0.02,0.18
11631,treatment,15,17,126.99,0.233,1,17.07,sure_thing,0.03,0.72
11632,treatment,288,2,40.76,0.02,0,0.0,lost_cause,0.02,0.18
11633,treatment,4,22,520.27,0.588,1,20.36,sure_thing,0.03,0.72
11634,control,9,16,791.67,0.589,1,15.23,sure_thing,0.03,0.72
11635,treatment,211,4,92.25,0.184,0,0.0,lost_cause,0.02,0.18
11636,treatment,112,4,207.21,0.415,1,27.7,persuadable,0.58,13.34
11637,treatment,41,11,179.51,0.633,1,27.38,persuadable,0.58,13.34
11638,treatment,316,2,47.05,0.139,0,0.0,lost_cause,0.02,0.18
11639,treatment,86,1,39.83,0.137,0,0.0,lost_cause,0.02,0.18
11640,control,249,0,5.0,0.233,0,0.0,lost_cause,0.02,0.18
11641,control,6,11,121.34,0.291,0,0.0,persuadable,0.58,13.34
11642,treatment,87,2,12.53,0.252,0,0.0,lost_cause,0.02,0.18
11643,treatment,4,16,645.87,0.873,0,0.0,sure_thing,0.03,0.72
11644,control,0,0,24.29,0.079,0,0.0,lost_cause,0.02,0.18
11645,control,75,10,30.62,0.358,0,0.0,persuadable,0.58,13.34
11646,control,102,7,286.19,0.573,1,22.58,persuadable,0.58,13.34
11647,control,1,8,228.56,0.536,1,27.08,sure_thing,0.03,0.72
11648,control,26,13,544.46,0.627,1,25.01,sure_thing,0.03,0.72
11649,treatment,61,1,33.6,0.144,0,0.0,lost_cause,0.02,0.18
11650,control,284,0,33.8,0.15,1,7.88,lost_cause,0.02,0.18
11651,treatment,197,0,57.8,0.208,0,0.0,lost_cause,0.02,0.18
11652,control,219,2,67.21,0.0,0,0.0,lost_cause,0.02,0.18
11653,control,83,6,82.29,0.319,1,25.35,persuadable,0.58,13.34
11654,treatment,129,2,61.82,0.014,0,0.0,lost_cause,0.02,0.18
11655,treatment,142,5,23.05,0.382,0,0.0,lost_cause,0.02,0.18
11656,control,9,20,380.4,0.283,1,23.41,sure_thing,0.03,0.72
11657,control,100,4,27.42,0.226,0,0.0,lost_cause,0.02,0.18
11658,treatment,196,0,19.69,0.158,0,0.0,lost_cause,0.02,0.18
11659,control,33,7,85.99,0.607,0,0.0,persuadable,0.58,13.34
11660,control,224,3,6.57,0.145,0,0.0,lost_cause,0.02,0.18
11661,control,207,2,9.91,0.147,0,0.0,lost_cause,0.02,0.18
11662,control,202,0,44.4,0.046,1,9.2,lost_cause,0.02,0.18
11663,control,189,3,19.92,0.118,0,0.0,lost_cause,0.02,0.18
11664,control,53,8,38.98,0.352,0,0.0,persuadable,0.58,13.34
11665,treatment,5,6,212.52,0.186,1,42.02,sleeping_dog,-0.11,-4.84
11666,control,19,18,668.4,0.398,0,0.0,sure_thing,0.03,0.72
11667,treatment,217,1,48.99,0.14,0,0.0,lost_cause,0.02,0.18
11668,control,270,0,30.75,0.096,0,0.0,lost_cause,0.02,0.18
11669,treatment,25,25,610.86,0.452,1,32.54,sure_thing,0.03,0.72
11670,control,72,10,285.6,0.285,0,0.0,persuadable,0.58,13.34
11671,control,48,9,88.78,0.182,0,0.0,persuadable,0.58,13.34
11672,treatment,132,0,26.25,0.086,0,0.0,lost_cause,0.02,0.18
11673,control,254,2,37.37,0.091,0,0.0,lost_cause,0.02,0.18
11674,control,308,1,38.19,0.441,0,0.0,lost_cause,0.02,0.18
11675,control,85,1,93.99,0.233,0,0.0,lost_cause,0.02,0.18
11676,treatment,50,12,64.51,0.502,0,0.0,persuadable,0.58,13.34
11677,treatment,139,2,22.55,0.036,0,0.0,lost_cause,0.02,0.18
11678,treatment,176,3,42.52,0.107,0,0.0,lost_cause,0.02,0.18
11679,treatment,113,1,8.78,0.174,0,0.0,lost_cause,0.02,0.18
11680,treatment,41,6,132.69,0.277,0,0.0,persuadable,0.58,13.34
11681,treatment,59,4,97.5,0.261,0,0.0,persuadable,0.58,13.34
11682,treatment,52,7,142.72,0.346,1,31.27,persuadable,0.58,13.34
11683,treatment,165,1,28.42,0.092,0,0.0,lost_cause,0.02,0.18
11684,control,25,21,436.76,0.571,1,19.8,sure_thing,0.03,0.72
11685,control,25,3,159.64,0.462,0,0.0,persuadable,0.58,13.34
11686,control,153,2,65.67,0.208,0,0.0,lost_cause,0.02,0.18
11687,treatment,0,8,66.13,0.488,1,36.46,persuadable,0.58,13.34
11688,control,65,9,298.71,0.491,1,35.86,persuadable,0.58,13.34
11689,treatment,355,2,48.31,0.353,0,0.0,lost_cause,0.02,0.18
11690,treatment,80,12,109.75,0.433,1,17.1,persuadable,0.58,13.34
11691,control,72,1,200.82,0.075,0,0.0,persuadable,0.58,13.34
11692,control,235,3,74.21,0.0,0,0.0,lost_cause,0.02,0.18
11693,control,43,7,210.97,0.188,0,0.0,sleeping_dog,-0.11,-4.84
11694,control,11,6,223.65,0.203,0,0.0,sleeping_dog,-0.11,-4.84
11695,treatment,348,4,5.0,0.259,0,0.0,lost_cause,0.02,0.18
11696,treatment,18,0,137.64,0.193,0,0.0,sleeping_dog,-0.11,-4.84
11697,treatment,25,20,347.24,0.327,1,22.12,sure_thing,0.03,0.72
11698,treatment,13,25,296.96,0.654,1,22.87,sure_thing,0.03,0.72
11699,control,38,10,126.3,0.593,0,0.0,persuadable,0.58,13.34
11700,control,40,10,90.56,0.296,0,0.0,persuadable,0.58,13.34
11701,control,194,0,18.98,0.155,0,0.0,lost_cause,0.02,0.18
11702,treatment,209,4,39.19,0.017,0,0.0,lost_cause,0.02,0.18
11703,control,76,9,5.0,0.369,0,0.0,persuadable,0.58,13.34
11704,control,196,2,14.96,0.078,1,6.49,lost_cause,0.02,0.18
11705,control,21,16,544.65,0.532,1,22.56,sure_thing,0.03,0.72
11706,treatment,1,25,433.1,0.239,1,25.35,sure_thing,0.03,0.72
11707,control,69,6,235.45,0.178,1,22.72,persuadable,0.58,13.34
11708,treatment,17,16,182.93,0.74,1,19.62,sure_thing,0.03,0.72
11709,control,13,6,47.99,0.124,0,0.0,persuadable,0.58,13.34
11710,control,43,0,147.3,0.201,0,0.0,persuadable,0.58,13.34
11711,treatment,189,4,22.58,0.0,0,0.0,lost_cause,0.02,0.18
11712,treatment,34,20,396.51,0.616,1,21.98,sure_thing,0.03,0.72
11713,treatment,11,16,233.18,0.737,0,0.0,sure_thing,0.03,0.72
11714,control,400,1,8.79,0.022,0,0.0,lost_cause,0.02,0.18
11715,control,322,2,49.95,0.314,0,0.0,lost_cause,0.02,0.18
11716,control,224,4,28.15,0.039,0,0.0,lost_cause,0.02,0.18
11717,treatment,21,4,34.45,0.0,0,0.0,lost_cause,0.02,0.18
11718,treatment,83,6,189.08,0.147,1,18.35,persuadable,0.58,13.34
11719,control,169,4,9.99,0.185,1,7.42,lost_cause,0.02,0.18
11720,control,65,11,164.97,0.249,1,18.12,persuadable,0.58,13.34
11721,treatment,296,2,27.84,0.285,0,0.0,lost_cause,0.02,0.18
11722,control,238,1,70.24,0.301,0,0.0,lost_cause,0.02,0.18
11723,control,184,2,51.1,0.003,0,0.0,lost_cause,0.02,0.18
11724,treatment,45,5,232.19,0.099,0,0.0,sleeping_dog,-0.11,-4.84
11725,treatment,284,0,36.3,0.074,0,0.0,lost_cause,0.02,0.18
11726,control,63,6,199.81,0.313,0,0.0,persuadable,0.58,13.34
11727,control,19,13,376.54,0.393,1,20.47,sure_thing,0.03,0.72
11728,control,236,1,18.74,0.128,0,0.0,lost_cause,0.02,0.18
11729,treatment,142,0,30.4,0.202,1,9.33,lost_cause,0.02,0.18
11730,control,227,1,37.52,0.054,0,0.0,lost_cause,0.02,0.18
11731,control,0,9,737.54,0.502,0,0.0,sure_thing,0.03,0.72
11732,control,7,14,462.37,0.757,1,27.74,sure_thing,0.03,0.72
11733,treatment,277,1,75.06,0.215,0,0.0,lost_cause,0.02,0.18
11734,control,35,5,211.32,0.212,1,27.56,persuadable,0.58,13.34
11735,control,55,8,122.65,0.728,0,0.0,persuadable,0.58,13.34
11736,treatment,0,21,625.95,0.463,1,20.3,sure_thing,0.03,0.72
11737,control,3,9,88.13,0.407,0,0.0,persuadable,0.58,13.34
11738,control,278,3,40.2,0.262,0,0.0,lost_cause,0.02,0.18
11739,control,195,3,31.4,0.133,0,0.0,lost_cause,0.02,0.18
11740,control,0,17,621.16,0.205,1,23.71,sure_thing,0.03,0.72
11741,control,2,20,283.58,0.587,1,28.01,sure_thing,0.03,0.72
11742,control,158,3,32.4,0.2,0,0.0,lost_cause,0.02,0.18
11743,control,15,22,697.21,0.484,1,15.43,sure_thing,0.03,0.72
11744,treatment,203,3,14.38,0.3,0,0.0,lost_cause,0.02,0.18
11745,treatment,0,23,407.41,0.369,1,29.93,sure_thing,0.03,0.72
11746,treatment,264,2,40.82,0.124,0,0.0,lost_cause,0.02,0.18
11747,treatment,237,4,15.15,0.262,0,0.0,lost_cause,0.02,0.18
11748,control,313,2,21.18,0.106,0,0.0,lost_cause,0.02,0.18
11749,control,41,1,185.17,0.219,0,0.0,persuadable,0.58,13.34
11750,treatment,22,20,352.1,0.491,1,21.07,sure_thing,0.03,0.72
11751,treatment,178,1,27.32,0.156,0,0.0,lost_cause,0.02,0.18
11752,treatment,206,1,79.7,0.148,0,0.0,lost_cause,0.02,0.18
11753,control,193,2,71.02,0.123,0,0.0,lost_cause,0.02,0.18
11754,control,0,10,19.84,0.453,0,0.0,persuadable,0.58,13.34
11755,treatment,29,10,300.95,0.483,1,23.74,persuadable,0.58,13.34
11756,control,246,3,31.9,0.193,0,0.0,lost_cause,0.02,0.18
11757,treatment,58,8,143.71,0.402,1,26.11,persuadable,0.58,13.34
11758,control,111,5,52.83,0.181,0,0.0,lost_cause,0.02,0.18
11759,treatment,326,2,39.98,0.153,0,0.0,lost_cause,0.02,0.18
11760,control,185,3,48.9,0.171,0,0.0,lost_cause,0.02,0.18
11761,treatment,338,2,34.86,0.211,1,7.24,lost_cause,0.02,0.18
11762,treatment,342,3,51.65,0.041,0,0.0,lost_cause,0.02,0.18
11763,control,123,4,136.11,0.37,0,0.0,persuadable,0.58,13.34
11764,treatment,22,17,583.95,0.737,1,23.67,sure_thing,0.03,0.72
11765,control,85,8,76.39,0.469,1,24.53,persuadable,0.58,13.34
11766,control,87,0,70.78,0.053,0,0.0,lost_cause,0.02,0.18
11767,control,59,7,178.49,0.499,0,0.0,persuadable,0.58,13.34
11768,control,233,3,35.47,0.144,0,0.0,lost_cause,0.02,0.18
11769,treatment,262,3,62.45,0.214,0,0.0,lost_cause,0.02,0.18
11770,treatment,28,6,160.66,0.262,0,0.0,sleeping_dog,-0.11,-4.84
11771,treatment,57,9,132.85,0.499,1,19.34,persuadable,0.58,13.34
11772,control,36,8,233.03,0.453,0,0.0,persuadable,0.58,13.34
11773,control,23,23,473.62,0.509,1,26.28,sure_thing,0.03,0.72
11774,control,207,0,36.77,0.061,0,0.0,lost_cause,0.02,0.18
11775,control,16,9,550.55,0.787,1,23.08,sure_thing,0.03,0.72
11776,treatment,263,2,53.99,0.208,0,0.0,lost_cause,0.02,0.18
11777,control,94,2,122.8,0.467,0,0.0,persuadable,0.58,13.34
11778,control,0,18,402.35,0.578,0,0.0,sure_thing,0.03,0.72
11779,control,67,9,193.87,0.343,1,14.64,persuadable,0.58,13.34
11780,control,28,11,171.0,0.339,0,0.0,persuadable,0.58,13.34
11781,control,70,5,174.94,0.294,0,0.0,persuadable,0.58,13.34
11782,treatment,133,0,15.14,0.105,0,0.0,lost_cause,0.02,0.18
11783,control,298,2,48.81,0.125,0,0.0,lost_cause,0.02,0.18
11784,treatment,234,3,20.15,0.206,0,0.0,lost_cause,0.02,0.18
11785,control,30,5,292.78,0.069,1,42.43,sleeping_dog,-0.11,-4.84
11786,control,0,16,592.5,0.659,0,0.0,sure_thing,0.03,0.72
11787,treatment,0,11,348.5,0.49,1,24.07,sure_thing,0.03,0.72
11788,control,52,4,228.15,0.448,0,0.0,persuadable,0.58,13.34
11789,control,16,15,444.94,0.481,1,17.66,sure_thing,0.03,0.72
11790,treatment,191,2,22.03,0.152,0,0.0,lost_cause,0.02,0.18
11791,treatment,18,16,348.43,0.287,1,29.51,sure_thing,0.03,0.72
11792,control,65,7,217.54,0.465,0,0.0,persuadable,0.58,13.34
11793,control,84,6,97.08,0.459,0,0.0,persuadable,0.58,13.34
11794,control,0,3,38.74,0.105,0,0.0,lost_cause,0.02,0.18
11795,treatment,4,5,151.09,0.087,0,0.0,sleeping_dog,-0.11,-4.84
11796,treatment,0,16,526.02,0.608,1,17.95,sure_thing,0.03,0.72
11797,control,283,2,82.56,0.203,0,0.0,lost_cause,0.02,0.18
11798,treatment,81,3,43.76,0.164,0,0.0,lost_cause,0.02,0.18
11799,control,42,4,128.19,0.159,1,40.75,sleeping_dog,-0.11,-4.84
11800,control,40,8,237.57,0.502,0,0.0,persuadable,0.58,13.34
11801,treatment,339,2,60.8,0.075,0,0.0,lost_cause,0.02,0.18
11802,control,19,20,469.17,0.626,1,28.15,sure_thing,0.03,0.72
11803,control,306,3,48.92,0.0,0,0.0,lost_cause,0.02,0.18
11804,treatment,75,4,217.18,0.509,0,0.0,persuadable,0.58,13.34
11805,control,90,0,31.12,0.282,0,0.0,lost_cause,0.02,0.18
11806,control,29,2,173.34,0.398,0,0.0,persuadable,0.58,13.34
11807,treatment,76,3,12.5,0.087,0,0.0,lost_cause,0.02,0.18
11808,treatment,249,1,16.45,0.154,0,0.0,lost_cause,0.02,0.18
11809,treatment,327,2,5.0,0.18,0,0.0,lost_cause,0.02,0.18
11810,treatment,56,4,197.33,0.199,1,53.22,sleeping_dog,-0.11,-4.84
11811,control,232,2,45.04,0.0,0,0.0,lost_cause,0.02,0.18
11812,treatment,6,18,548.83,0.531,1,28.52,sure_thing,0.03,0.72
11813,treatment,236,2,35.41,0.221,1,11.56,lost_cause,0.02,0.18
11814,control,1,21,455.51,0.667,1,20.04,sure_thing,0.03,0.72
11815,treatment,0,6,112.48,0.323,1,24.08,persuadable,0.58,13.34
11816,treatment,225,4,39.29,0.243,0,0.0,lost_cause,0.02,0.18
11817,control,28,6,244.66,0.247,0,0.0,persuadable,0.58,13.34
11818,treatment,363,1,46.4,0.092,0,0.0,lost_cause,0.02,0.18
11819,treatment,259,2,76.76,0.151,0,0.0,lost_cause,0.02,0.18
11820,treatment,48,5,86.2,0.65,1,20.13,persuadable,0.58,13.34
11821,treatment,99,0,29.99,0.363,0,0.0,lost_cause,0.02,0.18
11822,treatment,10,20,523.1,0.618,0,0.0,sure_thing,0.03,0.72
11823,control,25,6,220.67,0.068,0,0.0,sleeping_dog,-0.11,-4.84
11824,control,96,9,215.41,0.528,0,0.0,persuadable,0.58,13.34
11825,treatment,336,0,42.57,0.035,0,0.0,lost_cause,0.02,0.18
11826,control,18,22,430.35,0.623,1,36.47,sure_thing,0.03,0.72
11827,treatment,66,8,174.61,0.395,1,19.7,persuadable,0.58,13.34
11828,treatment,304,4,47.45,0.037,0,0.0,lost_cause,0.02,0.18
11829,treatment,19,1,150.95,0.14,0,0.0,sleeping_dog,-0.11,-4.84
11830,control,209,2,51.96,0.135,0,0.0,lost_cause,0.02,0.18
11831,control,196,3,32.23,0.126,0,0.0,lost_cause,0.02,0.18
11832,control,28,20,601.1,0.526,1,29.61,sure_thing,0.03,0.72
11833,control,27,10,522.55,0.505,1,33.56,sure_thing,0.03,0.72
11834,control,344,2,63.48,0.05,1,9.2,lost_cause,0.02,0.18
11835,control,6,9,574.69,0.398,1,23.01,sure_thing,0.03,0.72
11836,control,268,0,24.6,0.152,0,0.0,lost_cause,0.02,0.18
11837,control,90,3,190.77,0.397,1,28.53,persuadable,0.58,13.34
11838,control,0,17,673.28,0.39,0,0.0,sure_thing,0.03,0.72
11839,treatment,16,24,586.37,0.454,1,27.83,sure_thing,0.03,0.72
11840,treatment,192,3,37.97,0.091,0,0.0,lost_cause,0.02,0.18
11841,control,41,7,251.24,0.149,0,0.0,sleeping_dog,-0.11,-4.84
11842,treatment,323,3,5.0,0.265,0,0.0,lost_cause,0.02,0.18
11843,control,15,17,531.57,0.713,1,20.87,sure_thing,0.03,0.72
11844,control,47,4,151.2,0.284,0,0.0,persuadable,0.58,13.34
11845,control,24,18,292.43,0.76,1,29.21,sure_thing,0.03,0.72
11846,treatment,181,3,40.33,0.266,0,0.0,lost_cause,0.02,0.18
11847,control,22,15,612.26,0.671,1,28.74,sure_thing,0.03,0.72
11848,control,45,4,106.72,0.521,0,0.0,persuadable,0.58,13.34
11849,control,194,4,33.39,0.317,0,0.0,lost_cause,0.02,0.18
11850,treatment,54,2,29.04,0.344,0,0.0,lost_cause,0.02,0.18
11851,control,178,2,22.16,0.13,0,0.0,lost_cause,0.02,0.18
11852,control,400,1,47.05,0.111,0,0.0,lost_cause,0.02,0.18
11853,control,10,13,369.77,0.188,1,24.33,sure_thing,0.03,0.72
11854,control,0,6,104.32,0.09,0,0.0,sleeping_dog,-0.11,-4.84
11855,control,65,1,52.95,0.304,0,0.0,lost_cause,0.02,0.18
11856,treatment,70,4,246.89,0.246,0,0.0,sleeping_dog,-0.11,-4.84
11857,treatment,91,1,88.19,0.256,0,0.0,lost_cause,0.02,0.18
11858,control,64,12,210.81,0.409,0,0.0,persuadable,0.58,13.34
11859,control,300,1,24.89,0.245,0,0.0,lost_cause,0.02,0.18
11860,treatment,141,1,49.33,0.042,0,0.0,lost_cause,0.02,0.18
11861,treatment,73,9,59.72,0.531,1,17.78,persuadable,0.58,13.34
11862,treatment,29,0,132.67,0.461,1,31.54,persuadable,0.58,13.34
11863,control,24,6,214.36,0.346,0,0.0,persuadable,0.58,13.34
11864,treatment,8,17,356.01,0.448,1,23.82,sure_thing,0.03,0.72
11865,control,295,2,48.79,0.266,0,0.0,lost_cause,0.02,0.18
11866,treatment,56,3,124.22,0.052,0,0.0,sleeping_dog,-0.11,-4.84
11867,control,12,16,419.05,0.384,1,18.69,sure_thing,0.03,0.72
11868,treatment,77,8,53.96,0.213,1,28.78,persuadable,0.58,13.34
11869,control,365,1,64.16,0.225,0,0.0,lost_cause,0.02,0.18
11870,control,49,5,165.25,0.197,0,0.0,sleeping_dog,-0.11,-4.84
11871,control,0,8,330.96,0.435,1,16.22,sure_thing,0.03,0.72
11872,control,66,13,145.81,0.353,0,0.0,persuadable,0.58,13.34
11873,control,180,1,26.13,0.08,0,0.0,lost_cause,0.02,0.18
11874,control,159,1,24.04,0.212,0,0.0,lost_cause,0.02,0.18
11875,treatment,310,0,36.77,0.113,0,0.0,lost_cause,0.02,0.18
11876,treatment,264,1,24.88,0.178,0,0.0,lost_cause,0.02,0.18
11877,control,16,18,551.4,0.671,0,0.0,sure_thing,0.03,0.72
11878,treatment,349,2,37.68,0.189,0,0.0,lost_cause,0.02,0.18
11879,treatment,195,3,22.4,0.098,0,0.0,lost_cause,0.02,0.18
11880,control,255,4,38.65,0.162,0,0.0,lost_cause,0.02,0.18
11881,treatment,113,5,132.01,0.355,0,0.0,persuadable,0.58,13.34
11882,treatment,154,3,59.06,0.097,0,0.0,lost_cause,0.02,0.18
11883,control,42,7,120.76,0.278,1,18.67,persuadable,0.58,13.34
11884,treatment,110,2,38.64,0.207,0,0.0,lost_cause,0.02,0.18
11885,treatment,2,10,434.28,0.576,1,30.62,sure_thing,0.03,0.72
11886,control,118,1,45.85,0.156,0,0.0,lost_cause,0.02,0.18
11887,control,123,2,52.81,0.385,0,0.0,lost_cause,0.02,0.18
11888,treatment,55,11,189.3,0.25,1,19.06,persuadable,0.58,13.34
11889,treatment,6,12,493.4,0.444,1,19.39,sure_thing,0.03,0.72
11890,treatment,50,8,162.56,0.634,1,23.12,persuadable,0.58,13.34
11891,control,51,3,19.68,0.267,0,0.0,persuadable,0.58,13.34
11892,treatment,60,4,90.72,0.487,1,20.99,persuadable,0.58,13.34
11893,control,358,2,53.35,0.105,0,0.0,lost_cause,0.02,0.18
11894,control,294,0,44.56,0.128,0,0.0,lost_cause,0.02,0.18
11895,treatment,222,3,5.0,0.003,0,0.0,lost_cause,0.02,0.18
11896,treatment,25,23,312.73,0.537,0,0.0,sure_thing,0.03,0.72
11897,control,15,23,442.69,0.368,1,17.43,sure_thing,0.03,0.72
11898,control,40,5,199.65,0.194,0,0.0,persuadable,0.58,13.34
11899,control,18,6,78.52,0.205,0,0.0,sleeping_dog,-0.11,-4.84
11900,control,67,10,142.42,0.274,0,0.0,persuadable,0.58,13.34
11901,control,3,23,177.38,0.65,1,25.38,sure_thing,0.03,0.72
11902,treatment,201,2,13.94,0.017,0,0.0,lost_cause,0.02,0.18
11903,treatment,19,22,402.0,0.564,1,23.48,sure_thing,0.03,0.72
11904,control,197,2,65.93,0.107,0,0.0,lost_cause,0.02,0.18
11905,control,99,11,172.09,0.123,0,0.0,persuadable,0.58,13.34
11906,control,325,1,21.14,0.194,0,0.0,lost_cause,0.02,0.18
11907,treatment,210,4,33.56,0.0,1,9.35,lost_cause,0.02,0.18
11908,control,57,4,57.76,0.044,0,0.0,lost_cause,0.02,0.18
11909,control,198,0,18.63,0.278,0,0.0,lost_cause,0.02,0.18
11910,treatment,117,8,209.08,0.358,1,21.99,persuadable,0.58,13.34
11911,treatment,44,5,5.0,0.313,0,0.0,lost_cause,0.02,0.18
11912,control,166,2,18.62,0.135,0,0.0,lost_cause,0.02,0.18
11913,control,135,3,52.7,0.232,0,0.0,lost_cause,0.02,0.18
11914,control,49,12,271.16,0.483,1,22.54,persuadable,0.58,13.34
11915,treatment,52,5,181.77,0.272,1,16.89,persuadable,0.58,13.34
11916,control,48,0,56.03,0.04,0,0.0,lost_cause,0.02,0.18
11917,control,51,6,114.73,0.316,0,0.0,persuadable,0.58,13.34
11918,treatment,52,2,48.9,0.339,0,0.0,lost_cause,0.02,0.18
11919,control,208,4,82.42,0.164,0,0.0,lost_cause,0.02,0.18
11920,control,0,20,384.15,0.735,1,18.24,sure_thing,0.03,0.72
11921,control,255,2,61.32,0.271,0,0.0,lost_cause,0.02,0.18
11922,treatment,56,6,157.07,0.189,0,0.0,persuadable,0.58,13.34
11923,treatment,36,4,294.22,0.148,1,54.71,sleeping_dog,-0.11,-4.84
11924,treatment,251,4,5.0,0.159,0,0.0,lost_cause,0.02,0.18
11925,control,128,2,5.0,0.126,0,0.0,lost_cause,0.02,0.18
11926,treatment,124,4,32.5,0.0,0,0.0,lost_cause,0.02,0.18
11927,treatment,49,4,198.2,0.101,0,0.0,sleeping_dog,-0.11,-4.84
11928,treatment,38,6,201.58,0.063,1,51.21,sleeping_dog,-0.11,-4.84
11929,control,221,5,5.0,0.114,0,0.0,lost_cause,0.02,0.18
11930,control,36,5,92.49,0.205,0,0.0,sleeping_dog,-0.11,-4.84
11931,control,10,17,280.68,0.515,1,24.09,sure_thing,0.03,0.72
11932,control,0,13,447.35,0.517,1,30.26,sure_thing,0.03,0.72
11933,control,296,1,54.95,0.447,0,0.0,lost_cause,0.02,0.18
11934,control,22,10,148.75,0.321,0,0.0,persuadable,0.58,13.34
11935,control,297,2,5.0,0.222,0,0.0,lost_cause,0.02,0.18
11936,treatment,215,1,36.21,0.241,0,0.0,lost_cause,0.02,0.18
11937,control,122,0,14.65,0.168,0,0.0,lost_cause,0.02,0.18
11938,control,269,0,47.44,0.18,0,0.0,lost_cause,0.02,0.18
11939,treatment,65,2,104.09,0.528,0,0.0,persuadable,0.58,13.34
11940,treatment,102,6,5.0,0.635,1,12.62,persuadable,0.58,13.34
11941,treatment,237,3,76.68,0.271,0,0.0,lost_cause,0.02,0.18
11942,treatment,159,3,37.13,0.089,0,0.0,lost_cause,0.02,0.18
11943,control,55,8,78.16,0.282,0,0.0,persuadable,0.58,13.34
11944,control,112,3,5.0,0.092,0,0.0,lost_cause,0.02,0.18
11945,treatment,160,2,21.38,0.209,0,0.0,lost_cause,0.02,0.18
11946,control,57,8,177.24,0.24,0,0.0,persuadable,0.58,13.34
11947,control,314,2,18.95,0.206,0,0.0,lost_cause,0.02,0.18
11948,treatment,27,7,116.34,0.125,0,0.0,persuadable,0.58,13.34
11949,control,2,23,345.89,0.643,1,20.95,sure_thing,0.03,0.72
11950,treatment,327,1,36.27,0.135,0,0.0,lost_cause,0.02,0.18
11951,treatment,179,2,65.72,0.205,0,0.0,lost_cause,0.02,0.18
11952,control,227,2,26.29,0.216,0,0.0,lost_cause,0.02,0.18
11953,control,33,7,136.1,0.182,0,0.0,persuadable,0.58,13.34
11954,treatment,5,22,444.4,0.52,0,0.0,sure_thing,0.03,0.72
11955,control,353,0,20.89,0.147,0,0.0,lost_cause,0.02,0.18
11956,control,5,10,352.34,0.413,1,18.27,sure_thing,0.03,0.72
11957,control,84,4,6.27,0.173,0,0.0,lost_cause,0.02,0.18
11958,control,45,5,209.46,0.532,0,0.0,persuadable,0.58,13.34
11959,treatment,163,1,5.0,0.188,0,0.0,lost_cause,0.02,0.18
11960,treatment,14,21,402.37,0.563,1,18.73,sure_thing,0.03,0.72
11961,control,188,0,8.77,0.146,0,0.0,lost_cause,0.02,0.18
11962,control,241,3,31.63,0.153,0,0.0,lost_cause,0.02,0.18
11963,treatment,44,10,171.61,0.32,0,0.0,persuadable,0.58,13.34
11964,treatment,0,23,196.35,0.196,0,0.0,sure_thing,0.03,0.72
11965,treatment,0,1,106.51,0.21,1,31.7,persuadable,0.58,13.34
11966,treatment,58,3,47.53,0.194,0,0.0,lost_cause,0.02,0.18
11967,control,0,20,559.27,0.513,1,22.3,sure_thing,0.03,0.72
11968,treatment,247,5,38.93,0.004,0,0.0,lost_cause,0.02,0.18
11969,treatment,3,16,497.27,0.266,1,33.98,sure_thing,0.03,0.72
11970,control,74,1,23.9,0.129,0,0.0,lost_cause,0.02,0.18
11971,control,39,5,102.06,0.487,0,0.0,persuadable,0.58,13.34
11972,control,7,17,513.28,0.523,0,0.0,sure_thing,0.03,0.72
11973,control,24,15,476.52,0.732,0,0.0,sure_thing,0.03,0.72
11974,control,289,1,42.22,0.173,0,0.0,lost_cause,0.02,0.18
11975,treatment,200,4,20.85,0.19,0,0.0,lost_cause,0.02,0.18
11976,control,28,1,162.99,0.329,0,0.0,persuadable,0.58,13.34
11977,control,70,6,146.49,0.324,0,0.0,persuadable,0.58,13.34
11978,treatment,163,1,56.0,0.216,0,0.0,lost_cause,0.02,0.18
11979,treatment,0,5,171.67,0.467,1,22.01,persuadable,0.58,13.34
11980,control,286,4,8.67,0.099,0,0.0,lost_cause,0.02,0.18
11981,control,211,3,5.0,0.242,0,0.0,lost_cause,0.02,0.18
11982,control,123,0,37.26,0.246,0,0.0,lost_cause,0.02,0.18
11983,control,290,0,22.03,0.154,0,0.0,lost_cause,0.02,0.18
11984,control,183,0,62.64,0.057,1,7.96,lost_cause,0.02,0.18
11985,control,235,4,22.79,0.117,0,0.0,lost_cause,0.02,0.18
11986,control,81,2,106.85,0.356,1,16.16,persuadable,0.58,13.34
11987,treatment,327,3,42.18,0.13,0,0.0,lost_cause,0.02,0.18
11988,control,15,18,606.02,0.538,1,27.24,sure_thing,0.03,0.72
11989,treatment,0,27,443.75,0.626,1,30.11,sure_thing,0.03,0.72
11990,treatment,0,17,616.48,0.515,1,26.43,sure_thing,0.03,0.72
11991,control,57,10,193.1,0.583,0,0.0,persuadable,0.58,13.34
11992,treatment,54,0,67.5,0.526,1,25.82,persuadable,0.58,13.34
11993,control,15,18,389.02,0.727,1,23.01,sure_thing,0.03,0.72
11994,treatment,35,25,195.36,0.819,1,24.02,sure_thing,0.03,0.72
11995,control,5,27,406.55,0.563,0,0.0,sure_thing,0.03,0.72
11996,treatment,32,5,124.98,0.051,1,50.56,sleeping_dog,-0.11,-4.84
11997,control,50,8,222.12,0.162,0,0.0,persuadable,0.58,13.34
11998,control,78,3,42.1,0.259,0,0.0,lost_cause,0.02,0.18
11999,treatment,272,0,60.25,0.117,0,0.0,lost_cause,0.02,0.18
12000,treatment,288,2,61.83,0.202,0,0.0,lost_cause,0.02,0.18
12001,control,45,8,69.57,0.402,1,26.85,persuadable,0.58,13.34
12002,control,400,0,8.67,0.082,0,0.0,lost_cause,0.02,0.18
12003,treatment,40,2,5.0,0.296,1,6.54,lost_cause,0.02,0.18
12004,control,32,4,87.72,0.0,1,48.59,sleeping_dog,-0.11,-4.84
12005,control,45,8,285.65,0.196,0,0.0,persuadable,0.58,13.34
12006,control,25,15,457.13,0.648,0,0.0,sure_thing,0.03,0.72
12007,treatment,281,2,19.74,0.099,0,0.0,lost_cause,0.02,0.18
12008,control,400,4,47.59,0.121,0,0.0,lost_cause,0.02,0.18
12009,control,243,3,52.47,0.23,0,0.0,lost_cause,0.02,0.18
12010,treatment,212,0,23.1,0.175,0,0.0,lost_cause,0.02,0.18
12011,treatment,26,13,68.42,0.542,1,27.63,persuadable,0.58,13.34
12012,control,21,16,395.61,0.542,1,24.05,sure_thing,0.03,0.72
12013,treatment,20,17,411.56,0.643,1,17.3,sure_thing,0.03,0.72
12014,treatment,0,18,165.23,0.466,1,12.08,sure_thing,0.03,0.72
12015,treatment,8,12,542.32,0.871,0,0.0,sure_thing,0.03,0.72
12016,control,177,2,74.2,0.0,1,7.44,lost_cause,0.02,0.18
12017,treatment,30,7,167.67,0.493,0,0.0,persuadable,0.58,13.34
12018,control,42,8,116.33,0.389,0,0.0,persuadable,0.58,13.34
12019,treatment,61,10,181.38,0.379,0,0.0,persuadable,0.58,13.34
12020,treatment,5,18,405.36,0.906,1,27.05,sure_thing,0.03,0.72
12021,control,54,0,33.15,0.143,0,0.0,lost_cause,0.02,0.18
12022,control,34,3,194.64,0.099,1,47.75,sleeping_dog,-0.11,-4.84
12023,control,329,1,63.67,0.285,0,0.0,lost_cause,0.02,0.18
12024,treatment,93,1,34.22,0.0,0,0.0,lost_cause,0.02,0.18
12025,treatment,52,8,242.02,0.556,0,0.0,persuadable,0.58,13.34
12026,treatment,72,3,180.95,0.494,0,0.0,persuadable,0.58,13.34
12027,control,54,5,221.91,0.301,1,48.86,sleeping_dog,-0.11,-4.84
12028,control,19,16,562.72,0.71,0,0.0,sure_thing,0.03,0.72
12029,treatment,40,6,7.32,0.18,0,0.0,lost_cause,0.02,0.18
12030,control,279,1,25.13,0.0,0,0.0,lost_cause,0.02,0.18
12031,treatment,75,6,237.15,0.024,1,32.39,persuadable,0.58,13.34
12032,control,0,20,294.14,0.655,1,22.2,sure_thing,0.03,0.72
12033,treatment,302,1,54.02,0.053,0,0.0,lost_cause,0.02,0.18
12034,treatment,61,8,5.0,0.693,1,16.22,persuadable,0.58,13.34
12035,control,15,1,296.04,0.116,1,52.41,sleeping_dog,-0.11,-4.84
12036,control,286,2,57.46,0.0,0,0.0,lost_cause,0.02,0.18
12037,control,18,16,509.77,0.492,1,14.27,sure_thing,0.03,0.72
12038,treatment,284,5,38.94,0.234,0,0.0,lost_cause,0.02,0.18
12039,treatment,14,15,507.92,0.383,0,0.0,sure_thing,0.03,0.72
12040,treatment,121,0,79.26,0.24,0,0.0,lost_cause,0.02,0.18
12041,treatment,35,7,134.9,0.308,0,0.0,persuadable,0.58,13.34
12042,treatment,201,4,42.28,0.22,0,0.0,lost_cause,0.02,0.18
12043,control,25,18,586.95,0.6,0,0.0,sure_thing,0.03,0.72
12044,control,175,3,50.42,0.449,0,0.0,lost_cause,0.02,0.18
12045,control,128,1,48.7,0.106,1,6.89,lost_cause,0.02,0.18
12046,treatment,26,0,94.7,0.122,0,0.0,sleeping_dog,-0.11,-4.84
12047,control,240,1,31.55,0.138,0,0.0,lost_cause,0.02,0.18
12048,treatment,34,6,286.05,0.118,0,0.0,sleeping_dog,-0.11,-4.84
12049,treatment,80,7,160.41,0.442,1,25.22,persuadable,0.58,13.34
12050,control,11,23,363.86,0.333,1,18.88,sure_thing,0.03,0.72
12051,control,1,25,535.53,0.525,1,21.01,sure_thing,0.03,0.72
12052,control,111,5,13.89,0.237,0,0.0,lost_cause,0.02,0.18
12053,control,25,7,243.66,0.623,0,0.0,persuadable,0.58,13.34
12054,control,24,17,382.04,0.472,0,0.0,sure_thing,0.03,0.72
12055,control,9,21,238.01,0.491,0,0.0,sure_thing,0.03,0.72
12056,control,84,2,291.75,0.531,0,0.0,persuadable,0.58,13.34
12057,treatment,0,10,601.84,0.353,1,19.78,sure_thing,0.03,0.72
12058,treatment,192,0,39.84,0.006,1,10.36,lost_cause,0.02,0.18
12059,control,75,7,59.81,0.342,0,0.0,persuadable,0.58,13.34
12060,treatment,10,19,413.65,0.63,1,22.14,sure_thing,0.03,0.72
12061,treatment,3,19,568.48,0.444,1,21.81,sure_thing,0.03,0.72
12062,control,339,0,35.33,0.155,0,0.0,lost_cause,0.02,0.18
12063,treatment,198,0,28.96,0.013,0,0.0,lost_cause,0.02,0.18
12064,treatment,192,1,44.12,0.24,0,0.0,lost_cause,0.02,0.18
12065,treatment,94,9,158.52,0.351,1,28.06,persuadable,0.58,13.34
12066,treatment,55,7,176.58,0.082,0,0.0,sleeping_dog,-0.11,-4.84
12067,control,37,3,86.76,0.12,1,37.88,sleeping_dog,-0.11,-4.84
12068,treatment,10,15,533.72,0.39,1,21.58,sure_thing,0.03,0.72
12069,control,73,6,21.36,0.358,0,0.0,persuadable,0.58,13.34
12070,control,279,2,32.05,0.241,0,0.0,lost_cause,0.02,0.18
12071,control,94,0,59.57,0.175,0,0.0,lost_cause,0.02,0.18
12072,treatment,30,4,143.05,0.291,1,46.64,sleeping_dog,-0.11,-4.84
12073,treatment,237,2,55.96,0.057,0,0.0,lost_cause,0.02,0.18
12074,treatment,313,2,28.71,0.0,1,9.89,lost_cause,0.02,0.18
12075,treatment,261,3,68.25,0.065,0,0.0,lost_cause,0.02,0.18
12076,treatment,70,10,114.78,0.634,1,25.76,persuadable,0.58,13.34
12077,treatment,17,6,134.97,0.016,1,36.64,sleeping_dog,-0.11,-4.84
12078,control,138,2,37.66,0.227,0,0.0,lost_cause,0.02,0.18
12079,control,1,29,404.16,0.585,1,20.45,sure_thing,0.03,0.72
12080,control,24,8,149.72,0.391,0,0.0,persuadable,0.58,13.34
12081,control,0,4,102.44,0.185,0,0.0,persuadable,0.58,13.34
12082,treatment,75,9,120.77,0.505,1,16.0,persuadable,0.58,13.34
12083,control,23,22,530.0,0.444,0,0.0,sure_thing,0.03,0.72
12084,treatment,69,13,125.32,0.549,1,24.93,persuadable,0.58,13.34
12085,treatment,284,2,7.25,0.031,1,9.09,lost_cause,0.02,0.18
12086,treatment,11,15,245.06,0.536,0,0.0,sure_thing,0.03,0.72
12087,treatment,6,27,301.29,0.652,1,14.52,sure_thing,0.03,0.72
12088,treatment,168,1,12.57,0.143,0,0.0,lost_cause,0.02,0.18
12089,treatment,279,4,29.25,0.095,0,0.0,lost_cause,0.02,0.18
12090,control,27,8,90.61,0.233,0,0.0,persuadable,0.58,13.34
12091,treatment,116,2,50.13,0.284,0,0.0,lost_cause,0.02,0.18
12092,control,87,5,97.93,0.462,0,0.0,persuadable,0.58,13.34
12093,control,26,3,229.81,0.596,0,0.0,persuadable,0.58,13.34
12094,control,106,4,26.67,0.042,1,10.22,lost_cause,0.02,0.18
12095,treatment,348,1,61.65,0.263,1,11.02,lost_cause,0.02,0.18
12096,treatment,49,11,279.9,0.474,1,19.59,persuadable,0.58,13.34
12097,control,189,2,82.69,0.043,0,0.0,lost_cause,0.02,0.18
12098,control,63,11,134.48,0.385,1,30.42,persuadable,0.58,13.34
12099,control,189,2,19.97,0.108,0,0.0,lost_cause,0.02,0.18
12100,control,67,6,186.54,0.12,1,47.17,sleeping_dog,-0.11,-4.84
12101,control,89,0,41.55,0.225,1,8.06,lost_cause,0.02,0.18
12102,treatment,38,5,145.81,0.179,0,0.0,sleeping_dog,-0.11,-4.84
12103,treatment,159,1,21.31,0.124,0,0.0,lost_cause,0.02,0.18
12104,treatment,339,0,64.82,0.004,0,0.0,lost_cause,0.02,0.18
12105,control,252,1,5.0,0.095,0,0.0,lost_cause,0.02,0.18
12106,control,15,7,168.4,0.582,1,35.76,persuadable,0.58,13.34
12107,treatment,204,5,56.0,0.146,0,0.0,lost_cause,0.02,0.18
12108,treatment,61,9,157.28,0.398,0,0.0,persuadable,0.58,13.34
12109,treatment,8,19,245.41,0.706,1,28.39,sure_thing,0.03,0.72
12110,control,97,7,171.74,0.296,0,0.0,persuadable,0.58,13.34
12111,control,0,16,177.22,0.741,1,31.09,sure_thing,0.03,0.72
12112,treatment,35,3,178.43,0.031,1,41.98,sleeping_dog,-0.11,-4.84
12113,treatment,24,22,467.18,0.835,1,18.29,sure_thing,0.03,0.72
12114,control,35,2,30.39,0.125,0,0.0,lost_cause,0.02,0.18
12115,control,18,8,153.86,0.415,0,0.0,persuadable,0.58,13.34
12116,control,0,9,32.05,0.093,0,0.0,persuadable,0.58,13.34
12117,treatment,3,9,165.93,0.361,1,25.16,persuadable,0.58,13.34
12118,control,0,25,565.96,0.694,1,17.7,sure_thing,0.03,0.72
12119,treatment,280,0,41.11,0.214,0,0.0,lost_cause,0.02,0.18
12120,treatment,245,3,43.98,0.184,0,0.0,lost_cause,0.02,0.18
12121,control,35,9,168.64,0.38,1,20.08,persuadable,0.58,13.34
12122,treatment,21,21,603.2,0.541,1,25.38,sure_thing,0.03,0.72
12123,treatment,311,4,26.02,0.149,1,13.15,lost_cause,0.02,0.18
12124,control,11,19,491.79,0.568,1,11.83,sure_thing,0.03,0.72
12125,treatment,76,10,91.69,0.512,1,18.32,persuadable,0.58,13.34
12126,control,166,5,21.22,0.204,0,0.0,lost_cause,0.02,0.18
12127,treatment,255,3,75.83,0.041,0,0.0,lost_cause,0.02,0.18
12128,control,152,3,50.31,0.1,0,0.0,lost_cause,0.02,0.18
12129,treatment,34,3,221.13,0.142,1,39.67,sleeping_dog,-0.11,-4.84
12130,control,73,2,46.54,0.0,0,0.0,lost_cause,0.02,0.18
12131,treatment,26,6,131.98,0.102,1,43.67,sleeping_dog,-0.11,-4.84
12132,treatment,31,1,68.81,0.049,0,0.0,lost_cause,0.02,0.18
12133,treatment,10,19,443.16,0.7,1,18.27,sure_thing,0.03,0.72
12134,treatment,35,21,428.06,0.571,1,27.96,sure_thing,0.03,0.72
12135,control,14,9,404.02,0.774,1,25.06,sure_thing,0.03,0.72
12136,treatment,271,2,24.69,0.087,0,0.0,lost_cause,0.02,0.18
12137,treatment,27,25,291.87,0.387,1,13.71,sure_thing,0.03,0.72
12138,treatment,0,20,316.33,0.364,1,12.9,sure_thing,0.03,0.72
12139,treatment,54,7,185.32,0.235,1,28.07,persuadable,0.58,13.34
12140,treatment,77,6,182.51,0.737,1,19.69,persuadable,0.58,13.34
12141,treatment,60,8,94.53,0.4,0,0.0,persuadable,0.58,13.34
12142,treatment,172,2,57.03,0.0,0,0.0,lost_cause,0.02,0.18
12143,control,120,5,96.58,0.529,0,0.0,persuadable,0.58,13.34
12144,control,0,7,239.54,0.538,1,32.6,sure_thing,0.03,0.72
12145,treatment,0,10,178.7,0.314,1,22.86,persuadable,0.58,13.34
12146,treatment,84,8,85.47,0.205,1,17.13,persuadable,0.58,13.34
12147,control,196,0,35.06,0.149,0,0.0,lost_cause,0.02,0.18
12148,control,57,5,6.03,0.372,0,0.0,lost_cause,0.02,0.18
12149,treatment,19,28,394.29,0.455,1,12.5,sure_thing,0.03,0.72
12150,control,29,15,439.08,0.571,1,24.93,sure_thing,0.03,0.72
12151,treatment,33,4,127.14,0.171,1,41.46,sleeping_dog,-0.11,-4.84
12152,control,357,2,24.24,0.315,0,0.0,lost_cause,0.02,0.18
12153,treatment,6,17,409.04,0.846,0,0.0,sure_thing,0.03,0.72
12154,control,21,17,302.05,0.681,1,13.86,sure_thing,0.03,0.72
12155,control,151,0,41.59,0.153,0,0.0,lost_cause,0.02,0.18
12156,control,17,22,320.8,0.575,1,31.28,sure_thing,0.03,0.72
12157,treatment,84,7,106.96,0.382,1,20.8,persuadable,0.58,13.34
12158,control,40,1,20.58,0.229,0,0.0,lost_cause,0.02,0.18
12159,treatment,81,3,18.59,0.062,0,0.0,lost_cause,0.02,0.18
12160,control,24,18,613.36,0.644,1,29.23,sure_thing,0.03,0.72
12161,treatment,16,5,147.9,0.081,0,0.0,sleeping_dog,-0.11,-4.84
12162,control,83,7,132.3,0.363,0,0.0,persuadable,0.58,13.34
12163,treatment,23,17,396.27,0.407,1,30.81,sure_thing,0.03,0.72
12164,treatment,148,2,52.15,0.209,0,0.0,lost_cause,0.02,0.18
12165,control,25,2,273.52,0.104,1,54.1,sleeping_dog,-0.11,-4.84
12166,treatment,6,16,334.06,0.759,0,0.0,sure_thing,0.03,0.72
12167,control,291,1,40.99,0.109,0,0.0,lost_cause,0.02,0.18
12168,treatment,5,21,182.17,0.618,0,0.0,sure_thing,0.03,0.72
12169,control,244,4,28.3,0.195,0,0.0,lost_cause,0.02,0.18
12170,treatment,64,3,240.38,0.352,1,20.34,persuadable,0.58,13.34
12171,control,0,11,691.6,0.583,1,13.08,sure_thing,0.03,0.72
12172,control,56,12,143.57,0.365,0,0.0,persuadable,0.58,13.34
12173,control,55,5,206.77,0.434,0,0.0,persuadable,0.58,13.34
12174,treatment,11,8,103.26,0.365,0,0.0,persuadable,0.58,13.34
12175,treatment,84,8,53.1,0.314,0,0.0,persuadable,0.58,13.34
12176,control,59,7,231.07,0.545,0,0.0,persuadable,0.58,13.34
12177,treatment,248,1,6.15,0.081,0,0.0,lost_cause,0.02,0.18
12178,control,140,3,50.34,0.245,0,0.0,lost_cause,0.02,0.18
12179,treatment,279,2,61.2,0.254,0,0.0,lost_cause,0.02,0.18
12180,treatment,4,10,362.93,0.613,1,20.38,sure_thing,0.03,0.72
12181,treatment,200,1,40.77,0.285,0,0.0,lost_cause,0.02,0.18
12182,control,55,3,55.43,0.157,0,0.0,sleeping_dog,-0.11,-4.84
12183,treatment,299,4,51.15,0.113,0,0.0,lost_cause,0.02,0.18
12184,control,61,7,164.3,0.156,1,22.54,persuadable,0.58,13.34
12185,treatment,130,3,34.89,0.08,0,0.0,lost_cause,0.02,0.18
12186,control,20,21,239.77,0.639,1,19.85,sure_thing,0.03,0.72
12187,control,28,0,104.85,0.471,0,0.0,persuadable,0.58,13.34
12188,treatment,65,8,171.98,0.665,0,0.0,persuadable,0.58,13.34
12189,control,145,3,62.2,0.255,0,0.0,lost_cause,0.02,0.18
12190,control,132,6,171.56,0.252,0,0.0,persuadable,0.58,13.34
12191,treatment,36,3,225.71,0.176,0,0.0,sleeping_dog,-0.11,-4.84
12192,treatment,124,2,59.67,0.182,0,0.0,lost_cause,0.02,0.18
12193,control,86,7,99.33,0.485,0,0.0,persuadable,0.58,13.34
12194,control,144,2,44.59,0.233,0,0.0,lost_cause,0.02,0.18
12195,control,0,16,164.94,0.566,0,0.0,sure_thing,0.03,0.72
12196,control,8,3,59.36,0.031,1,41.38,sleeping_dog,-0.11,-4.84
12197,treatment,126,0,58.23,0.309,0,0.0,lost_cause,0.02,0.18
12198,control,58,8,89.11,0.456,0,0.0,persuadable,0.58,13.34
12199,control,249,1,37.03,0.062,0,0.0,lost_cause,0.02,0.18
12200,treatment,27,16,570.6,0.403,1,24.36,sure_thing,0.03,0.72
12201,control,162,2,69.27,0.192,0,0.0,lost_cause,0.02,0.18
12202,treatment,12,19,437.48,0.63,1,26.56,sure_thing,0.03,0.72
12203,treatment,28,11,214.45,0.554,0,0.0,persuadable,0.58,13.34
12204,control,61,3,61.14,0.132,0,0.0,lost_cause,0.02,0.18
12205,treatment,160,6,36.03,0.134,0,0.0,lost_cause,0.02,0.18
12206,treatment,139,2,63.69,0.197,0,0.0,lost_cause,0.02,0.18
12207,treatment,47,6,44.56,0.223,0,0.0,lost_cause,0.02,0.18
12208,treatment,216,2,35.25,0.308,0,0.0,lost_cause,0.02,0.18
12209,treatment,215,4,43.42,0.268,1,4.89,lost_cause,0.02,0.18
12210,control,83,8,141.33,0.603,1,22.22,persuadable,0.58,13.34
12211,control,60,6,129.47,0.319,0,0.0,persuadable,0.58,13.34
12212,treatment,199,4,28.84,0.349,0,0.0,lost_cause,0.02,0.18
12213,treatment,0,12,359.97,0.392,1,26.16,sure_thing,0.03,0.72
12214,control,20,12,379.7,0.382,1,21.24,sure_thing,0.03,0.72
12215,treatment,336,0,50.83,0.195,0,0.0,lost_cause,0.02,0.18
12216,treatment,62,5,37.15,0.0,0,0.0,lost_cause,0.02,0.18
12217,control,260,0,40.18,0.173,0,0.0,lost_cause,0.02,0.18
12218,control,13,6,361.07,0.662,1,22.45,sure_thing,0.03,0.72
12219,control,226,2,79.38,0.036,0,0.0,lost_cause,0.02,0.18
12220,treatment,0,23,372.28,0.656,1,27.89,sure_thing,0.03,0.72
12221,treatment,112,1,5.0,0.159,0,0.0,lost_cause,0.02,0.18
12222,control,3,17,454.9,0.674,0,0.0,sure_thing,0.03,0.72
12223,treatment,99,3,129.85,0.116,0,0.0,persuadable,0.58,13.34
12224,control,319,1,30.81,0.18,0,0.0,lost_cause,0.02,0.18
12225,control,94,0,65.43,0.15,0,0.0,lost_cause,0.02,0.18
12226,control,23,16,455.66,0.604,1,16.57,sure_thing,0.03,0.72
12227,treatment,218,1,22.86,0.342,0,0.0,lost_cause,0.02,0.18
12228,treatment,9,15,539.03,0.582,0,0.0,sure_thing,0.03,0.72
12229,control,256,4,12.79,0.078,0,0.0,lost_cause,0.02,0.18
12230,treatment,50,4,112.83,0.439,1,19.78,persuadable,0.58,13.34
12231,control,34,5,32.76,0.158,1,34.63,sleeping_dog,-0.11,-4.84
12232,control,171,0,65.43,0.079,0,0.0,lost_cause,0.02,0.18
12233,treatment,22,21,576.37,0.281,1,20.45,sure_thing,0.03,0.72
12234,control,140,4,72.99,0.203,0,0.0,lost_cause,0.02,0.18
12235,control,285,3,30.83,0.204,0,0.0,lost_cause,0.02,0.18
12236,control,308,3,44.21,0.245,0,0.0,lost_cause,0.02,0.18
12237,treatment,8,20,518.76,0.822,1,21.75,sure_thing,0.03,0.72
12238,control,69,2,182.79,0.521,0,0.0,persuadable,0.58,13.34
12239,treatment,156,3,31.05,0.159,0,0.0,lost_cause,0.02,0.18
12240,treatment,0,10,42.67,0.598,1,28.37,persuadable,0.58,13.34
12241,control,52,9,189.61,0.694,0,0.0,persuadable,0.58,13.34
12242,control,19,11,367.69,0.446,1,23.3,sure_thing,0.03,0.72
12243,treatment,54,11,87.57,0.263,1,26.63,persuadable,0.58,13.34
12244,control,10,13,410.0,0.629,1,20.88,sure_thing,0.03,0.72
12245,treatment,65,7,151.48,0.324,1,16.11,persuadable,0.58,13.34
12246,treatment,30,4,173.5,0.03,1,38.08,sleeping_dog,-0.11,-4.84
12247,control,77,9,93.83,0.318,0,0.0,persuadable,0.58,13.34
12248,treatment,0,19,340.65,0.546,1,18.93,sure_thing,0.03,0.72
12249,control,321,3,20.22,0.185,0,0.0,lost_cause,0.02,0.18
12250,treatment,12,10,168.08,0.492,1,27.62,sure_thing,0.03,0.72
12251,treatment,0,7,26.88,0.209,1,17.61,persuadable,0.58,13.34
12252,treatment,73,3,116.48,0.309,0,0.0,persuadable,0.58,13.34
12253,treatment,233,3,50.19,0.234,1,6.61,lost_cause,0.02,0.18
12254,control,80,1,115.28,0.203,0,0.0,persuadable,0.58,13.34
12255,control,96,0,51.94,0.186,0,0.0,lost_cause,0.02,0.18
12256,control,275,0,39.51,0.197,0,0.0,lost_cause,0.02,0.18
12257,treatment,18,3,393.73,0.152,0,0.0,sleeping_dog,-0.11,-4.84
12258,treatment,65,11,118.11,0.349,1,22.84,persuadable,0.58,13.34
12259,control,194,4,17.52,0.101,0,0.0,lost_cause,0.02,0.18
12260,treatment,17,15,168.41,0.312,1,15.14,sure_thing,0.03,0.72
12261,control,164,3,41.89,0.0,0,0.0,lost_cause,0.02,0.18
12262,control,33,4,222.35,0.223,0,0.0,sleeping_dog,-0.11,-4.84
12263,treatment,239,5,26.68,0.127,0,0.0,lost_cause,0.02,0.18
12264,control,5,12,260.86,0.665,1,26.16,sure_thing,0.03,0.72
12265,treatment,237,2,27.28,0.218,0,0.0,lost_cause,0.02,0.18
12266,treatment,134,2,42.71,0.049,0,0.0,lost_cause,0.02,0.18
12267,treatment,22,17,543.62,0.546,1,18.07,sure_thing,0.03,0.72
12268,treatment,11,21,296.45,0.663,1,25.47,sure_thing,0.03,0.72
12269,treatment,53,1,271.24,0.205,1,54.96,sleeping_dog,-0.11,-4.84
12270,control,5,17,327.95,0.509,0,0.0,sure_thing,0.03,0.72
12271,treatment,17,20,328.73,0.236,1,21.3,sure_thing,0.03,0.72
12272,control,13,20,295.92,0.58,1,31.51,sure_thing,0.03,0.72
12273,control,154,1,39.13,0.087,1,6.0,lost_cause,0.02,0.18
12274,treatment,263,0,10.42,0.285,0,0.0,lost_cause,0.02,0.18
12275,control,16,11,402.76,0.682,1,12.68,sure_thing,0.03,0.72
12276,treatment,273,2,53.6,0.23,0,0.0,lost_cause,0.02,0.18
12277,control,365,4,29.44,0.199,0,0.0,lost_cause,0.02,0.18
12278,control,202,2,31.36,0.137,0,0.0,lost_cause,0.02,0.18
12279,control,220,3,15.14,0.102,0,0.0,lost_cause,0.02,0.18
12280,control,0,12,568.8,0.613,1,23.63,sure_thing,0.03,0.72
12281,treatment,134,3,22.94,0.169,0,0.0,lost_cause,0.02,0.18
12282,control,12,7,266.39,0.612,1,28.04,sure_thing,0.03,0.72
12283,control,386,0,7.79,0.0,0,0.0,lost_cause,0.02,0.18
12284,control,229,2,34.76,0.1,0,0.0,lost_cause,0.02,0.18
12285,control,74,7,61.14,0.242,1,22.6,persuadable,0.58,13.34
12286,control,249,0,21.27,0.33,0,0.0,lost_cause,0.02,0.18
12287,control,324,2,28.53,0.229,0,0.0,lost_cause,0.02,0.18
12288,control,274,3,60.31,0.051,0,0.0,lost_cause,0.02,0.18
12289,control,92,5,263.88,0.457,0,0.0,persuadable,0.58,13.34
12290,treatment,138,2,22.93,0.199,0,0.0,lost_cause,0.02,0.18
12291,treatment,15,4,182.24,0.252,1,52.54,sleeping_dog,-0.11,-4.84
12292,treatment,178,2,54.91,0.23,0,0.0,lost_cause,0.02,0.18
12293,control,312,4,19.72,0.103,0,0.0,lost_cause,0.02,0.18
12294,treatment,6,26,468.42,0.779,1,17.78,sure_thing,0.03,0.72
12295,control,25,4,187.53,0.0,0,0.0,sleeping_dog,-0.11,-4.84
12296,control,35,8,76.22,0.442,0,0.0,persuadable,0.58,13.34
12297,treatment,238,5,36.27,0.199,0,0.0,lost_cause,0.02,0.18
12298,control,9,13,384.61,0.296,1,30.69,sure_thing,0.03,0.72
12299,treatment,162,0,5.0,0.018,0,0.0,lost_cause,0.02,0.18
12300,treatment,1,15,523.38,0.571,1,27.96,sure_thing,0.03,0.72
12301,treatment,23,16,387.15,0.722,1,24.16,sure_thing,0.03,0.72
12302,control,187,1,38.73,0.104,0,0.0,lost_cause,0.02,0.18
12303,control,22,24,479.69,0.474,1,27.85,sure_thing,0.03,0.72
12304,control,305,1,48.55,0.092,1,9.26,lost_cause,0.02,0.18
12305,control,39,3,205.54,0.358,0,0.0,persuadable,0.58,13.34
12306,treatment,99,0,5.0,0.291,0,0.0,lost_cause,0.02,0.18
12307,treatment,3,21,412.15,0.393,1,26.83,sure_thing,0.03,0.72
12308,control,0,2,171.93,0.018,0,0.0,sleeping_dog,-0.11,-4.84
12309,control,12,17,578.91,0.505,1,20.36,sure_thing,0.03,0.72
12310,treatment,68,2,168.72,0.001,0,0.0,sleeping_dog,-0.11,-4.84
12311,control,35,6,158.67,0.261,0,0.0,sleeping_dog,-0.11,-4.84
12312,control,35,4,174.51,0.264,0,0.0,persuadable,0.58,13.34
12313,treatment,94,8,83.32,0.468,1,23.28,persuadable,0.58,13.34
12314,control,5,6,129.96,0.34,0,0.0,persuadable,0.58,13.34
12315,control,14,14,209.23,0.534,1,23.5,sure_thing,0.03,0.72
12316,control,38,12,205.87,0.408,0,0.0,persuadable,0.58,13.34
12317,control,35,8,227.1,0.324,0,0.0,persuadable,0.58,13.34
12318,treatment,20,9,103.33,0.384,1,24.66,persuadable,0.58,13.34
12319,control,194,3,18.25,0.13,0,0.0,lost_cause,0.02,0.18
12320,control,310,1,44.02,0.097,0,0.0,lost_cause,0.02,0.18
12321,control,17,13,369.45,0.598,0,0.0,sure_thing,0.03,0.72
12322,control,74,5,220.87,0.526,1,23.39,persuadable,0.58,13.34
12323,treatment,302,4,39.94,0.087,0,0.0,lost_cause,0.02,0.18
12324,control,114,4,23.3,0.15,0,0.0,lost_cause,0.02,0.18
12325,treatment,197,2,32.13,0.326,0,0.0,lost_cause,0.02,0.18
12326,treatment,6,17,120.23,0.64,1,30.09,sure_thing,0.03,0.72
12327,control,34,6,113.4,0.13,0,0.0,sleeping_dog,-0.11,-4.84
12328,treatment,16,11,520.32,0.62,1,21.3,sure_thing,0.03,0.72
12329,control,240,0,46.98,0.215,0,0.0,lost_cause,0.02,0.18
12330,treatment,39,23,656.44,0.586,1,24.56,sure_thing,0.03,0.72
12331,treatment,231,2,42.57,0.14,0,0.0,lost_cause,0.02,0.18
12332,control,187,2,5.0,0.15,0,0.0,lost_cause,0.02,0.18
12333,treatment,156,1,50.7,0.275,0,0.0,lost_cause,0.02,0.18
12334,treatment,53,7,152.82,0.522,1,22.07,persuadable,0.58,13.34
12335,control,183,4,20.8,0.0,0,0.0,lost_cause,0.02,0.18
12336,control,1,14,116.41,0.278,0,0.0,persuadable,0.58,13.34
12337,control,221,2,38.2,0.0,0,0.0,lost_cause,0.02,0.18
12338,treatment,99,8,140.68,0.396,1,19.69,persuadable,0.58,13.34
12339,treatment,210,0,38.7,0.112,0,0.0,lost_cause,0.02,0.18
12340,treatment,359,3,29.89,0.066,0,0.0,lost_cause,0.02,0.18
12341,treatment,10,15,524.29,0.73,1,29.86,sure_thing,0.03,0.72
12342,treatment,242,0,60.16,0.126,0,0.0,lost_cause,0.02,0.18
12343,treatment,275,4,49.77,0.183,0,0.0,lost_cause,0.02,0.18
12344,control,59,7,167.74,0.155,0,0.0,persuadable,0.58,13.34
12345,control,47,13,197.86,0.561,1,26.65,persuadable,0.58,13.34
12346,treatment,264,2,45.25,0.0,0,0.0,lost_cause,0.02,0.18
12347,control,180,4,70.84,0.243,0,0.0,lost_cause,0.02,0.18
12348,control,11,5,184.37,0.244,0,0.0,sleeping_dog,-0.11,-4.84
12349,control,17,18,468.39,0.638,0,0.0,sure_thing,0.03,0.72
12350,treatment,47,11,257.13,0.486,1,25.53,persuadable,0.58,13.34
12351,treatment,286,2,27.44,0.139,0,0.0,lost_cause,0.02,0.18
12352,treatment,0,7,110.57,0.428,1,20.25,persuadable,0.58,13.34
12353,treatment,64,7,233.62,0.588,1,21.25,persuadable,0.58,13.34
12354,treatment,90,1,160.44,0.41,1,16.93,persuadable,0.58,13.34
12355,treatment,3,19,429.49,0.579,1,20.93,sure_thing,0.03,0.72
12356,control,157,0,33.9,0.009,0,0.0,lost_cause,0.02,0.18
12357,control,304,1,55.01,0.168,0,0.0,lost_cause,0.02,0.18
12358,treatment,268,2,35.0,0.108,0,0.0,lost_cause,0.02,0.18
12359,treatment,163,1,18.27,0.22,0,0.0,lost_cause,0.02,0.18
12360,treatment,284,2,46.07,0.0,1,11.35,lost_cause,0.02,0.18
12361,control,112,5,164.95,0.584,0,0.0,persuadable,0.58,13.34
12362,control,169,3,49.69,0.016,0,0.0,lost_cause,0.02,0.18
12363,treatment,5,23,438.83,0.52,1,21.54,sure_thing,0.03,0.72
12364,control,49,8,176.71,0.453,1,32.44,persuadable,0.58,13.34
12365,treatment,282,0,10.24,0.377,0,0.0,lost_cause,0.02,0.18
12366,control,117,1,48.5,0.073,0,0.0,lost_cause,0.02,0.18
12367,control,228,0,23.86,0.182,0,0.0,lost_cause,0.02,0.18
12368,control,11,2,136.17,0.525,0,0.0,persuadable,0.58,13.34
12369,control,12,7,134.04,0.434,1,21.85,persuadable,0.58,13.34
12370,control,329,2,36.13,0.274,0,0.0,lost_cause,0.02,0.18
12371,control,9,18,337.47,0.413,1,13.77,sure_thing,0.03,0.72
12372,control,158,3,39.76,0.322,0,0.0,lost_cause,0.02,0.18
12373,treatment,32,2,64.5,0.264,0,0.0,lost_cause,0.02,0.18
12374,control,137,0,42.5,0.079,0,0.0,lost_cause,0.02,0.18
12375,control,253,1,58.37,0.2,0,0.0,lost_cause,0.02,0.18
12376,control,200,1,31.52,0.212,0,0.0,lost_cause,0.02,0.18
12377,treatment,64,2,42.85,0.286,0,0.0,lost_cause,0.02,0.18
12378,control,2,16,390.03,0.744,0,0.0,sure_thing,0.03,0.72
12379,treatment,159,3,24.45,0.247,0,0.0,lost_cause,0.02,0.18
12380,treatment,164,2,62.97,0.08,0,0.0,lost_cause,0.02,0.18
12381,treatment,26,3,37.35,0.05,0,0.0,lost_cause,0.02,0.18
12382,treatment,166,0,25.43,0.302,1,9.54,lost_cause,0.02,0.18
12383,control,67,15,108.57,0.529,0,0.0,persuadable,0.58,13.34
12384,control,192,0,56.95,0.027,0,0.0,lost_cause,0.02,0.18
12385,treatment,44,3,257.78,0.151,0,0.0,sleeping_dog,-0.11,-4.84
12386,treatment,164,0,52.55,0.212,0,0.0,lost_cause,0.02,0.18
12387,treatment,61,9,43.91,0.338,1,24.41,persuadable,0.58,13.34
12388,control,163,3,46.46,0.223,0,0.0,lost_cause,0.02,0.18
12389,control,323,2,43.85,0.028,0,0.0,lost_cause,0.02,0.18
12390,treatment,47,12,108.26,0.564,1,25.85,persuadable,0.58,13.34
12391,control,0,27,492.22,0.448,1,23.42,sure_thing,0.03,0.72
12392,control,77,0,43.45,0.121,0,0.0,lost_cause,0.02,0.18
12393,treatment,155,3,43.36,0.056,0,0.0,lost_cause,0.02,0.18
12394,control,94,7,167.97,0.47,1,28.19,persuadable,0.58,13.34
12395,control,24,2,121.93,0.359,0,0.0,persuadable,0.58,13.34
12396,control,308,1,36.61,0.3,0,0.0,lost_cause,0.02,0.18
12397,control,219,1,29.55,0.055,0,0.0,lost_cause,0.02,0.18
12398,control,28,24,511.46,0.518,1,29.99,sure_thing,0.03,0.72
12399,treatment,81,0,44.49,0.207,0,0.0,lost_cause,0.02,0.18
12400,control,244,2,29.05,0.128,0,0.0,lost_cause,0.02,0.18
12401,treatment,49,7,174.06,0.251,1,35.05,persuadable,0.58,13.34
12402,control,51,7,149.8,0.481,0,0.0,persuadable,0.58,13.34
12403,treatment,0,2,65.99,0.275,1,8.19,lost_cause,0.02,0.18
12404,control,160,2,38.15,0.208,0,0.0,lost_cause,0.02,0.18
12405,control,255,1,35.84,0.228,0,0.0,lost_cause,0.02,0.18
12406,treatment,52,3,241.53,0.534,1,26.71,persuadable,0.58,13.34
12407,treatment,84,2,5.0,0.17,0,0.0,lost_cause,0.02,0.18
12408,treatment,267,2,29.4,0.305,0,0.0,lost_cause,0.02,0.18
12409,control,86,12,157.2,0.298,0,0.0,persuadable,0.58,13.34
12410,treatment,211,1,34.51,0.096,1,13.66,lost_cause,0.02,0.18
12411,control,4,25,416.05,0.473,1,29.63,sure_thing,0.03,0.72
12412,treatment,203,0,5.0,0.251,0,0.0,lost_cause,0.02,0.18
12413,control,11,28,130.84,0.605,0,0.0,sure_thing,0.03,0.72
12414,treatment,400,1,23.88,0.195,0,0.0,lost_cause,0.02,0.18
12415,control,73,5,87.88,0.75,1,17.71,persuadable,0.58,13.34
12416,control,276,1,21.23,0.172,0,0.0,lost_cause,0.02,0.18
12417,treatment,3,15,407.85,0.882,0,0.0,sure_thing,0.03,0.72
12418,treatment,56,7,295.36,0.202,1,18.74,persuadable,0.58,13.34
12419,treatment,8,26,618.61,0.561,0,0.0,sure_thing,0.03,0.72
12420,control,0,16,554.66,0.624,1,24.73,sure_thing,0.03,0.72
12421,control,218,2,34.29,0.161,1,8.77,lost_cause,0.02,0.18
12422,treatment,16,17,292.43,0.634,1,17.01,sure_thing,0.03,0.72
12423,control,4,14,253.52,0.51,0,0.0,sure_thing,0.03,0.72
12424,control,52,4,161.63,0.213,0,0.0,persuadable,0.58,13.34
12425,treatment,54,1,52.12,0.0,0,0.0,lost_cause,0.02,0.18
12426,treatment,65,1,5.0,0.249,0,0.0,lost_cause,0.02,0.18
12427,treatment,168,1,45.25,0.209,0,0.0,lost_cause,0.02,0.18
12428,treatment,65,8,180.83,0.503,1,23.24,persuadable,0.58,13.34
12429,treatment,210,0,58.06,0.324,0,0.0,lost_cause,0.02,0.18
12430,control,262,0,57.54,0.195,0,0.0,lost_cause,0.02,0.18
12431,treatment,56,4,93.81,0.186,1,39.44,sleeping_dog,-0.11,-4.84
12432,control,22,13,348.05,0.58,0,0.0,sure_thing,0.03,0.72
12433,treatment,9,5,99.15,0.339,1,25.66,persuadable,0.58,13.34
12434,treatment,18,20,332.6,0.524,1,21.24,sure_thing,0.03,0.72
12435,treatment,118,1,34.66,0.079,0,0.0,lost_cause,0.02,0.18
12436,control,7,9,394.24,0.264,1,24.39,sure_thing,0.03,0.72
12437,control,163,2,5.42,0.239,0,0.0,lost_cause,0.02,0.18
12438,control,0,17,395.94,0.814,0,0.0,sure_thing,0.03,0.72
12439,control,251,2,48.5,0.043,0,0.0,lost_cause,0.02,0.18
12440,treatment,4,3,80.79,0.337,1,21.66,persuadable,0.58,13.34
12441,treatment,69,4,38.8,0.075,0,0.0,lost_cause,0.02,0.18
12442,control,16,17,184.15,0.6,0,0.0,sure_thing,0.03,0.72
12443,control,197,4,49.28,0.187,0,0.0,lost_cause,0.02,0.18
12444,control,8,10,482.61,0.684,0,0.0,sure_thing,0.03,0.72
12445,control,291,2,50.68,0.025,0,0.0,lost_cause,0.02,0.18
12446,control,172,2,32.87,0.289,0,0.0,lost_cause,0.02,0.18
12447,control,223,1,8.58,0.197,0,0.0,lost_cause,0.02,0.18
12448,control,215,2,22.2,0.115,0,0.0,lost_cause,0.02,0.18
12449,control,4,28,265.46,0.34,0,0.0,sure_thing,0.03,0.72
12450,treatment,10,12,395.32,0.884,1,22.04,sure_thing,0.03,0.72
12451,control,60,10,261.34,0.261,0,0.0,persuadable,0.58,13.34
12452,control,247,0,7.15,0.041,0,0.0,lost_cause,0.02,0.18
12453,control,245,1,42.75,0.28,0,0.0,lost_cause,0.02,0.18
12454,control,35,3,211.3,0.037,1,45.74,sleeping_dog,-0.11,-4.84
12455,treatment,192,2,28.56,0.156,0,0.0,lost_cause,0.02,0.18
12456,treatment,171,3,5.0,0.381,0,0.0,lost_cause,0.02,0.18
12457,control,65,6,196.57,0.294,0,0.0,persuadable,0.58,13.34
12458,treatment,178,1,5.0,0.087,1,8.72,lost_cause,0.02,0.18
12459,control,0,11,110.57,0.095,0,0.0,persuadable,0.58,13.34
12460,control,17,15,429.82,0.698,1,17.51,sure_thing,0.03,0.72
12461,treatment,69,10,165.35,0.429,1,18.11,persuadable,0.58,13.34
12462,treatment,1,18,400.95,0.406,1,20.15,sure_thing,0.03,0.72
12463,control,18,25,386.62,0.25,1,15.06,sure_thing,0.03,0.72
12464,control,258,1,45.35,0.136,0,0.0,lost_cause,0.02,0.18
12465,control,24,2,240.9,0.137,1,70.25,sleeping_dog,-0.11,-4.84
12466,control,126,3,6.96,0.092,0,0.0,lost_cause,0.02,0.18
12467,treatment,16,2,277.09,0.598,1,18.56,persuadable,0.58,13.34
12468,treatment,14,16,452.05,0.497,1,15.88,sure_thing,0.03,0.72
12469,control,14,15,475.83,0.578,1,29.8,sure_thing,0.03,0.72
12470,control,327,1,5.0,0.046,0,0.0,lost_cause,0.02,0.18
12471,control,0,2,55.56,0.152,0,0.0,lost_cause,0.02,0.18
12472,control,1,10,211.27,0.565,1,22.29,persuadable,0.58,13.34
12473,control,257,3,30.2,0.142,0,0.0,lost_cause,0.02,0.18
12474,treatment,95,5,182.52,0.437,1,16.33,persuadable,0.58,13.34
12475,treatment,78,5,68.26,0.387,0,0.0,persuadable,0.58,13.34
12476,control,360,2,20.47,0.381,0,0.0,lost_cause,0.02,0.18
12477,control,218,1,34.25,0.124,0,0.0,lost_cause,0.02,0.18
12478,treatment,122,10,74.93,0.364,1,24.21,persuadable,0.58,13.34
12479,treatment,75,5,20.5,0.145,1,32.06,persuadable,0.58,13.34
12480,treatment,265,4,62.41,0.212,0,0.0,lost_cause,0.02,0.18
12481,control,54,12,87.46,0.418,0,0.0,persuadable,0.58,13.34
12482,treatment,137,5,143.95,0.58,0,0.0,persuadable,0.58,13.34
12483,control,15,23,452.2,0.587,0,0.0,sure_thing,0.03,0.72
12484,control,41,7,166.52,0.409,1,27.28,persuadable,0.58,13.34
12485,treatment,57,5,194.06,0.138,1,31.75,sleeping_dog,-0.11,-4.84
12486,control,241,1,33.2,0.168,0,0.0,lost_cause,0.02,0.18
12487,control,51,5,179.27,0.005,0,0.0,sleeping_dog,-0.11,-4.84
12488,control,46,6,118.09,0.341,0,0.0,persuadable,0.58,13.34
12489,treatment,0,16,538.17,0.631,1,21.46,sure_thing,0.03,0.72
12490,control,400,2,60.99,0.037,0,0.0,lost_cause,0.02,0.18
12491,treatment,3,4,268.46,0.048,0,0.0,sleeping_dog,-0.11,-4.84
12492,control,29,6,42.89,0.344,0,0.0,persuadable,0.58,13.34
12493,control,294,1,47.87,0.108,0,0.0,lost_cause,0.02,0.18
12494,treatment,344,4,33.02,0.342,0,0.0,lost_cause,0.02,0.18
12495,control,24,2,119.11,0.073,0,0.0,sleeping_dog,-0.11,-4.84
12496,control,159,1,51.34,0.235,0,0.0,lost_cause,0.02,0.18
12497,treatment,68,9,130.71,0.237,1,27.9,persuadable,0.58,13.34
12498,treatment,216,4,13.52,0.249,0,0.0,lost_cause,0.02,0.18
12499,treatment,8,23,371.33,0.447,1,17.95,sure_thing,0.03,0.72
12500,treatment,77,8,204.64,0.595,1,26.33,persuadable,0.58,13.34
12501,treatment,168,1,8.36,0.06,0,0.0,lost_cause,0.02,0.18
12502,treatment,178,1,21.56,0.306,0,0.0,lost_cause,0.02,0.18
12503,treatment,150,0,56.49,0.153,1,6.67,lost_cause,0.02,0.18
12504,treatment,220,0,20.77,0.061,0,0.0,lost_cause,0.02,0.18
12505,treatment,128,2,28.75,0.087,0,0.0,lost_cause,0.02,0.18
12506,control,58,6,81.58,0.493,0,0.0,persuadable,0.58,13.34
12507,control,40,8,132.89,0.417,0,0.0,persuadable,0.58,13.34
12508,control,15,17,458.08,0.557,1,22.55,sure_thing,0.03,0.72
12509,control,283,3,16.73,0.146,0,0.0,lost_cause,0.02,0.18
12510,treatment,220,1,35.78,0.184,0,0.0,lost_cause,0.02,0.18
12511,treatment,6,18,466.19,0.608,0,0.0,sure_thing,0.03,0.72
12512,treatment,90,12,194.45,0.454,1,28.09,persuadable,0.58,13.34
12513,treatment,47,7,284.81,0.0,1,48.07,sleeping_dog,-0.11,-4.84
12514,treatment,47,2,102.99,0.113,1,19.68,persuadable,0.58,13.34
12515,control,270,2,23.41,0.188,0,0.0,lost_cause,0.02,0.18
12516,control,6,23,492.37,0.79,1,27.4,sure_thing,0.03,0.72
12517,treatment,30,13,609.67,0.496,1,21.72,sure_thing,0.03,0.72
12518,treatment,12,13,461.02,0.51,1,22.36,sure_thing,0.03,0.72
12519,treatment,22,22,486.79,0.421,1,30.84,sure_thing,0.03,0.72
12520,control,147,3,47.43,0.29,0,0.0,lost_cause,0.02,0.18
12521,treatment,248,2,19.16,0.228,0,0.0,lost_cause,0.02,0.18
12522,treatment,400,1,33.91,0.021,0,0.0,lost_cause,0.02,0.18
12523,control,294,2,51.97,0.227,0,0.0,lost_cause,0.02,0.18
12524,treatment,59,4,148.74,0.34,1,18.99,persuadable,0.58,13.34
12525,control,267,2,16.25,0.0,1,15.92,lost_cause,0.02,0.18
12526,control,291,1,12.42,0.189,0,0.0,lost_cause,0.02,0.18
12527,treatment,16,14,389.99,0.502,0,0.0,sure_thing,0.03,0.72
12528,control,20,9,217.02,0.13,1,34.11,sleeping_dog,-0.11,-4.84
12529,control,20,17,222.3,0.638,1,17.9,sure_thing,0.03,0.72
12530,treatment,327,3,13.45,0.149,1,9.93,lost_cause,0.02,0.18
12531,treatment,66,7,51.11,0.242,1,21.12,persuadable,0.58,13.34
12532,control,19,17,412.25,0.778,1,20.45,sure_thing,0.03,0.72
12533,control,3,13,286.34,0.394,0,0.0,sure_thing,0.03,0.72
12534,control,3,8,336.03,0.391,1,18.79,sure_thing,0.03,0.72
12535,control,45,2,107.91,0.6,0,0.0,persuadable,0.58,13.34
12536,control,9,17,467.11,0.623,1,24.66,sure_thing,0.03,0.72
12537,control,11,15,772.29,0.508,1,31.97,sure_thing,0.03,0.72
12538,treatment,336,0,5.0,0.072,0,0.0,lost_cause,0.02,0.18
12539,control,86,6,132.76,0.422,1,14.24,persuadable,0.58,13.34
12540,treatment,3,8,201.89,0.479,1,19.84,persuadable,0.58,13.34
12541,control,165,4,54.19,0.276,1,8.49,lost_cause,0.02,0.18
12542,treatment,177,2,36.23,0.161,0,0.0,lost_cause,0.02,0.18
12543,control,239,0,51.81,0.172,0,0.0,lost_cause,0.02,0.18
12544,treatment,62,9,338.4,0.297,0,0.0,persuadable,0.58,13.34
12545,treatment,0,25,404.18,0.676,1,25.65,sure_thing,0.03,0.72
12546,treatment,349,3,25.11,0.072,0,0.0,lost_cause,0.02,0.18
12547,control,18,3,264.65,0.169,1,47.07,sleeping_dog,-0.11,-4.84
12548,control,79,6,203.9,0.107,1,38.09,sleeping_dog,-0.11,-4.84
12549,control,296,2,35.77,0.215,0,0.0,lost_cause,0.02,0.18
12550,control,174,4,54.26,0.086,0,0.0,lost_cause,0.02,0.18
12551,control,9,21,242.68,0.524,1,16.65,sure_thing,0.03,0.72
12552,treatment,4,13,300.48,0.573,0,0.0,sure_thing,0.03,0.72
12553,control,43,6,113.25,0.348,1,29.55,persuadable,0.58,13.34
12554,control,73,9,112.4,0.373,1,23.66,persuadable,0.58,13.34
12555,control,267,3,41.52,0.03,0,0.0,lost_cause,0.02,0.18
12556,treatment,25,10,138.39,0.153,1,22.27,persuadable,0.58,13.34
12557,treatment,263,2,61.72,0.122,0,0.0,lost_cause,0.02,0.18
12558,treatment,178,3,31.47,0.236,1,8.2,lost_cause,0.02,0.18
12559,treatment,158,4,5.0,0.104,0,0.0,lost_cause,0.02,0.18
12560,control,49,4,10.21,0.345,0,0.0,lost_cause,0.02,0.18
12561,control,82,3,15.47,0.128,0,0.0,lost_cause,0.02,0.18
12562,treatment,124,2,30.55,0.26,0,0.0,lost_cause,0.02,0.18
12563,control,38,7,104.82,0.548,0,0.0,persuadable,0.58,13.34
12564,control,17,14,473.13,0.588,0,0.0,sure_thing,0.03,0.72
12565,treatment,364,1,17.63,0.219,0,0.0,lost_cause,0.02,0.18
12566,control,13,17,336.75,0.565,0,0.0,sure_thing,0.03,0.72
12567,control,229,3,11.71,0.286,0,0.0,lost_cause,0.02,0.18
12568,control,69,1,75.6,0.317,1,29.17,persuadable,0.58,13.34
12569,control,307,3,23.16,0.108,0,0.0,lost_cause,0.02,0.18
12570,treatment,235,2,5.74,0.238,0,0.0,lost_cause,0.02,0.18
12571,treatment,80,7,83.32,0.16,1,26.05,persuadable,0.58,13.34
12572,treatment,59,7,159.05,0.389,1,29.18,persuadable,0.58,13.34
12573,control,30,2,205.45,0.646,0,0.0,persuadable,0.58,13.34
12574,control,197,0,34.44,0.281,0,0.0,lost_cause,0.02,0.18
12575,control,354,1,31.95,0.055,0,0.0,lost_cause,0.02,0.18
12576,control,15,6,162.97,0.189,0,0.0,sleeping_dog,-0.11,-4.84
12577,control,31,3,216.29,0.0,0,0.0,sleeping_dog,-0.11,-4.84
12578,treatment,202,1,45.43,0.086,0,0.0,lost_cause,0.02,0.18
12579,control,0,15,468.23,0.709,1,12.39,sure_thing,0.03,0.72
12580,control,32,16,292.77,0.565,1,24.41,sure_thing,0.03,0.72
12581,control,286,2,62.27,0.0,0,0.0,lost_cause,0.02,0.18
12582,treatment,238,2,31.43,0.118,0,0.0,lost_cause,0.02,0.18
12583,treatment,154,2,68.41,0.059,0,0.0,lost_cause,0.02,0.18
12584,control,46,5,205.79,0.127,0,0.0,sleeping_dog,-0.11,-4.84
12585,treatment,168,2,24.01,0.266,0,0.0,lost_cause,0.02,0.18
12586,control,267,3,22.89,0.0,0,0.0,lost_cause,0.02,0.18
12587,treatment,178,1,23.89,0.044,0,0.0,lost_cause,0.02,0.18
12588,control,0,12,305.3,0.778,1,29.29,sure_thing,0.03,0.72
12589,control,15,8,76.27,0.313,0,0.0,persuadable,0.58,13.34
12590,treatment,326,2,15.58,0.0,0,0.0,lost_cause,0.02,0.18
12591,treatment,90,8,239.13,0.371,1,29.12,persuadable,0.58,13.34
12592,treatment,180,1,58.21,0.005,0,0.0,lost_cause,0.02,0.18
12593,control,271,3,5.0,0.224,0,0.0,lost_cause,0.02,0.18
12594,treatment,32,15,321.98,0.642,0,0.0,sure_thing,0.03,0.72
12595,control,217,2,41.65,0.063,0,0.0,lost_cause,0.02,0.18
12596,control,10,18,406.37,0.512,1,24.26,sure_thing,0.03,0.72
12597,control,45,11,508.98,0.425,0,0.0,sure_thing,0.03,0.72
12598,treatment,203,2,41.56,0.102,0,0.0,lost_cause,0.02,0.18
12599,treatment,55,4,104.8,0.397,0,0.0,persuadable,0.58,13.34
12600,treatment,37,1,220.19,0.623,1,25.31,persuadable,0.58,13.34
12601,control,82,9,298.79,0.4,0,0.0,persuadable,0.58,13.34
12602,treatment,13,18,360.34,0.756,0,0.0,sure_thing,0.03,0.72
12603,control,254,3,38.04,0.285,0,0.0,lost_cause,0.02,0.18
12604,treatment,20,26,334.03,0.508,1,36.57,sure_thing,0.03,0.72
12605,control,12,12,503.62,0.558,1,28.32,sure_thing,0.03,0.72
12606,treatment,3,18,177.34,0.487,1,29.42,sure_thing,0.03,0.72
12607,control,73,7,198.09,0.575,0,0.0,persuadable,0.58,13.34
12608,control,184,3,31.95,0.236,0,0.0,lost_cause,0.02,0.18
12609,treatment,78,1,44.26,0.195,1,24.4,persuadable,0.58,13.34
12610,control,0,24,465.85,0.813,0,0.0,sure_thing,0.03,0.72
12611,treatment,153,4,47.06,0.191,0,0.0,lost_cause,0.02,0.18
12612,treatment,2,14,511.87,0.631,1,19.66,sure_thing,0.03,0.72
12613,control,22,4,174.82,0.026,0,0.0,sleeping_dog,-0.11,-4.84
12614,control,76,4,102.84,0.493,0,0.0,persuadable,0.58,13.34
12615,control,155,0,59.91,0.195,0,0.0,lost_cause,0.02,0.18
12616,control,230,2,28.04,0.162,0,0.0,lost_cause,0.02,0.18
12617,treatment,5,23,431.25,0.342,1,28.0,sure_thing,0.03,0.72
12618,treatment,9,6,127.83,0.0,0,0.0,sleeping_dog,-0.11,-4.84
12619,treatment,13,27,396.72,0.493,1,24.05,sure_thing,0.03,0.72
12620,control,20,20,454.99,0.394,1,23.48,sure_thing,0.03,0.72
12621,control,228,1,37.36,0.383,0,0.0,lost_cause,0.02,0.18
12622,control,318,4,57.19,0.252,1,10.79,lost_cause,0.02,0.18
12623,control,49,5,66.38,0.434,0,0.0,persuadable,0.58,13.34
12624,control,242,3,5.0,0.216,0,0.0,lost_cause,0.02,0.18
12625,control,17,18,374.98,0.534,0,0.0,sure_thing,0.03,0.72
12626,treatment,13,30,398.74,0.537,1,19.24,sure_thing,0.03,0.72
12627,treatment,21,18,378.26,0.632,1,22.37,sure_thing,0.03,0.72
12628,control,62,10,198.2,0.234,1,16.56,persuadable,0.58,13.34
12629,treatment,16,18,557.48,0.467,1,34.18,sure_thing,0.03,0.72
12630,control,287,2,52.54,0.26,0,0.0,lost_cause,0.02,0.18
12631,treatment,29,18,433.96,0.44,1,26.03,sure_thing,0.03,0.72
12632,treatment,35,16,393.6,0.48,1,13.3,sure_thing,0.03,0.72
12633,treatment,294,3,16.98,0.287,0,0.0,lost_cause,0.02,0.18
12634,control,26,2,270.51,0.157,0,0.0,sleeping_dog,-0.11,-4.84
12635,control,13,19,492.0,0.577,1,16.36,sure_thing,0.03,0.72
12636,control,21,5,257.94,0.061,1,37.7,sleeping_dog,-0.11,-4.84
12637,control,30,11,137.72,0.35,0,0.0,persuadable,0.58,13.34
12638,treatment,198,2,27.1,0.196,0,0.0,lost_cause,0.02,0.18
12639,control,309,2,53.9,0.167,0,0.0,lost_cause,0.02,0.18
12640,treatment,56,8,115.51,0.386,1,21.79,persuadable,0.58,13.34
12641,treatment,162,2,48.38,0.084,0,0.0,lost_cause,0.02,0.18
12642,treatment,16,1,196.33,0.263,1,25.42,persuadable,0.58,13.34
12643,control,35,4,220.42,0.102,0,0.0,sleeping_dog,-0.11,-4.84
12644,treatment,64,7,175.94,0.477,1,23.14,persuadable,0.58,13.34
12645,treatment,14,11,304.17,0.284,1,24.06,sure_thing,0.03,0.72
12646,treatment,46,4,35.83,0.216,0,0.0,lost_cause,0.02,0.18
12647,treatment,56,8,239.66,0.362,1,15.53,persuadable,0.58,13.34
12648,treatment,22,25,380.67,0.735,0,0.0,sure_thing,0.03,0.72
12649,control,0,2,26.83,0.099,0,0.0,lost_cause,0.02,0.18
12650,treatment,59,8,164.44,0.168,1,22.26,persuadable,0.58,13.34
12651,treatment,194,4,22.05,0.331,0,0.0,lost_cause,0.02,0.18
12652,control,310,1,36.29,0.14,0,0.0,lost_cause,0.02,0.18
12653,control,172,2,48.75,0.163,0,0.0,lost_cause,0.02,0.18
12654,control,50,5,69.38,0.303,0,0.0,persuadable,0.58,13.34
12655,control,67,9,109.09,0.537,0,0.0,persuadable,0.58,13.34
12656,control,0,1,55.48,0.154,0,0.0,lost_cause,0.02,0.18
12657,treatment,67,9,31.79,0.8,1,25.61,persuadable,0.58,13.34
12658,control,15,15,159.37,0.599,1,23.76,sure_thing,0.03,0.72
12659,treatment,335,3,40.29,0.0,0,0.0,lost_cause,0.02,0.18
12660,control,333,2,38.13,0.011,1,12.61,lost_cause,0.02,0.18
12661,control,15,17,622.86,0.306,1,18.49,sure_thing,0.03,0.72
12662,treatment,137,0,56.05,0.256,0,0.0,lost_cause,0.02,0.18
12663,treatment,2,16,456.44,0.426,1,20.61,sure_thing,0.03,0.72
12664,control,247,3,25.93,0.202,0,0.0,lost_cause,0.02,0.18
12665,control,7,24,381.51,0.747,1,27.73,sure_thing,0.03,0.72
12666,control,334,3,33.14,0.219,0,0.0,lost_cause,0.02,0.18
12667,control,147,2,39.53,0.003,0,0.0,lost_cause,0.02,0.18
12668,treatment,17,18,672.57,0.855,0,0.0,sure_thing,0.03,0.72
12669,control,66,11,165.99,0.548,1,31.79,persuadable,0.58,13.34
12670,control,68,1,277.83,0.458,1,31.32,persuadable,0.58,13.34
12671,treatment,147,1,29.61,0.189,0,0.0,lost_cause,0.02,0.18
12672,treatment,237,2,50.89,0.094,0,0.0,lost_cause,0.02,0.18
12673,control,15,23,709.87,0.517,1,25.59,sure_thing,0.03,0.72
12674,treatment,35,5,370.76,0.0,0,0.0,sleeping_dog,-0.11,-4.84
12675,control,285,4,30.32,0.245,0,0.0,lost_cause,0.02,0.18
12676,control,69,7,238.19,0.563,1,21.57,persuadable,0.58,13.34
12677,control,205,1,29.07,0.135,0,0.0,lost_cause,0.02,0.18
12678,treatment,71,7,283.16,0.488,0,0.0,persuadable,0.58,13.34
12679,control,247,0,83.66,0.117,1,13.52,lost_cause,0.02,0.18
12680,control,242,2,20.38,0.121,1,11.72,lost_cause,0.02,0.18
12681,treatment,251,0,51.25,0.207,0,0.0,lost_cause,0.02,0.18
12682,control,1,21,504.34,0.574,1,25.67,sure_thing,0.03,0.72
12683,control,248,0,41.13,0.233,0,0.0,lost_cause,0.02,0.18
12684,control,91,6,92.69,0.013,0,0.0,persuadable,0.58,13.34
12685,control,14,7,182.35,0.109,0,0.0,sleeping_dog,-0.11,-4.84
12686,control,75,2,198.68,0.116,0,0.0,persuadable,0.58,13.34
12687,treatment,129,2,19.98,0.0,0,0.0,lost_cause,0.02,0.18
12688,control,39,3,42.65,0.106,0,0.0,lost_cause,0.02,0.18
12689,treatment,56,4,231.78,0.596,1,18.21,persuadable,0.58,13.34
12690,control,167,3,11.92,0.046,0,0.0,lost_cause,0.02,0.18
12691,control,0,14,557.93,0.634,1,22.76,sure_thing,0.03,0.72
12692,control,66,10,141.84,0.524,0,0.0,persuadable,0.58,13.34
12693,control,26,14,151.54,0.453,0,0.0,persuadable,0.58,13.34
12694,control,6,12,686.79,0.456,1,27.25,sure_thing,0.03,0.72
12695,control,139,3,11.88,0.054,0,0.0,lost_cause,0.02,0.18
12696,control,23,3,41.35,0.209,0,0.0,lost_cause,0.02,0.18
12697,control,333,2,5.0,0.116,0,0.0,lost_cause,0.02,0.18
12698,treatment,145,4,5.0,0.0,0,0.0,lost_cause,0.02,0.18
12699,control,292,2,20.45,0.164,0,0.0,lost_cause,0.02,0.18
12700,control,23,5,114.1,0.169,1,49.47,sleeping_dog,-0.11,-4.84
12701,treatment,138,1,20.35,0.207,0,0.0,lost_cause,0.02,0.18
12702,control,9,23,403.13,0.588,0,0.0,sure_thing,0.03,0.72
12703,control,9,17,452.47,0.531,1,22.1,sure_thing,0.03,0.72
12704,treatment,8,6,241.34,0.107,1,56.43,sleeping_dog,-0.11,-4.84
12705,treatment,41,1,221.45,0.186,0,0.0,sleeping_dog,-0.11,-4.84
12706,control,0,19,551.57,0.448,1,23.01,sure_thing,0.03,0.72
12707,treatment,0,11,564.02,0.74,1,18.71,sure_thing,0.03,0.72
12708,treatment,67,8,38.59,0.845,1,22.57,persuadable,0.58,13.34
12709,control,234,4,38.81,0.423,0,0.0,lost_cause,0.02,0.18
12710,control,96,8,159.39,0.48,0,0.0,persuadable,0.58,13.34
12711,treatment,90,7,302.19,0.455,1,31.84,persuadable,0.58,13.34
12712,treatment,237,3,5.0,0.141,0,0.0,lost_cause,0.02,0.18
12713,control,8,21,117.32,0.53,1,18.74,sure_thing,0.03,0.72
12714,control,239,2,40.91,0.156,0,0.0,lost_cause,0.02,0.18
12715,control,193,2,22.27,0.439,0,0.0,lost_cause,0.02,0.18
12716,control,185,1,30.45,0.234,0,0.0,lost_cause,0.02,0.18
12717,control,12,21,563.08,0.833,1,29.61,sure_thing,0.03,0.72
12718,treatment,34,15,357.2,0.409,1,33.36,sure_thing,0.03,0.72
12719,control,204,1,12.48,0.122,0,0.0,lost_cause,0.02,0.18
12720,control,9,12,301.51,0.326,1,14.72,sure_thing,0.03,0.72
12721,treatment,10,17,290.18,0.382,1,24.24,sure_thing,0.03,0.72
12722,treatment,400,0,13.75,0.249,0,0.0,lost_cause,0.02,0.18
12723,control,23,11,390.98,0.841,1,22.62,sure_thing,0.03,0.72
12724,control,78,0,189.24,0.488,0,0.0,persuadable,0.58,13.34
12725,control,20,18,313.46,0.424,1,26.11,sure_thing,0.03,0.72
12726,treatment,17,19,448.36,0.843,1,12.62,sure_thing,0.03,0.72
12727,control,332,0,87.55,0.145,0,0.0,lost_cause,0.02,0.18
12728,treatment,100,7,236.26,0.269,1,15.13,persuadable,0.58,13.34
12729,control,0,22,466.31,0.325,1,21.59,sure_thing,0.03,0.72
12730,treatment,13,20,466.51,0.817,0,0.0,sure_thing,0.03,0.72
12731,control,20,16,304.79,0.525,1,28.52,sure_thing,0.03,0.72
12732,treatment,141,3,39.78,0.121,0,0.0,lost_cause,0.02,0.18
12733,control,194,1,31.73,0.037,0,0.0,lost_cause,0.02,0.18
12734,treatment,27,4,171.99,0.054,1,48.82,sleeping_dog,-0.11,-4.84
12735,treatment,33,7,87.99,0.294,1,36.16,persuadable,0.58,13.34
12736,treatment,102,1,70.09,0.359,0,0.0,lost_cause,0.02,0.18
12737,control,360,1,58.82,0.22,0,0.0,lost_cause,0.02,0.18
12738,control,86,10,177.84,0.281,1,14.86,persuadable,0.58,13.34
12739,treatment,0,7,72.74,0.17,1,28.77,persuadable,0.58,13.34
12740,treatment,283,3,5.0,0.133,0,0.0,lost_cause,0.02,0.18
12741,treatment,69,6,176.47,0.451,1,18.79,persuadable,0.58,13.34
12742,control,192,4,32.69,0.023,0,0.0,lost_cause,0.02,0.18
12743,control,35,8,126.68,0.21,0,0.0,persuadable,0.58,13.34
12744,control,108,2,49.1,0.091,0,0.0,lost_cause,0.02,0.18
12745,control,34,3,205.04,0.062,1,40.04,sleeping_dog,-0.11,-4.84
12746,control,119,1,20.54,0.0,0,0.0,lost_cause,0.02,0.18
12747,control,106,8,252.42,0.251,0,0.0,persuadable,0.58,13.34
12748,treatment,172,1,23.46,0.336,0,0.0,lost_cause,0.02,0.18
12749,treatment,167,2,47.43,0.048,0,0.0,lost_cause,0.02,0.18
12750,treatment,178,3,26.36,0.173,0,0.0,lost_cause,0.02,0.18
12751,control,16,19,535.39,0.479,1,29.17,sure_thing,0.03,0.72
12752,treatment,190,2,27.41,0.205,0,0.0,lost_cause,0.02,0.18
12753,control,3,13,355.08,0.868,1,16.98,sure_thing,0.03,0.72
12754,treatment,0,25,544.21,0.577,1,28.05,sure_thing,0.03,0.72
12755,treatment,90,7,178.7,0.543,1,23.02,persuadable,0.58,13.34
12756,control,25,18,319.03,0.394,1,28.64,sure_thing,0.03,0.72
12757,treatment,101,3,10.19,0.236,0,0.0,lost_cause,0.02,0.18
12758,treatment,227,0,28.43,0.145,0,0.0,lost_cause,0.02,0.18
12759,control,22,16,364.08,0.355,0,0.0,sure_thing,0.03,0.72
12760,control,13,20,456.53,0.464,0,0.0,sure_thing,0.03,0.72
12761,control,203,2,27.22,0.094,0,0.0,lost_cause,0.02,0.18
12762,treatment,15,15,633.62,0.55,1,29.18,sure_thing,0.03,0.72
12763,control,266,5,34.35,0.278,0,0.0,lost_cause,0.02,0.18
12764,treatment,88,3,52.04,0.327,0,0.0,lost_cause,0.02,0.18
12765,control,276,2,26.71,0.06,0,0.0,lost_cause,0.02,0.18
12766,treatment,3,19,367.91,0.362,1,30.36,sure_thing,0.03,0.72
12767,treatment,34,12,219.78,0.168,1,25.77,persuadable,0.58,13.34
12768,treatment,303,2,5.0,0.206,0,0.0,lost_cause,0.02,0.18
12769,treatment,240,3,6.1,0.212,0,0.0,lost_cause,0.02,0.18
12770,treatment,134,2,49.25,0.102,0,0.0,lost_cause,0.02,0.18
12771,control,134,4,17.19,0.207,0,0.0,lost_cause,0.02,0.18
12772,control,51,11,59.47,0.349,0,0.0,persuadable,0.58,13.34
12773,control,26,23,571.22,0.493,0,0.0,sure_thing,0.03,0.72
12774,control,93,4,132.35,0.416,1,16.44,persuadable,0.58,13.34
12775,treatment,50,7,146.36,0.448,1,25.87,persuadable,0.58,13.34
12776,control,199,0,25.31,0.2,0,0.0,lost_cause,0.02,0.18
12777,control,237,2,50.39,0.072,0,0.0,lost_cause,0.02,0.18
12778,treatment,252,2,80.15,0.154,1,9.36,lost_cause,0.02,0.18
12779,treatment,213,3,5.0,0.137,0,0.0,lost_cause,0.02,0.18
12780,control,15,21,451.73,0.538,0,0.0,sure_thing,0.03,0.72
12781,treatment,32,26,372.72,0.353,1,16.36,sure_thing,0.03,0.72
12782,control,24,2,44.53,0.234,0,0.0,persuadable,0.58,13.34
12783,control,14,17,486.99,0.957,1,16.64,sure_thing,0.03,0.72
12784,treatment,59,2,63.34,0.124,0,0.0,lost_cause,0.02,0.18
12785,control,16,17,494.3,0.537,0,0.0,sure_thing,0.03,0.72
12786,control,37,7,89.03,0.267,1,27.7,persuadable,0.58,13.34
12787,treatment,59,9,161.78,0.751,1,26.08,persuadable,0.58,13.34
12788,treatment,181,2,41.88,0.211,0,0.0,lost_cause,0.02,0.18
12789,control,205,3,31.28,0.229,0,0.0,lost_cause,0.02,0.18
12790,control,11,10,581.87,0.034,1,35.07,sure_thing,0.03,0.72
12791,control,13,14,169.05,0.695,1,29.63,sure_thing,0.03,0.72
12792,control,73,5,136.97,0.366,0,0.0,persuadable,0.58,13.34
12793,treatment,159,0,5.0,0.327,0,0.0,lost_cause,0.02,0.18
12794,treatment,25,12,122.23,0.599,1,21.74,persuadable,0.58,13.34
12795,control,243,1,7.45,0.0,0,0.0,lost_cause,0.02,0.18
12796,treatment,60,1,171.49,0.136,0,0.0,sleeping_dog,-0.11,-4.84
12797,treatment,43,6,157.35,0.552,1,28.22,persuadable,0.58,13.34
12798,treatment,307,2,54.1,0.058,0,0.0,lost_cause,0.02,0.18
12799,treatment,0,4,130.23,0.056,0,0.0,sleeping_dog,-0.11,-4.84
12800,control,24,20,748.31,0.626,1,21.6,sure_thing,0.03,0.72
12801,treatment,102,3,5.0,0.117,0,0.0,lost_cause,0.02,0.18
12802,treatment,253,2,76.46,0.179,0,0.0,lost_cause,0.02,0.18
12803,treatment,25,19,538.23,0.674,1,27.11,sure_thing,0.03,0.72
12804,treatment,74,12,253.04,0.617,1,27.11,persuadable,0.58,13.34
12805,control,133,1,40.6,0.256,0,0.0,lost_cause,0.02,0.18
12806,treatment,34,3,112.93,0.123,1,40.66,sleeping_dog,-0.11,-4.84
12807,treatment,124,3,31.44,0.0,0,0.0,lost_cause,0.02,0.18
12808,treatment,13,5,174.27,0.067,1,37.33,sleeping_dog,-0.11,-4.84
12809,treatment,12,20,520.38,0.679,1,26.85,sure_thing,0.03,0.72
12810,control,87,7,181.13,0.441,0,0.0,persuadable,0.58,13.34
12811,treatment,182,2,5.0,0.164,1,10.35,lost_cause,0.02,0.18
12812,control,18,24,531.59,0.457,1,22.64,sure_thing,0.03,0.72
12813,treatment,376,2,33.09,0.0,0,0.0,lost_cause,0.02,0.18
12814,treatment,21,22,259.74,0.528,1,23.2,sure_thing,0.03,0.72
12815,treatment,57,6,273.02,0.487,0,0.0,persuadable,0.58,13.34
12816,treatment,76,5,65.88,0.425,1,24.46,persuadable,0.58,13.34
12817,control,24,6,60.11,0.491,1,22.73,persuadable,0.58,13.34
12818,control,260,3,53.46,0.294,0,0.0,lost_cause,0.02,0.18
12819,treatment,188,2,42.46,0.17,0,0.0,lost_cause,0.02,0.18
12820,control,19,16,557.54,0.582,0,0.0,sure_thing,0.03,0.72
12821,treatment,62,4,122.75,0.175,0,0.0,sleeping_dog,-0.11,-4.84
12822,control,85,5,206.39,0.41,0,0.0,persuadable,0.58,13.34
12823,control,312,4,42.76,0.104,0,0.0,lost_cause,0.02,0.18
12824,treatment,108,9,135.98,0.15,1,20.52,persuadable,0.58,13.34
12825,control,16,7,82.2,0.365,0,0.0,persuadable,0.58,13.34
12826,control,57,3,145.8,0.453,0,0.0,persuadable,0.58,13.34
12827,treatment,38,5,184.26,0.72,1,31.83,persuadable,0.58,13.34
12828,control,10,28,408.78,0.62,1,25.62,sure_thing,0.03,0.72
12829,control,2,21,443.89,0.465,1,29.69,sure_thing,0.03,0.72
12830,treatment,215,2,38.95,0.061,0,0.0,lost_cause,0.02,0.18
12831,treatment,28,7,195.7,0.419,0,0.0,persuadable,0.58,13.34
12832,control,248,1,43.0,0.093,0,0.0,lost_cause,0.02,0.18
12833,control,113,3,51.54,0.15,0,0.0,lost_cause,0.02,0.18
12834,treatment,65,6,112.87,0.352,0,0.0,persuadable,0.58,13.34
12835,treatment,34,9,87.0,0.476,0,0.0,persuadable,0.58,13.34
12836,treatment,116,3,73.91,0.147,1,11.57,lost_cause,0.02,0.18
12837,treatment,28,11,84.05,0.611,1,25.22,persuadable,0.58,13.34
12838,treatment,7,22,474.64,0.58,0,0.0,sure_thing,0.03,0.72
12839,treatment,73,3,18.71,0.063,0,0.0,lost_cause,0.02,0.18
12840,treatment,289,3,30.34,0.117,1,11.3,lost_cause,0.02,0.18
12841,control,80,2,52.03,0.272,0,0.0,lost_cause,0.02,0.18
12842,control,333,4,23.57,0.264,0,0.0,lost_cause,0.02,0.18
12843,control,82,1,5.0,0.102,1,5.16,lost_cause,0.02,0.18
12844,control,9,24,358.05,0.199,0,0.0,sure_thing,0.03,0.72
12845,control,0,4,233.45,0.088,1,47.16,sleeping_dog,-0.11,-4.84
12846,treatment,205,1,35.94,0.054,0,0.0,lost_cause,0.02,0.18
12847,control,225,3,20.93,0.08,0,0.0,lost_cause,0.02,0.18
12848,control,39,24,453.43,0.57,0,0.0,sure_thing,0.03,0.72
12849,treatment,100,1,57.78,0.318,1,7.37,lost_cause,0.02,0.18
12850,treatment,24,4,61.57,0.305,0,0.0,lost_cause,0.02,0.18
12851,control,157,1,57.87,0.058,1,9.58,lost_cause,0.02,0.18
12852,control,35,3,5.0,0.341,1,27.81,persuadable,0.58,13.34
12853,treatment,0,12,404.56,0.697,0,0.0,sure_thing,0.03,0.72
12854,treatment,86,11,122.61,0.0,1,20.53,persuadable,0.58,13.34
12855,control,37,5,187.66,0.732,0,0.0,persuadable,0.58,13.34
12856,treatment,350,2,63.83,0.144,0,0.0,lost_cause,0.02,0.18
12857,control,334,2,58.72,0.251,0,0.0,lost_cause,0.02,0.18
12858,treatment,88,1,30.85,0.148,0,0.0,lost_cause,0.02,0.18
12859,control,48,3,105.19,0.353,0,0.0,persuadable,0.58,13.34
12860,treatment,13,17,503.01,0.65,1,30.15,sure_thing,0.03,0.72
12861,control,62,8,43.3,0.297,0,0.0,persuadable,0.58,13.34
12862,control,24,16,535.57,0.787,0,0.0,sure_thing,0.03,0.72
12863,control,209,0,12.08,0.143,0,0.0,lost_cause,0.02,0.18
12864,control,0,16,403.79,0.442,1,36.68,sure_thing,0.03,0.72
12865,control,185,2,46.38,0.0,0,0.0,lost_cause,0.02,0.18
12866,treatment,309,2,78.01,0.173,0,0.0,lost_cause,0.02,0.18
12867,control,239,2,45.26,0.258,0,0.0,lost_cause,0.02,0.18
12868,treatment,83,9,179.31,0.49,0,0.0,persuadable,0.58,13.34
12869,treatment,18,20,396.87,0.605,1,23.82,sure_thing,0.03,0.72
12870,control,126,1,64.43,0.124,1,10.09,lost_cause,0.02,0.18
12871,treatment,400,0,53.35,0.042,0,0.0,lost_cause,0.02,0.18
12872,control,278,1,43.83,0.204,0,0.0,lost_cause,0.02,0.18
12873,control,134,0,10.76,0.233,0,0.0,lost_cause,0.02,0.18
12874,treatment,33,6,140.03,0.33,1,17.57,persuadable,0.58,13.34
12875,control,315,5,37.8,0.089,0,0.0,lost_cause,0.02,0.18
12876,control,0,13,138.55,0.557,0,0.0,persuadable,0.58,13.34
12877,control,283,2,58.99,0.0,0,0.0,lost_cause,0.02,0.18
12878,control,2,21,451.04,0.754,1,22.3,sure_thing,0.03,0.72
12879,treatment,132,11,270.82,0.517,0,0.0,persuadable,0.58,13.34
12880,control,320,4,32.22,0.174,0,0.0,lost_cause,0.02,0.18
12881,treatment,0,24,463.26,0.512,0,0.0,sure_thing,0.03,0.72
12882,control,103,2,33.34,0.038,1,3.66,lost_cause,0.02,0.18
12883,treatment,224,4,14.25,0.237,0,0.0,lost_cause,0.02,0.18
12884,control,12,15,243.23,0.541,1,26.3,sure_thing,0.03,0.72
12885,treatment,147,1,6.19,0.203,0,0.0,lost_cause,0.02,0.18
12886,treatment,193,1,19.55,0.124,0,0.0,lost_cause,0.02,0.18
12887,control,14,17,309.64,0.557,1,16.54,sure_thing,0.03,0.72
12888,treatment,107,10,171.57,0.538,1,19.4,persuadable,0.58,13.34
12889,control,31,6,147.5,0.128,1,31.28,sleeping_dog,-0.11,-4.84
12890,control,79,8,207.78,0.353,0,0.0,persuadable,0.58,13.34
12891,treatment,189,1,5.71,0.17,1,8.85,lost_cause,0.02,0.18
12892,control,245,2,55.16,0.03,0,0.0,lost_cause,0.02,0.18
12893,treatment,117,1,64.71,0.109,1,6.13,lost_cause,0.02,0.18
12894,control,301,0,6.08,0.0,1,9.4,lost_cause,0.02,0.18
12895,control,169,4,49.56,0.265,0,0.0,lost_cause,0.02,0.18
12896,treatment,72,13,192.19,0.203,0,0.0,persuadable,0.58,13.34
12897,control,12,20,710.33,0.799,1,22.36,sure_thing,0.03,0.72
12898,control,46,13,199.65,0.338,0,0.0,persuadable,0.58,13.34
12899,treatment,245,4,41.15,0.039,0,0.0,lost_cause,0.02,0.18
12900,treatment,199,1,23.77,0.064,0,0.0,lost_cause,0.02,0.18
12901,control,0,5,96.09,0.671,0,0.0,persuadable,0.58,13.34
12902,control,235,3,35.32,0.015,1,14.51,lost_cause,0.02,0.18
12903,treatment,277,0,69.61,0.149,0,0.0,lost_cause,0.02,0.18
12904,treatment,35,3,238.46,0.022,1,44.52,sleeping_dog,-0.11,-4.84
12905,control,175,2,31.51,0.283,0,0.0,lost_cause,0.02,0.18
12906,treatment,45,5,87.75,0.465,1,30.18,persuadable,0.58,13.34
12907,treatment,288,5,45.73,0.188,0,0.0,lost_cause,0.02,0.18
12908,control,36,10,146.66,0.375,0,0.0,persuadable,0.58,13.34
12909,treatment,60,2,129.2,0.211,1,32.91,persuadable,0.58,13.34
12910,control,170,5,22.57,0.138,0,0.0,lost_cause,0.02,0.18
12911,treatment,244,3,31.99,0.177,0,0.0,lost_cause,0.02,0.18
12912,control,12,21,363.73,0.546,1,23.67,sure_thing,0.03,0.72
12913,treatment,198,4,5.0,0.328,0,0.0,lost_cause,0.02,0.18
12914,control,146,2,31.18,0.076,0,0.0,lost_cause,0.02,0.18
12915,treatment,95,6,143.81,0.341,1,22.26,persuadable,0.58,13.34
12916,control,4,4,44.92,0.114,0,0.0,lost_cause,0.02,0.18
12917,treatment,133,1,5.0,0.124,0,0.0,lost_cause,0.02,0.18
12918,control,71,12,238.39,0.32,0,0.0,persuadable,0.58,13.34
12919,treatment,89,6,182.38,0.285,0,0.0,persuadable,0.58,13.34
12920,control,40,9,129.16,0.376,0,0.0,persuadable,0.58,13.34
12921,control,147,0,29.57,0.211,1,8.88,lost_cause,0.02,0.18
12922,control,21,6,155.26,0.179,0,0.0,sleeping_dog,-0.11,-4.84
12923,treatment,0,14,493.38,0.43,1,26.45,sure_thing,0.03,0.72
12924,control,163,4,5.0,0.107,0,0.0,lost_cause,0.02,0.18
12925,control,323,2,46.96,0.14,0,0.0,lost_cause,0.02,0.18
12926,control,0,4,107.29,0.64,0,0.0,persuadable,0.58,13.34
12927,control,111,5,207.85,0.422,0,0.0,persuadable,0.58,13.34
12928,control,30,4,172.91,0.068,0,0.0,sleeping_dog,-0.11,-4.84
12929,control,118,2,28.02,0.175,0,0.0,lost_cause,0.02,0.18
12930,treatment,262,3,41.81,0.239,0,0.0,lost_cause,0.02,0.18
12931,control,58,1,60.5,0.431,0,0.0,persuadable,0.58,13.34
12932,control,400,3,5.0,0.274,0,0.0,lost_cause,0.02,0.18
12933,treatment,125,0,37.17,0.078,0,0.0,lost_cause,0.02,0.18
12934,treatment,247,2,37.55,0.088,0,0.0,lost_cause,0.02,0.18
12935,control,24,16,577.37,0.838,1,24.64,sure_thing,0.03,0.72
12936,control,275,1,7.87,0.096,0,0.0,lost_cause,0.02,0.18
12937,treatment,212,2,51.9,0.191,0,0.0,lost_cause,0.02,0.18
12938,control,55,4,216.4,0.154,0,0.0,sleeping_dog,-0.11,-4.84
12939,treatment,224,4,67.69,0.14,0,0.0,lost_cause,0.02,0.18
12940,control,270,2,26.81,0.201,0,0.0,lost_cause,0.02,0.18
12941,treatment,400,1,18.06,0.228,0,0.0,lost_cause,0.02,0.18
12942,control,61,11,153.15,0.572,0,0.0,persuadable,0.58,13.34
12943,treatment,83,11,183.65,0.374,1,19.42,persuadable,0.58,13.34
12944,control,93,9,85.88,0.403,0,0.0,persuadable,0.58,13.34
12945,treatment,14,20,579.0,0.361,1,21.82,sure_thing,0.03,0.72
12946,control,57,5,46.7,0.389,1,26.03,persuadable,0.58,13.34
12947,control,33,7,102.29,0.637,1,29.06,persuadable,0.58,13.34
12948,treatment,72,6,240.2,0.386,1,22.2,persuadable,0.58,13.34
12949,treatment,146,2,43.88,0.015,0,0.0,lost_cause,0.02,0.18
12950,control,8,25,393.81,0.157,1,22.54,sure_thing,0.03,0.72
12951,control,16,7,353.39,0.454,0,0.0,sure_thing,0.03,0.72
12952,treatment,255,2,76.83,0.204,0,0.0,lost_cause,0.02,0.18
12953,treatment,63,4,170.52,0.456,1,7.56,persuadable,0.58,13.34
12954,treatment,1,19,687.24,0.589,1,30.57,sure_thing,0.03,0.72
12955,control,18,9,40.37,0.414,0,0.0,persuadable,0.58,13.34
12956,control,74,7,297.07,0.256,0,0.0,persuadable,0.58,13.34
12957,treatment,227,2,27.69,0.109,0,0.0,lost_cause,0.02,0.18
12958,control,400,3,12.97,0.19,0,0.0,lost_cause,0.02,0.18
12959,treatment,349,2,33.65,0.143,0,0.0,lost_cause,0.02,0.18
12960,control,0,18,454.32,0.422,0,0.0,sure_thing,0.03,0.72
12961,treatment,8,4,198.9,0.159,0,0.0,sleeping_dog,-0.11,-4.84
12962,treatment,387,1,12.58,0.116,0,0.0,lost_cause,0.02,0.18
12963,control,42,2,154.11,0.333,0,0.0,persuadable,0.58,13.34
12964,treatment,262,2,31.57,0.204,0,0.0,lost_cause,0.02,0.18
12965,control,3,18,479.37,0.509,0,0.0,sure_thing,0.03,0.72
12966,control,58,9,212.96,0.709,0,0.0,persuadable,0.58,13.34
12967,control,246,1,8.57,0.258,0,0.0,lost_cause,0.02,0.18
12968,control,215,4,9.74,0.102,0,0.0,lost_cause,0.02,0.18
12969,control,178,3,69.64,0.192,0,0.0,lost_cause,0.02,0.18
12970,control,39,4,154.73,0.512,0,0.0,persuadable,0.58,13.34
12971,control,9,15,361.43,0.66,0,0.0,sure_thing,0.03,0.72
12972,treatment,0,20,456.97,0.632,1,26.53,sure_thing,0.03,0.72
12973,treatment,140,0,42.85,0.27,0,0.0,lost_cause,0.02,0.18
12974,treatment,59,5,195.83,0.453,1,20.82,persuadable,0.58,13.34
12975,control,0,7,169.07,0.241,1,16.85,persuadable,0.58,13.34
12976,control,7,18,329.37,0.399,0,0.0,sure_thing,0.03,0.72
12977,control,243,2,20.88,0.097,0,0.0,lost_cause,0.02,0.18
12978,treatment,3,16,531.06,0.961,1,29.15,sure_thing,0.03,0.72
12979,control,63,6,217.56,0.501,1,20.94,persuadable,0.58,13.34
12980,control,6,21,288.76,0.633,1,36.41,sure_thing,0.03,0.72
12981,treatment,27,15,429.06,0.536,0,0.0,sure_thing,0.03,0.72
12982,treatment,82,7,250.0,0.363,1,30.05,persuadable,0.58,13.34
12983,treatment,59,14,185.7,0.329,1,23.1,persuadable,0.58,13.34
12984,control,280,4,22.5,0.23,0,0.0,lost_cause,0.02,0.18
12985,control,8,17,548.1,0.704,0,0.0,sure_thing,0.03,0.72
12986,treatment,239,0,66.2,0.218,0,0.0,lost_cause,0.02,0.18
12987,control,70,2,23.55,0.021,0,0.0,lost_cause,0.02,0.18
12988,treatment,8,24,547.36,0.194,1,24.61,sure_thing,0.03,0.72
12989,control,258,5,52.87,0.037,0,0.0,lost_cause,0.02,0.18
12990,control,21,21,234.95,0.349,0,0.0,sure_thing,0.03,0.72
12991,treatment,9,9,60.18,0.556,0,0.0,persuadable,0.58,13.34
12992,control,12,14,523.64,0.461,1,15.05,sure_thing,0.03,0.72
12993,treatment,17,8,91.55,0.303,1,18.22,persuadable,0.58,13.34
12994,control,26,13,663.73,0.71,0,0.0,sure_thing,0.03,0.72
12995,treatment,6,18,393.46,0.456,0,0.0,sure_thing,0.03,0.72
12996,treatment,38,5,104.8,0.038,1,36.36,sleeping_dog,-0.11,-4.84
12997,treatment,400,3,42.77,0.094,0,0.0,lost_cause,0.02,0.18
12998,treatment,204,3,53.63,0.095,0,0.0,lost_cause,0.02,0.18
12999,control,14,18,415.28,0.366,1,24.05,sure_thing,0.03,0.72
13000,treatment,0,25,710.28,0.521,1,21.1,sure_thing,0.03,0.72
13001,control,115,1,44.89,0.288,1,6.6,lost_cause,0.02,0.18
13002,control,43,3,122.9,0.352,0,0.0,sleeping_dog,-0.11,-4.84
13003,treatment,328,4,17.3,0.041,0,0.0,lost_cause,0.02,0.18
13004,control,120,3,13.19,0.282,0,0.0,lost_cause,0.02,0.18
13005,treatment,13,19,450.99,0.436,1,26.09,sure_thing,0.03,0.72
13006,control,222,4,34.73,0.053,0,0.0,lost_cause,0.02,0.18
13007,treatment,20,14,191.66,0.036,1,24.64,sure_thing,0.03,0.72
13008,treatment,237,1,28.73,0.007,0,0.0,lost_cause,0.02,0.18
13009,treatment,162,1,53.06,0.096,0,0.0,lost_cause,0.02,0.18
13010,treatment,9,23,510.18,0.519,1,28.09,sure_thing,0.03,0.72
13011,control,15,21,772.47,0.682,0,0.0,sure_thing,0.03,0.72
13012,treatment,127,1,25.73,0.054,0,0.0,lost_cause,0.02,0.18
13013,treatment,18,18,692.76,0.652,1,27.15,sure_thing,0.03,0.72
13014,control,0,19,294.33,0.375,1,25.58,sure_thing,0.03,0.72
13015,treatment,236,3,5.0,0.126,0,0.0,lost_cause,0.02,0.18
13016,control,107,1,28.15,0.171,1,7.07,lost_cause,0.02,0.18
13017,control,6,28,421.61,0.761,1,21.11,sure_thing,0.03,0.72
13018,treatment,82,12,204.57,0.341,1,26.82,persuadable,0.58,13.34
13019,control,60,8,131.77,0.512,1,21.16,persuadable,0.58,13.34
13020,treatment,66,7,250.47,0.534,1,17.17,persuadable,0.58,13.34
13021,control,21,15,387.29,0.445,0,0.0,sure_thing,0.03,0.72
13022,control,245,2,72.66,0.026,0,0.0,lost_cause,0.02,0.18
13023,control,87,3,208.24,0.444,1,22.09,persuadable,0.58,13.34
13024,control,254,4,5.0,0.109,0,0.0,lost_cause,0.02,0.18
13025,control,109,3,30.12,0.25,0,0.0,lost_cause,0.02,0.18
13026,control,276,1,50.17,0.078,1,8.0,lost_cause,0.02,0.18
13027,treatment,96,3,67.16,0.347,1,8.89,lost_cause,0.02,0.18
13028,control,231,1,39.94,0.133,0,0.0,lost_cause,0.02,0.18
13029,control,144,3,66.07,0.053,0,0.0,lost_cause,0.02,0.18
13030,treatment,15,5,197.08,0.173,1,51.73,sleeping_dog,-0.11,-4.84
13031,control,49,7,258.23,0.554,0,0.0,persuadable,0.58,13.34
13032,control,36,8,131.33,0.029,0,0.0,persuadable,0.58,13.34
13033,treatment,18,7,204.11,0.454,1,18.96,persuadable,0.58,13.34
13034,control,101,0,26.52,0.327,0,0.0,lost_cause,0.02,0.18
13035,treatment,164,3,41.65,0.048,0,0.0,lost_cause,0.02,0.18
13036,control,60,7,144.13,0.403,0,0.0,persuadable,0.58,13.34
13037,treatment,42,7,105.21,0.355,1,20.37,persuadable,0.58,13.34
13038,control,224,4,27.97,0.222,0,0.0,lost_cause,0.02,0.18
13039,treatment,275,0,5.0,0.262,0,0.0,lost_cause,0.02,0.18
13040,control,265,3,39.52,0.277,0,0.0,lost_cause,0.02,0.18
13041,treatment,12,18,484.79,0.476,0,0.0,sure_thing,0.03,0.72
13042,control,10,22,354.74,0.443,1,19.08,sure_thing,0.03,0.72
13043,treatment,12,26,378.98,0.574,1,29.16,sure_thing,0.03,0.72
13044,treatment,11,5,389.04,0.488,0,0.0,sure_thing,0.03,0.72
13045,treatment,42,10,185.57,0.362,1,27.04,persuadable,0.58,13.34
13046,control,25,6,178.11,0.236,0,0.0,persuadable,0.58,13.34
13047,control,5,18,361.26,0.517,0,0.0,sure_thing,0.03,0.72
13048,control,132,4,5.0,0.13,0,0.0,lost_cause,0.02,0.18
13049,control,63,10,155.47,0.361,1,22.89,persuadable,0.58,13.34
13050,control,200,4,70.6,0.005,0,0.0,lost_cause,0.02,0.18
13051,control,42,12,149.06,0.352,1,19.06,persuadable,0.58,13.34
13052,treatment,0,4,78.91,0.233,0,0.0,lost_cause,0.02,0.18
13053,treatment,283,3,58.64,0.15,0,0.0,lost_cause,0.02,0.18
13054,control,0,7,222.38,0.513,0,0.0,persuadable,0.58,13.34
13055,treatment,209,3,17.17,0.004,1,7.37,lost_cause,0.02,0.18
13056,treatment,196,1,28.1,0.177,0,0.0,lost_cause,0.02,0.18
13057,treatment,184,5,44.06,0.058,1,12.68,lost_cause,0.02,0.18
13058,treatment,53,5,150.21,0.059,0,0.0,sleeping_dog,-0.11,-4.84
13059,control,38,2,58.36,0.178,0,0.0,lost_cause,0.02,0.18
13060,control,237,4,28.65,0.128,0,0.0,lost_cause,0.02,0.18
13061,treatment,95,7,92.31,0.584,1,19.39,persuadable,0.58,13.34
13062,control,72,7,100.24,0.387,0,0.0,persuadable,0.58,13.34
13063,treatment,223,3,25.61,0.233,0,0.0,lost_cause,0.02,0.18
13064,treatment,202,2,39.07,0.186,0,0.0,lost_cause,0.02,0.18
13065,treatment,17,8,156.0,0.283,0,0.0,persuadable,0.58,13.34
13066,treatment,302,1,62.61,0.059,0,0.0,lost_cause,0.02,0.18
13067,treatment,9,18,469.88,0.7,1,27.2,sure_thing,0.03,0.72
13068,control,196,3,24.69,0.246,0,0.0,lost_cause,0.02,0.18
13069,treatment,162,2,65.8,0.239,1,7.07,lost_cause,0.02,0.18
13070,control,100,3,124.26,0.396,1,29.15,persuadable,0.58,13.34
13071,treatment,90,11,121.84,0.472,1,25.22,persuadable,0.58,13.34
13072,treatment,312,1,37.19,0.384,0,0.0,lost_cause,0.02,0.18
13073,control,13,15,320.41,0.826,0,0.0,sure_thing,0.03,0.72
13074,treatment,188,4,23.61,0.21,0,0.0,lost_cause,0.02,0.18
13075,treatment,26,18,424.51,0.432,0,0.0,sure_thing,0.03,0.72
13076,treatment,110,3,82.59,0.162,0,0.0,persuadable,0.58,13.34
13077,control,132,3,30.45,0.168,0,0.0,lost_cause,0.02,0.18
13078,control,10,20,353.35,0.509,0,0.0,sure_thing,0.03,0.72
13079,control,12,2,22.14,0.206,1,9.53,lost_cause,0.02,0.18
13080,treatment,168,1,39.76,0.135,0,0.0,lost_cause,0.02,0.18
13081,treatment,2,12,476.85,0.669,1,29.62,sure_thing,0.03,0.72
13082,treatment,171,4,28.42,0.218,0,0.0,lost_cause,0.02,0.18
13083,control,111,2,17.66,0.137,0,0.0,lost_cause,0.02,0.18
13084,treatment,250,2,39.64,0.286,0,0.0,lost_cause,0.02,0.18
13085,control,59,8,85.48,0.466,0,0.0,persuadable,0.58,13.34
13086,treatment,61,0,21.74,0.133,0,0.0,lost_cause,0.02,0.18
13087,treatment,10,10,675.32,0.473,1,23.5,sure_thing,0.03,0.72
13088,treatment,200,2,32.76,0.042,1,8.54,lost_cause,0.02,0.18
13089,control,20,23,318.57,0.314,1,16.87,sure_thing,0.03,0.72
13090,control,213,1,53.89,0.095,0,0.0,lost_cause,0.02,0.18
13091,control,299,4,52.9,0.352,0,0.0,lost_cause,0.02,0.18
13092,control,208,4,35.31,0.271,1,9.09,lost_cause,0.02,0.18
13093,control,0,4,183.46,0.285,0,0.0,persuadable,0.58,13.34
13094,control,184,4,36.43,0.041,0,0.0,lost_cause,0.02,0.18
13095,control,300,0,33.61,0.153,0,0.0,lost_cause,0.02,0.18
13096,control,76,4,224.09,0.123,0,0.0,sleeping_dog,-0.11,-4.84
13097,treatment,334,3,5.0,0.138,1,4.58,lost_cause,0.02,0.18
13098,treatment,231,4,23.51,0.385,0,0.0,lost_cause,0.02,0.18
13099,control,132,2,27.73,0.179,0,0.0,lost_cause,0.02,0.18
13100,control,16,14,342.49,0.763,1,19.21,sure_thing,0.03,0.72
13101,control,45,7,151.05,0.595,1,30.28,persuadable,0.58,13.34
13102,treatment,253,2,50.43,0.165,0,0.0,lost_cause,0.02,0.18
13103,control,4,7,514.57,0.557,1,18.18,sure_thing,0.03,0.72
13104,control,105,2,59.79,0.188,0,0.0,lost_cause,0.02,0.18
13105,control,29,2,205.11,0.073,1,44.91,sleeping_dog,-0.11,-4.84
13106,treatment,15,16,369.45,0.762,1,28.55,sure_thing,0.03,0.72
13107,control,11,20,25.2,0.385,1,20.58,sure_thing,0.03,0.72
13108,treatment,325,0,25.56,0.0,0,0.0,lost_cause,0.02,0.18
13109,control,16,18,418.29,0.615,1,23.01,sure_thing,0.03,0.72
13110,treatment,21,12,107.24,0.406,1,20.25,persuadable,0.58,13.34
13111,treatment,232,2,17.53,0.139,1,9.15,lost_cause,0.02,0.18
13112,treatment,127,2,7.33,0.117,0,0.0,lost_cause,0.02,0.18
13113,control,376,3,42.99,0.12,1,7.8,lost_cause,0.02,0.18
13114,treatment,49,1,205.14,0.556,1,17.12,persuadable,0.58,13.34
13115,control,56,7,124.95,0.298,0,0.0,persuadable,0.58,13.34
13116,treatment,13,10,194.01,0.34,1,25.63,persuadable,0.58,13.34
13117,control,82,2,46.61,0.006,0,0.0,lost_cause,0.02,0.18
13118,treatment,303,2,21.71,0.214,0,0.0,lost_cause,0.02,0.18
13119,control,46,4,189.73,0.533,0,0.0,persuadable,0.58,13.34
13120,treatment,178,2,56.13,0.216,0,0.0,lost_cause,0.02,0.18
13121,treatment,164,5,54.99,0.127,0,0.0,lost_cause,0.02,0.18
13122,control,0,4,128.51,0.089,1,34.98,sleeping_dog,-0.11,-4.84
13123,treatment,71,4,31.13,0.208,0,0.0,lost_cause,0.02,0.18
13124,treatment,42,11,189.61,0.334,1,26.27,persuadable,0.58,13.34
13125,treatment,36,3,27.53,0.241,0,0.0,lost_cause,0.02,0.18
13126,treatment,79,5,160.35,0.57,1,19.4,persuadable,0.58,13.34
13127,treatment,230,3,25.73,0.227,0,0.0,lost_cause,0.02,0.18
13128,control,11,9,101.0,0.44,0,0.0,persuadable,0.58,13.34
13129,treatment,128,9,150.13,0.039,1,36.91,persuadable,0.58,13.34
13130,treatment,17,6,224.42,0.297,1,29.31,persuadable,0.58,13.34
13131,control,21,18,278.74,0.404,1,22.59,sure_thing,0.03,0.72
13132,control,120,4,36.44,0.142,0,0.0,lost_cause,0.02,0.18
13133,treatment,303,1,5.0,0.0,0,0.0,lost_cause,0.02,0.18
13134,control,26,4,299.28,0.365,0,0.0,sleeping_dog,-0.11,-4.84
13135,control,205,3,5.0,0.0,0,0.0,lost_cause,0.02,0.18
13136,control,14,14,480.83,0.517,1,22.17,sure_thing,0.03,0.72
13137,control,2,27,415.27,0.45,0,0.0,sure_thing,0.03,0.72
13138,treatment,240,3,29.57,0.149,0,0.0,lost_cause,0.02,0.18
13139,treatment,381,2,40.04,0.052,0,0.0,lost_cause,0.02,0.18
13140,control,58,0,55.2,0.2,0,0.0,lost_cause,0.02,0.18
13141,treatment,220,0,5.0,0.031,0,0.0,lost_cause,0.02,0.18
13142,treatment,170,4,62.72,0.156,0,0.0,lost_cause,0.02,0.18
13143,control,270,1,5.0,0.267,0,0.0,lost_cause,0.02,0.18
13144,treatment,53,11,101.61,0.252,1,26.71,persuadable,0.58,13.34
13145,treatment,63,10,183.49,0.391,1,15.05,persuadable,0.58,13.34
13146,control,194,3,43.22,0.148,0,0.0,lost_cause,0.02,0.18
13147,treatment,161,2,38.49,0.0,0,0.0,lost_cause,0.02,0.18
13148,treatment,136,2,6.33,0.06,1,12.43,lost_cause,0.02,0.18
13149,control,189,3,39.95,0.233,0,0.0,lost_cause,0.02,0.18
13150,treatment,79,4,29.14,0.137,0,0.0,lost_cause,0.02,0.18
13151,control,266,3,29.55,0.0,0,0.0,lost_cause,0.02,0.18
13152,treatment,0,15,333.88,0.802,0,0.0,sure_thing,0.03,0.72
13153,treatment,89,8,144.29,0.398,1,13.06,persuadable,0.58,13.34
13154,control,56,6,103.91,0.311,0,0.0,persuadable,0.58,13.34
13155,treatment,121,5,122.4,0.273,1,24.77,persuadable,0.58,13.34
13156,treatment,92,5,213.39,0.381,1,22.08,persuadable,0.58,13.34
13157,treatment,24,1,154.17,0.11,1,51.27,sleeping_dog,-0.11,-4.84
13158,control,0,4,37.59,0.193,0,0.0,lost_cause,0.02,0.18
13159,treatment,255,1,8.79,0.056,0,0.0,lost_cause,0.02,0.18
13160,treatment,254,1,11.22,0.266,0,0.0,lost_cause,0.02,0.18
13161,treatment,5,12,162.66,0.596,1,19.0,sure_thing,0.03,0.72
13162,control,19,10,510.62,0.388,1,27.35,sure_thing,0.03,0.72
13163,treatment,77,8,5.0,0.513,0,0.0,persuadable,0.58,13.34
13164,treatment,215,4,5.0,0.231,0,0.0,lost_cause,0.02,0.18
13165,treatment,14,23,534.68,0.438,0,0.0,sure_thing,0.03,0.72
13166,control,179,2,45.32,0.279,0,0.0,lost_cause,0.02,0.18
13167,treatment,0,16,406.76,0.497,1,23.98,sure_thing,0.03,0.72
13168,treatment,100,5,112.42,0.43,0,0.0,persuadable,0.58,13.34
13169,treatment,292,2,43.88,0.16,0,0.0,lost_cause,0.02,0.18
13170,treatment,0,21,436.08,0.62,0,0.0,sure_thing,0.03,0.72
13171,treatment,11,20,444.05,0.769,1,26.22,sure_thing,0.03,0.72
13172,control,0,16,529.66,0.64,0,0.0,sure_thing,0.03,0.72
13173,control,276,0,13.86,0.136,0,0.0,lost_cause,0.02,0.18
13174,control,14,14,506.81,0.488,0,0.0,sure_thing,0.03,0.72
13175,treatment,280,2,11.61,0.025,0,0.0,lost_cause,0.02,0.18
13176,control,171,1,33.8,0.03,0,0.0,lost_cause,0.02,0.18
13177,control,248,3,15.54,0.195,0,0.0,lost_cause,0.02,0.18
13178,treatment,26,5,90.45,0.0,1,59.67,sleeping_dog,-0.11,-4.84
13179,treatment,199,2,41.13,0.12,0,0.0,lost_cause,0.02,0.18
13180,treatment,164,0,47.65,0.148,0,0.0,lost_cause,0.02,0.18
13181,control,20,11,73.07,0.399,0,0.0,persuadable,0.58,13.34
13182,control,305,0,8.66,0.194,0,0.0,lost_cause,0.02,0.18
13183,control,11,13,482.42,0.746,1,20.54,sure_thing,0.03,0.72
13184,treatment,71,8,93.19,0.457,0,0.0,persuadable,0.58,13.34
13185,control,0,12,461.49,0.541,1,14.73,sure_thing,0.03,0.72
13186,treatment,87,4,35.8,0.0,0,0.0,lost_cause,0.02,0.18
13187,control,59,11,187.97,0.439,0,0.0,persuadable,0.58,13.34
13188,treatment,184,0,22.92,0.117,0,0.0,lost_cause,0.02,0.18
13189,control,92,0,51.09,0.246,0,0.0,lost_cause,0.02,0.18
13190,treatment,39,4,135.19,0.367,1,28.79,persuadable,0.58,13.34
13191,control,10,16,425.39,0.441,1,27.33,sure_thing,0.03,0.72
13192,control,29,7,178.07,0.093,1,34.93,sleeping_dog,-0.11,-4.84
13193,control,3,18,372.34,0.634,1,19.67,sure_thing,0.03,0.72
13194,control,39,6,202.06,0.175,1,24.51,persuadable,0.58,13.34
13195,treatment,42,0,5.0,0.275,0,0.0,lost_cause,0.02,0.18
13196,treatment,319,1,56.48,0.238,0,0.0,lost_cause,0.02,0.18
13197,control,269,3,29.54,0.419,0,0.0,lost_cause,0.02,0.18
13198,treatment,75,4,181.27,0.323,1,19.59,persuadable,0.58,13.34
13199,control,6,22,556.44,0.483,0,0.0,sure_thing,0.03,0.72
13200,treatment,15,10,475.59,0.432,0,0.0,sure_thing,0.03,0.72
13201,control,234,2,35.56,0.121,0,0.0,lost_cause,0.02,0.18
13202,treatment,102,1,23.45,0.131,0,0.0,lost_cause,0.02,0.18
13203,control,206,1,5.0,0.116,0,0.0,lost_cause,0.02,0.18
13204,control,272,1,38.65,0.136,0,0.0,lost_cause,0.02,0.18
13205,treatment,32,2,53.99,0.118,1,13.95,lost_cause,0.02,0.18
13206,control,0,24,615.73,0.535,1,18.57,sure_thing,0.03,0.72
13207,treatment,270,1,50.92,0.061,1,7.0,lost_cause,0.02,0.18
13208,treatment,43,12,166.09,0.474,1,29.34,persuadable,0.58,13.34
13209,treatment,23,21,424.59,0.605,0,0.0,sure_thing,0.03,0.72
13210,treatment,244,2,32.52,0.066,1,10.53,lost_cause,0.02,0.18
13211,treatment,371,1,6.92,0.149,0,0.0,lost_cause,0.02,0.18
13212,control,124,2,5.0,0.074,0,0.0,lost_cause,0.02,0.18
13213,control,48,7,117.3,0.359,0,0.0,persuadable,0.58,13.34
13214,control,374,2,49.71,0.142,0,0.0,lost_cause,0.02,0.18
13215,control,25,12,387.84,0.658,1,9.96,sure_thing,0.03,0.72
13216,control,216,1,31.65,0.178,0,0.0,lost_cause,0.02,0.18
13217,control,242,1,39.09,0.142,0,0.0,lost_cause,0.02,0.18
13218,control,79,7,87.31,0.424,0,0.0,persuadable,0.58,13.34
13219,control,6,19,498.45,0.717,1,31.79,sure_thing,0.03,0.72
13220,treatment,286,3,25.02,0.153,0,0.0,lost_cause,0.02,0.18
13221,control,400,2,18.24,0.239,0,0.0,lost_cause,0.02,0.18
13222,treatment,300,2,42.33,0.0,0,0.0,lost_cause,0.02,0.18
13223,treatment,376,2,8.05,0.118,0,0.0,lost_cause,0.02,0.18
13224,treatment,23,22,380.75,0.745,1,27.74,sure_thing,0.03,0.72
13225,treatment,75,8,173.81,0.338,1,22.22,persuadable,0.58,13.34
13226,control,0,24,286.57,0.625,1,22.48,sure_thing,0.03,0.72
13227,control,103,5,91.37,0.552,0,0.0,persuadable,0.58,13.34
13228,treatment,45,10,257.53,0.381,1,26.51,persuadable,0.58,13.34
13229,treatment,6,27,473.31,0.786,1,27.61,sure_thing,0.03,0.72
13230,control,215,2,52.26,0.101,0,0.0,lost_cause,0.02,0.18
13231,treatment,0,7,254.62,0.364,1,19.82,sure_thing,0.03,0.72
13232,treatment,273,0,40.8,0.327,0,0.0,lost_cause,0.02,0.18
13233,treatment,5,14,278.76,0.716,1,25.96,sure_thing,0.03,0.72
13234,control,289,2,49.05,0.211,0,0.0,lost_cause,0.02,0.18
13235,treatment,34,18,419.35,0.755,0,0.0,sure_thing,0.03,0.72
13236,treatment,0,15,227.15,0.685,1,20.37,sure_thing,0.03,0.72
13237,treatment,90,2,45.22,0.221,0,0.0,lost_cause,0.02,0.18
13238,treatment,23,25,347.87,0.749,1,32.74,sure_thing,0.03,0.72
13239,treatment,69,10,69.13,0.655,1,17.93,persuadable,0.58,13.34
13240,control,16,20,482.47,0.473,1,29.84,sure_thing,0.03,0.72
13241,treatment,231,5,59.91,0.166,1,12.77,lost_cause,0.02,0.18
13242,control,229,0,32.25,0.127,0,0.0,lost_cause,0.02,0.18
13243,control,47,8,329.26,0.355,0,0.0,persuadable,0.58,13.34
13244,treatment,262,4,48.58,0.195,0,0.0,lost_cause,0.02,0.18
13245,treatment,356,2,43.91,0.0,0,0.0,lost_cause,0.02,0.18
13246,control,60,7,143.28,0.315,0,0.0,persuadable,0.58,13.34
13247,control,271,2,42.76,0.266,0,0.0,lost_cause,0.02,0.18
13248,treatment,237,2,34.37,0.0,0,0.0,lost_cause,0.02,0.18
13249,treatment,220,2,7.83,0.085,1,10.4,lost_cause,0.02,0.18
13250,treatment,217,0,55.01,0.25,0,0.0,lost_cause,0.02,0.18
13251,control,87,3,68.37,0.055,0,0.0,lost_cause,0.02,0.18
13252,control,37,6,217.56,0.367,0,0.0,persuadable,0.58,13.34
13253,control,191,3,42.5,0.194,0,0.0,lost_cause,0.02,0.18
13254,control,54,10,112.49,0.236,1,29.64,persuadable,0.58,13.34
13255,treatment,131,0,56.08,0.194,0,0.0,lost_cause,0.02,0.18
13256,treatment,88,3,28.3,0.045,0,0.0,lost_cause,0.02,0.18
13257,treatment,0,23,265.88,0.695,1,32.87,sure_thing,0.03,0.72
13258,treatment,301,2,6.23,0.255,0,0.0,lost_cause,0.02,0.18
13259,treatment,18,19,372.29,0.535,0,0.0,sure_thing,0.03,0.72
13260,treatment,0,7,350.87,0.31,1,28.37,sure_thing,0.03,0.72
13261,treatment,5,17,330.89,0.457,0,0.0,sure_thing,0.03,0.72
13262,treatment,37,5,161.79,0.162,1,20.29,persuadable,0.58,13.34
13263,treatment,126,3,73.5,0.0,0,0.0,lost_cause,0.02,0.18
13264,control,26,5,109.27,0.34,1,18.56,persuadable,0.58,13.34
13265,control,117,3,35.07,0.159,0,0.0,lost_cause,0.02,0.18
13266,treatment,23,15,395.13,0.654,0,0.0,sure_thing,0.03,0.72
13267,control,61,2,16.15,0.07,1,10.04,lost_cause,0.02,0.18
13268,control,57,5,169.46,0.351,0,0.0,persuadable,0.58,13.34
13269,control,20,14,314.09,0.661,1,16.55,sure_thing,0.03,0.72
13270,control,32,5,271.36,0.263,0,0.0,persuadable,0.58,13.34
13271,treatment,313,5,44.25,0.122,0,0.0,lost_cause,0.02,0.18
13272,treatment,337,2,15.66,0.175,0,0.0,lost_cause,0.02,0.18
13273,control,0,33,370.18,0.679,1,12.95,sure_thing,0.03,0.72
13274,control,14,12,374.51,0.691,1,15.66,sure_thing,0.03,0.72
13275,control,245,0,50.82,0.104,0,0.0,lost_cause,0.02,0.18
13276,treatment,21,11,139.06,0.354,1,28.35,persuadable,0.58,13.34
13277,control,181,3,49.0,0.38,0,0.0,lost_cause,0.02,0.18
13278,control,36,6,49.11,0.133,1,42.16,sleeping_dog,-0.11,-4.84
13279,treatment,32,7,95.79,0.067,0,0.0,sleeping_dog,-0.11,-4.84
13280,control,256,0,30.6,0.277,0,0.0,lost_cause,0.02,0.18
13281,control,10,18,267.98,0.493,1,23.86,sure_thing,0.03,0.72
13282,control,0,6,173.44,0.407,1,27.68,persuadable,0.58,13.34
13283,control,256,2,45.48,0.343,0,0.0,lost_cause,0.02,0.18
13284,treatment,93,5,242.67,0.226,0,0.0,persuadable,0.58,13.34
13285,control,11,19,206.22,0.424,1,24.02,sure_thing,0.03,0.72
13286,treatment,26,18,516.39,0.553,1,24.36,sure_thing,0.03,0.72
13287,control,218,2,8.53,0.246,0,0.0,lost_cause,0.02,0.18
13288,treatment,101,7,115.89,0.283,1,21.56,persuadable,0.58,13.34
13289,treatment,233,0,51.03,0.151,0,0.0,lost_cause,0.02,0.18
13290,control,59,0,33.25,0.133,0,0.0,lost_cause,0.02,0.18
13291,control,222,5,17.02,0.238,0,0.0,lost_cause,0.02,0.18
13292,treatment,0,6,173.0,0.195,1,63.07,sleeping_dog,-0.11,-4.84
13293,control,171,1,39.09,0.006,0,0.0,lost_cause,0.02,0.18
13294,treatment,191,0,29.85,0.045,0,0.0,lost_cause,0.02,0.18
13295,control,200,0,39.66,0.017,0,0.0,lost_cause,0.02,0.18
13296,control,95,5,135.62,0.417,0,0.0,persuadable,0.58,13.34
13297,treatment,12,20,677.06,0.483,1,23.89,sure_thing,0.03,0.72
13298,treatment,91,1,92.24,0.447,1,22.31,persuadable,0.58,13.34
13299,control,45,5,35.73,0.203,0,0.0,persuadable,0.58,13.34
13300,treatment,85,1,51.22,0.225,0,0.0,lost_cause,0.02,0.18
13301,control,232,3,42.93,0.06,0,0.0,lost_cause,0.02,0.18
13302,treatment,72,9,121.69,0.314,1,21.82,persuadable,0.58,13.34
13303,treatment,266,0,32.72,0.187,0,0.0,lost_cause,0.02,0.18
13304,treatment,27,21,261.69,0.494,1,26.05,sure_thing,0.03,0.72
13305,control,44,8,281.11,0.318,1,15.71,persuadable,0.58,13.34
13306,treatment,8,19,257.85,0.477,0,0.0,sure_thing,0.03,0.72
13307,treatment,28,8,265.63,0.617,1,19.02,persuadable,0.58,13.34
13308,control,14,2,31.68,0.145,0,0.0,lost_cause,0.02,0.18
13309,treatment,19,17,530.87,0.408,1,19.42,sure_thing,0.03,0.72
13310,control,2,14,393.25,0.355,1,23.39,sure_thing,0.03,0.72
13311,control,72,2,33.7,0.092,0,0.0,lost_cause,0.02,0.18
13312,treatment,338,1,53.63,0.133,0,0.0,lost_cause,0.02,0.18
13313,treatment,74,3,5.0,0.179,0,0.0,lost_cause,0.02,0.18
13314,control,0,9,176.91,0.383,0,0.0,persuadable,0.58,13.34
13315,treatment,7,15,509.4,0.543,1,18.16,sure_thing,0.03,0.72
13316,control,273,2,46.38,0.227,0,0.0,lost_cause,0.02,0.18
13317,control,1,19,375.29,0.723,1,19.81,sure_thing,0.03,0.72
13318,treatment,28,6,136.15,0.803,1,22.3,persuadable,0.58,13.34
13319,control,287,0,41.11,0.214,0,0.0,lost_cause,0.02,0.18
13320,control,376,2,5.0,0.0,0,0.0,lost_cause,0.02,0.18
13321,treatment,134,0,161.82,0.296,0,0.0,persuadable,0.58,13.34
13322,control,14,11,512.74,0.51,0,0.0,sure_thing,0.03,0.72
13323,treatment,2,18,527.07,0.575,1,26.5,sure_thing,0.03,0.72
13324,control,181,1,23.92,0.125,0,0.0,lost_cause,0.02,0.18
13325,control,141,1,34.84,0.302,0,0.0,lost_cause,0.02,0.18
13326,control,27,6,112.36,0.0,1,58.68,sleeping_dog,-0.11,-4.84
13327,control,3,18,627.64,0.843,0,0.0,sure_thing,0.03,0.72
13328,treatment,144,3,62.75,0.356,0,0.0,lost_cause,0.02,0.18
13329,treatment,142,0,39.03,0.22,0,0.0,lost_cause,0.02,0.18
13330,treatment,8,16,336.04,0.625,1,36.32,sure_thing,0.03,0.72
13331,control,59,2,23.01,0.264,0,0.0,lost_cause,0.02,0.18
13332,treatment,108,2,42.27,0.241,1,4.94,lost_cause,0.02,0.18
13333,treatment,2,19,324.58,0.656,1,27.37,sure_thing,0.03,0.72
13334,control,160,0,44.79,0.025,0,0.0,lost_cause,0.02,0.18
13335,control,32,0,147.16,0.097,0,0.0,sleeping_dog,-0.11,-4.84
13336,control,166,0,43.56,0.055,0,0.0,lost_cause,0.02,0.18
13337,control,44,7,203.34,0.238,1,21.52,persuadable,0.58,13.34
13338,treatment,274,4,85.99,0.139,0,0.0,lost_cause,0.02,0.18
13339,treatment,273,3,40.52,0.104,0,0.0,lost_cause,0.02,0.18
13340,treatment,34,11,235.08,0.403,1,23.18,persuadable,0.58,13.34
13341,treatment,20,18,559.4,0.804,1,25.82,sure_thing,0.03,0.72
13342,control,212,0,8.45,0.188,0,0.0,lost_cause,0.02,0.18
13343,control,79,6,63.52,0.49,0,0.0,persuadable,0.58,13.34
13344,treatment,0,18,456.83,0.381,1,22.48,sure_thing,0.03,0.72
13345,control,2,17,337.11,0.808,1,28.05,sure_thing,0.03,0.72
13346,control,46,1,57.24,0.098,1,9.54,lost_cause,0.02,0.18
13347,treatment,44,8,107.16,0.239,1,28.99,persuadable,0.58,13.34
13348,treatment,16,18,317.68,0.635,1,30.47,sure_thing,0.03,0.72
13349,treatment,259,1,18.34,0.0,0,0.0,lost_cause,0.02,0.18
13350,control,96,6,167.05,0.251,0,0.0,persuadable,0.58,13.34
13351,treatment,29,16,511.35,0.484,0,0.0,sure_thing,0.03,0.72
13352,treatment,181,1,72.92,0.048,0,0.0,lost_cause,0.02,0.18
13353,control,39,0,47.03,0.024,0,0.0,lost_cause,0.02,0.18
13354,control,158,3,32.07,0.4,0,0.0,lost_cause,0.02,0.18
13355,treatment,136,2,35.86,0.253,0,0.0,lost_cause,0.02,0.18
13356,treatment,206,3,39.74,0.137,0,0.0,lost_cause,0.02,0.18
13357,control,19,24,589.29,0.884,1,26.32,sure_thing,0.03,0.72
13358,control,237,2,59.51,0.084,0,0.0,lost_cause,0.02,0.18
13359,control,14,5,41.13,0.271,0,0.0,persuadable,0.58,13.34
13360,control,11,13,427.3,0.521,1,20.61,sure_thing,0.03,0.72
13361,control,352,4,51.28,0.258,0,0.0,lost_cause,0.02,0.18
13362,control,146,0,39.43,0.117,1,8.04,lost_cause,0.02,0.18
13363,control,220,3,14.92,0.0,0,0.0,lost_cause,0.02,0.18
13364,treatment,15,18,562.32,0.534,1,18.01,sure_thing,0.03,0.72
13365,control,112,3,39.25,0.032,0,0.0,lost_cause,0.02,0.18
13366,control,155,2,52.18,0.132,0,0.0,lost_cause,0.02,0.18
13367,control,14,15,278.2,0.565,1,27.22,sure_thing,0.03,0.72
13368,control,9,20,538.42,0.636,1,21.12,sure_thing,0.03,0.72
13369,control,87,3,39.41,0.113,0,0.0,lost_cause,0.02,0.18
13370,control,4,9,88.04,0.116,0,0.0,persuadable,0.58,13.34
13371,treatment,200,1,30.22,0.093,0,0.0,lost_cause,0.02,0.18
13372,control,87,3,165.03,0.471,0,0.0,persuadable,0.58,13.34
13373,treatment,255,0,13.06,0.009,0,0.0,lost_cause,0.02,0.18
13374,control,10,31,401.78,0.331,1,25.86,sure_thing,0.03,0.72
13375,control,177,2,74.9,0.096,0,0.0,lost_cause,0.02,0.18
13376,control,0,9,587.8,0.507,0,0.0,sure_thing,0.03,0.72
13377,control,331,3,36.57,0.22,0,0.0,lost_cause,0.02,0.18
13378,treatment,200,0,36.76,0.167,0,0.0,lost_cause,0.02,0.18
13379,control,284,4,36.08,0.232,0,0.0,lost_cause,0.02,0.18
13380,treatment,21,24,312.4,0.607,1,22.68,sure_thing,0.03,0.72
13381,control,82,8,42.39,0.344,1,18.38,persuadable,0.58,13.34
13382,control,27,7,157.27,0.316,1,30.04,persuadable,0.58,13.34
13383,treatment,69,10,96.08,0.442,1,21.42,persuadable,0.58,13.34
13384,treatment,180,0,26.42,0.04,0,0.0,lost_cause,0.02,0.18
13385,control,8,21,318.22,0.544,1,10.09,sure_thing,0.03,0.72
13386,treatment,27,4,87.95,0.099,1,42.37,sleeping_dog,-0.11,-4.84
13387,treatment,23,23,494.73,0.634,1,21.73,sure_thing,0.03,0.72
13388,control,20,12,586.39,0.622,1,18.86,sure_thing,0.03,0.72
13389,treatment,6,24,332.13,0.688,0,0.0,sure_thing,0.03,0.72
13390,control,204,3,21.57,0.122,0,0.0,lost_cause,0.02,0.18
13391,control,92,12,102.68,0.364,0,0.0,persuadable,0.58,13.34
13392,treatment,360,0,83.16,0.091,0,0.0,lost_cause,0.02,0.18
13393,treatment,64,7,94.17,0.549,1,20.71,persuadable,0.58,13.34
13394,control,123,3,16.16,0.172,0,0.0,lost_cause,0.02,0.18
13395,treatment,0,22,485.06,0.491,1,21.44,sure_thing,0.03,0.72
13396,control,9,16,593.96,0.642,1,21.91,sure_thing,0.03,0.72
13397,control,99,4,170.49,0.335,1,30.49,persuadable,0.58,13.34
13398,treatment,22,22,588.64,0.665,1,14.68,sure_thing,0.03,0.72
13399,treatment,41,9,543.43,0.409,1,23.81,sure_thing,0.03,0.72
13400,control,43,6,143.48,0.595,0,0.0,persuadable,0.58,13.34
13401,control,267,1,26.4,0.274,1,11.24,lost_cause,0.02,0.18
13402,treatment,60,2,7.63,0.099,0,0.0,lost_cause,0.02,0.18
13403,treatment,71,6,75.12,0.179,1,20.71,persuadable,0.58,13.34
13404,treatment,8,21,361.97,0.844,1,14.82,sure_thing,0.03,0.72
13405,treatment,15,25,370.57,0.806,1,29.42,sure_thing,0.03,0.72
13406,treatment,7,12,487.67,0.475,1,30.58,sure_thing,0.03,0.72
13407,control,0,8,190.06,0.093,0,0.0,sleeping_dog,-0.11,-4.84
13408,treatment,21,24,422.03,0.347,1,35.83,sure_thing,0.03,0.72
13409,treatment,70,7,177.9,0.415,0,0.0,persuadable,0.58,13.34
13410,treatment,185,2,29.99,0.156,0,0.0,lost_cause,0.02,0.18
13411,control,288,2,42.33,0.0,0,0.0,lost_cause,0.02,0.18
13412,treatment,32,5,85.74,0.243,1,30.22,persuadable,0.58,13.34
13413,treatment,400,3,27.48,0.202,0,0.0,lost_cause,0.02,0.18
13414,treatment,16,7,258.32,0.15,0,0.0,persuadable,0.58,13.34
13415,control,35,7,96.12,0.556,0,0.0,persuadable,0.58,13.34
13416,treatment,120,7,58.86,0.474,1,20.1,persuadable,0.58,13.34
13417,control,127,5,178.79,0.129,0,0.0,persuadable,0.58,13.34
13418,treatment,283,2,67.5,0.141,0,0.0,lost_cause,0.02,0.18
13419,treatment,226,1,54.84,0.198,0,0.0,lost_cause,0.02,0.18
13420,treatment,43,3,130.97,0.189,0,0.0,sleeping_dog,-0.11,-4.84
13421,control,183,4,24.06,0.17,0,0.0,lost_cause,0.02,0.18
13422,control,79,4,78.1,0.553,0,0.0,persuadable,0.58,13.34
13423,control,0,23,482.99,0.537,1,17.82,sure_thing,0.03,0.72
13424,treatment,35,1,258.52,0.098,0,0.0,sleeping_dog,-0.11,-4.84
13425,treatment,177,1,16.92,0.228,0,0.0,lost_cause,0.02,0.18
13426,control,0,10,271.52,0.264,1,19.63,persuadable,0.58,13.34
13427,control,75,3,92.05,0.484,0,0.0,persuadable,0.58,13.34
13428,treatment,23,17,449.48,0.563,0,0.0,sure_thing,0.03,0.72
13429,treatment,214,2,73.0,0.212,0,0.0,lost_cause,0.02,0.18
13430,treatment,215,3,28.29,0.038,0,0.0,lost_cause,0.02,0.18
13431,control,52,8,142.05,0.515,1,26.44,persuadable,0.58,13.34
13432,treatment,321,1,32.06,0.157,0,0.0,lost_cause,0.02,0.18
13433,control,45,10,160.88,0.437,0,0.0,persuadable,0.58,13.34
13434,control,52,1,160.6,0.064,1,41.89,sleeping_dog,-0.11,-4.84
13435,treatment,132,1,61.2,0.177,0,0.0,lost_cause,0.02,0.18
13436,treatment,128,2,56.29,0.273,1,6.39,lost_cause,0.02,0.18
13437,treatment,305,2,36.34,0.046,0,0.0,lost_cause,0.02,0.18
13438,control,266,2,40.7,0.153,0,0.0,lost_cause,0.02,0.18
13439,treatment,129,7,147.51,0.151,0,0.0,persuadable,0.58,13.34
13440,treatment,104,4,74.1,0.311,1,29.49,persuadable,0.58,13.34
13441,control,20,14,478.31,0.537,1,13.31,sure_thing,0.03,0.72
13442,treatment,170,1,36.88,0.164,0,0.0,lost_cause,0.02,0.18
13443,treatment,190,2,37.45,0.131,0,0.0,lost_cause,0.02,0.18
13444,control,257,3,26.26,0.054,0,0.0,lost_cause,0.02,0.18
13445,control,184,0,53.97,0.032,0,0.0,lost_cause,0.02,0.18
13446,control,145,1,39.56,0.247,0,0.0,lost_cause,0.02,0.18
13447,control,220,2,42.65,0.104,0,0.0,lost_cause,0.02,0.18
13448,treatment,8,9,500.64,0.511,0,0.0,sure_thing,0.03,0.72
13449,control,273,2,30.07,0.022,0,0.0,lost_cause,0.02,0.18
13450,control,124,3,14.67,0.096,0,0.0,lost_cause,0.02,0.18
13451,treatment,169,3,56.4,0.0,0,0.0,lost_cause,0.02,0.18
13452,control,0,12,230.84,0.48,1,28.24,persuadable,0.58,13.34
13453,treatment,259,1,41.74,0.076,0,0.0,lost_cause,0.02,0.18
13454,control,50,0,23.35,0.103,0,0.0,lost_cause,0.02,0.18
13455,control,183,2,38.74,0.1,0,0.0,lost_cause,0.02,0.18
13456,treatment,288,1,5.0,0.045,0,0.0,lost_cause,0.02,0.18
13457,treatment,129,0,33.94,0.146,1,12.54,lost_cause,0.02,0.18
13458,treatment,264,3,55.91,0.093,0,0.0,lost_cause,0.02,0.18
13459,treatment,400,1,44.29,0.121,0,0.0,lost_cause,0.02,0.18
13460,control,0,12,279.19,0.664,1,30.37,sure_thing,0.03,0.72
13461,treatment,268,1,28.98,0.101,0,0.0,lost_cause,0.02,0.18
13462,control,0,10,128.86,0.24,0,0.0,persuadable,0.58,13.34
13463,control,47,8,143.32,0.143,0,0.0,persuadable,0.58,13.34
13464,treatment,10,15,455.11,0.993,1,24.97,sure_thing,0.03,0.72
13465,treatment,54,6,152.78,0.32,0,0.0,persuadable,0.58,13.34
13466,treatment,123,2,32.57,0.085,0,0.0,lost_cause,0.02,0.18
13467,control,400,0,28.44,0.181,0,0.0,lost_cause,0.02,0.18
13468,treatment,112,6,103.68,0.494,0,0.0,persuadable,0.58,13.34
13469,control,17,24,361.93,0.701,0,0.0,sure_thing,0.03,0.72
13470,control,53,6,285.15,0.534,0,0.0,persuadable,0.58,13.34
13471,control,35,11,156.3,0.258,0,0.0,persuadable,0.58,13.34
13472,treatment,31,9,185.42,0.161,1,23.63,persuadable,0.58,13.34
13473,treatment,0,16,317.9,0.735,1,18.25,sure_thing,0.03,0.72
13474,treatment,279,6,31.36,0.189,0,0.0,lost_cause,0.02,0.18
13475,treatment,303,4,32.67,0.149,0,0.0,lost_cause,0.02,0.18
13476,treatment,67,5,42.26,0.369,0,0.0,persuadable,0.58,13.34
13477,treatment,22,22,481.27,0.378,1,22.89,sure_thing,0.03,0.72
13478,control,242,5,7.36,0.03,0,0.0,lost_cause,0.02,0.18
13479,control,34,3,124.5,0.57,0,0.0,persuadable,0.58,13.34
13480,control,140,2,16.94,0.219,0,0.0,lost_cause,0.02,0.18
13481,treatment,15,2,190.91,0.345,1,24.84,persuadable,0.58,13.34
13482,treatment,199,2,35.42,0.0,0,0.0,lost_cause,0.02,0.18
13483,control,190,3,36.8,0.287,0,0.0,lost_cause,0.02,0.18
13484,treatment,31,10,196.01,0.693,0,0.0,persuadable,0.58,13.34
13485,control,8,6,120.51,0.414,0,0.0,persuadable,0.58,13.34
13486,treatment,14,17,551.06,0.752,0,0.0,sure_thing,0.03,0.72
13487,treatment,37,5,138.47,0.378,1,15.58,persuadable,0.58,13.34
13488,control,370,2,51.42,0.183,0,0.0,lost_cause,0.02,0.18
13489,control,320,2,43.1,0.264,0,0.0,lost_cause,0.02,0.18
13490,treatment,67,3,226.64,0.15,1,62.3,sleeping_dog,-0.11,-4.84
13491,treatment,40,4,127.74,0.143,0,0.0,sleeping_dog,-0.11,-4.84
13492,control,1,16,481.19,0.83,0,0.0,sure_thing,0.03,0.72
13493,control,183,1,38.27,0.28,0,0.0,lost_cause,0.02,0.18
13494,treatment,100,8,207.12,0.33,1,25.07,persuadable,0.58,13.34
13495,control,233,1,11.45,0.0,0,0.0,lost_cause,0.02,0.18
13496,control,262,4,49.92,0.081,0,0.0,lost_cause,0.02,0.18
13497,treatment,81,7,196.94,0.372,1,20.15,persuadable,0.58,13.34
13498,treatment,324,3,5.0,0.235,0,0.0,lost_cause,0.02,0.18
13499,treatment,290,2,24.89,0.268,0,0.0,lost_cause,0.02,0.18
13500,control,30,20,410.99,0.496,1,20.76,sure_thing,0.03,0.72
13501,control,15,23,337.83,0.371,1,28.6,sure_thing,0.03,0.72
13502,treatment,108,1,37.98,0.0,0,0.0,lost_cause,0.02,0.18
13503,treatment,68,7,139.68,0.17,1,24.04,persuadable,0.58,13.34
13504,control,32,11,93.39,0.631,0,0.0,persuadable,0.58,13.34
13505,treatment,316,5,18.19,0.076,0,0.0,lost_cause,0.02,0.18
13506,control,104,1,55.94,0.248,0,0.0,lost_cause,0.02,0.18
13507,treatment,68,7,155.99,0.278,1,25.89,persuadable,0.58,13.34
13508,treatment,19,18,201.05,0.62,1,14.17,sure_thing,0.03,0.72
13509,treatment,13,3,184.79,0.357,1,28.7,persuadable,0.58,13.34
13510,control,168,0,58.08,0.1,0,0.0,lost_cause,0.02,0.18
13511,treatment,24,9,175.23,0.442,0,0.0,persuadable,0.58,13.34
13512,treatment,11,9,197.43,0.423,1,20.68,persuadable,0.58,13.34
13513,treatment,46,8,163.97,0.244,1,27.45,persuadable,0.58,13.34
13514,control,42,7,93.15,0.692,0,0.0,persuadable,0.58,13.34
13515,control,74,3,14.66,0.162,0,0.0,lost_cause,0.02,0.18
13516,control,8,21,330.45,0.647,1,19.67,sure_thing,0.03,0.72
13517,control,25,14,134.51,0.379,1,16.27,persuadable,0.58,13.34
13518,treatment,9,6,240.83,0.278,1,22.99,persuadable,0.58,13.34
13519,control,14,16,424.33,0.381,1,26.46,sure_thing,0.03,0.72
13520,treatment,176,0,15.31,0.148,0,0.0,lost_cause,0.02,0.18
13521,control,275,4,40.82,0.241,0,0.0,lost_cause,0.02,0.18
13522,treatment,2,14,361.19,0.54,1,20.9,sure_thing,0.03,0.72
13523,treatment,127,9,61.73,0.481,1,27.08,persuadable,0.58,13.34
13524,control,83,9,163.98,0.686,0,0.0,persuadable,0.58,13.34
13525,treatment,57,4,231.67,0.042,0,0.0,sleeping_dog,-0.11,-4.84
13526,control,214,1,34.83,0.211,0,0.0,lost_cause,0.02,0.18
13527,control,50,4,140.7,0.144,0,0.0,sleeping_dog,-0.11,-4.84
13528,treatment,305,2,77.42,0.212,0,0.0,lost_cause,0.02,0.18
13529,control,299,2,50.29,0.18,1,10.05,lost_cause,0.02,0.18
13530,control,68,7,239.37,0.541,0,0.0,persuadable,0.58,13.34
13531,treatment,190,2,81.16,0.128,0,0.0,lost_cause,0.02,0.18
13532,control,0,21,535.58,0.687,1,25.11,sure_thing,0.03,0.72
13533,treatment,40,14,203.4,0.598,1,19.31,persuadable,0.58,13.34
13534,control,23,21,485.17,0.566,1,23.27,sure_thing,0.03,0.72
13535,control,37,5,329.73,0.278,0,0.0,persuadable,0.58,13.34
13536,treatment,18,10,390.29,0.549,1,20.35,sure_thing,0.03,0.72
13537,treatment,161,0,8.19,0.31,0,0.0,lost_cause,0.02,0.18
13538,treatment,327,3,12.98,0.082,1,5.01,lost_cause,0.02,0.18
13539,control,2,17,375.35,0.56,1,29.56,sure_thing,0.03,0.72
13540,treatment,7,22,594.76,0.391,1,23.68,sure_thing,0.03,0.72
13541,treatment,11,16,262.72,0.827,1,24.12,sure_thing,0.03,0.72
13542,control,27,11,542.53,0.767,0,0.0,sure_thing,0.03,0.72
13543,treatment,16,16,212.07,0.74,1,25.27,sure_thing,0.03,0.72
13544,treatment,21,3,608.59,0.461,1,20.97,sure_thing,0.03,0.72
13545,treatment,0,19,496.71,0.764,1,30.16,sure_thing,0.03,0.72
13546,treatment,32,8,8.6,0.083,1,19.88,persuadable,0.58,13.34
13547,control,272,2,18.33,0.0,0,0.0,lost_cause,0.02,0.18
13548,control,301,1,9.54,0.015,0,0.0,lost_cause,0.02,0.18
13549,treatment,321,3,11.1,0.275,0,0.0,lost_cause,0.02,0.18
13550,treatment,88,13,182.28,0.166,1,22.17,persuadable,0.58,13.34
13551,control,0,22,614.38,0.425,0,0.0,sure_thing,0.03,0.72
13552,treatment,31,3,235.0,0.0,0,0.0,sleeping_dog,-0.11,-4.84
13553,treatment,17,23,436.58,0.619,1,18.39,sure_thing,0.03,0.72
13554,treatment,1,5,84.52,0.111,0,0.0,sleeping_dog,-0.11,-4.84
13555,treatment,50,10,88.0,0.427,0,0.0,persuadable,0.58,13.34
13556,control,47,11,147.18,0.118,0,0.0,persuadable,0.58,13.34
13557,control,184,3,69.24,0.016,0,0.0,lost_cause,0.02,0.18
13558,control,24,5,242.45,0.129,0,0.0,sleeping_dog,-0.11,-4.84
13559,control,149,1,43.65,0.232,1,7.28,lost_cause,0.02,0.18
13560,control,58,7,190.89,0.429,0,0.0,persuadable,0.58,13.34
13561,treatment,23,21,435.9,0.471,1,27.95,sure_thing,0.03,0.72
13562,control,228,2,54.44,0.0,0,0.0,lost_cause,0.02,0.18
13563,control,164,0,48.81,0.17,0,0.0,lost_cause,0.02,0.18
13564,treatment,150,0,35.81,0.154,0,0.0,lost_cause,0.02,0.18
13565,control,130,3,23.6,0.085,0,0.0,lost_cause,0.02,0.18
13566,control,18,21,558.76,0.484,0,0.0,sure_thing,0.03,0.72
13567,treatment,17,23,582.14,0.588,1,19.29,sure_thing,0.03,0.72
13568,control,198,2,54.33,0.154,0,0.0,lost_cause,0.02,0.18
13569,treatment,181,4,69.0,0.332,0,0.0,lost_cause,0.02,0.18
13570,treatment,248,2,5.0,0.243,0,0.0,lost_cause,0.02,0.18
13571,treatment,27,17,391.59,0.73,1,29.09,sure_thing,0.03,0.72
13572,control,92,9,216.04,0.132,0,0.0,persuadable,0.58,13.34
13573,treatment,26,10,135.49,0.283,1,15.09,persuadable,0.58,13.34
13574,control,13,18,523.56,0.536,0,0.0,sure_thing,0.03,0.72
13575,control,47,12,195.93,0.252,0,0.0,persuadable,0.58,13.34
13576,control,262,2,61.71,0.321,0,0.0,lost_cause,0.02,0.18
13577,treatment,321,3,47.45,0.242,0,0.0,lost_cause,0.02,0.18
13578,control,0,11,296.1,0.505,0,0.0,sure_thing,0.03,0.72
13579,treatment,237,3,19.35,0.275,0,0.0,lost_cause,0.02,0.18
13580,treatment,230,3,11.29,0.244,0,0.0,lost_cause,0.02,0.18
13581,control,253,0,35.5,0.109,1,8.81,lost_cause,0.02,0.18
13582,treatment,8,24,415.3,0.582,1,18.54,sure_thing,0.03,0.72
13583,treatment,26,6,5.0,0.46,1,19.53,persuadable,0.58,13.34
13584,control,79,7,194.99,0.256,0,0.0,persuadable,0.58,13.34
13585,control,224,3,29.25,0.206,0,0.0,lost_cause,0.02,0.18
13586,treatment,243,0,46.94,0.302,0,0.0,lost_cause,0.02,0.18
13587,treatment,159,2,33.4,0.168,0,0.0,lost_cause,0.02,0.18
13588,treatment,26,3,173.32,0.17,1,44.87,sleeping_dog,-0.11,-4.84
13589,treatment,221,5,11.02,0.182,0,0.0,lost_cause,0.02,0.18
13590,treatment,93,5,37.4,0.198,0,0.0,lost_cause,0.02,0.18
13591,control,64,8,187.03,0.437,1,35.86,persuadable,0.58,13.34
13592,treatment,306,4,25.6,0.297,0,0.0,lost_cause,0.02,0.18
13593,treatment,227,1,57.22,0.032,1,9.41,lost_cause,0.02,0.18
13594,control,252,3,57.62,0.319,1,3.0,lost_cause,0.02,0.18
13595,treatment,86,1,43.65,0.074,0,0.0,lost_cause,0.02,0.18
13596,control,4,14,307.18,0.328,1,24.65,sure_thing,0.03,0.72
13597,treatment,123,3,56.57,0.127,0,0.0,lost_cause,0.02,0.18
13598,control,154,2,35.7,0.229,0,0.0,lost_cause,0.02,0.18
13599,treatment,3,19,382.64,0.566,1,28.66,sure_thing,0.03,0.72
13600,control,43,10,135.25,0.449,0,0.0,persuadable,0.58,13.34
13601,treatment,28,1,32.31,0.072,0,0.0,lost_cause,0.02,0.18
13602,treatment,299,3,77.56,0.257,0,0.0,lost_cause,0.02,0.18
13603,control,29,11,539.2,0.545,1,28.19,sure_thing,0.03,0.72
13604,treatment,263,4,5.0,0.186,0,0.0,lost_cause,0.02,0.18
13605,treatment,211,0,55.51,0.226,0,0.0,lost_cause,0.02,0.18
13606,control,3,4,175.35,0.076,1,42.2,sleeping_dog,-0.11,-4.84
13607,control,304,2,75.81,0.1,0,0.0,lost_cause,0.02,0.18
13608,treatment,46,2,62.21,0.068,0,0.0,lost_cause,0.02,0.18
13609,treatment,116,2,22.73,0.165,0,0.0,lost_cause,0.02,0.18
13610,control,29,6,105.26,0.605,0,0.0,persuadable,0.58,13.34
13611,treatment,10,17,330.1,0.555,1,26.74,sure_thing,0.03,0.72
13612,treatment,86,11,40.34,0.303,1,21.2,persuadable,0.58,13.34
13613,control,304,1,57.45,0.081,0,0.0,lost_cause,0.02,0.18
13614,control,110,3,180.35,0.521,0,0.0,persuadable,0.58,13.34
13615,control,0,16,644.34,0.785,1,21.66,sure_thing,0.03,0.72
13616,control,274,2,38.51,0.163,0,0.0,lost_cause,0.02,0.18
13617,treatment,198,1,46.45,0.379,0,0.0,lost_cause,0.02,0.18
13618,treatment,50,3,57.48,0.384,1,23.92,persuadable,0.58,13.34
13619,treatment,247,3,26.46,0.227,0,0.0,lost_cause,0.02,0.18
13620,treatment,219,3,29.02,0.151,0,0.0,lost_cause,0.02,0.18
13621,control,167,4,59.92,0.171,0,0.0,lost_cause,0.02,0.18
13622,control,161,1,21.46,0.272,0,0.0,lost_cause,0.02,0.18
13623,control,0,22,218.21,0.802,1,16.25,sure_thing,0.03,0.72
13624,treatment,121,1,13.35,0.045,0,0.0,lost_cause,0.02,0.18
13625,control,204,2,17.26,0.0,0,0.0,lost_cause,0.02,0.18
13626,treatment,56,9,179.17,0.287,1,20.14,persuadable,0.58,13.34
13627,treatment,189,4,9.77,0.107,0,0.0,lost_cause,0.02,0.18
13628,control,13,23,623.19,0.457,1,22.1,sure_thing,0.03,0.72
13629,treatment,46,2,91.28,0.275,1,25.53,persuadable,0.58,13.34
13630,control,79,4,193.11,0.314,0,0.0,persuadable,0.58,13.34
13631,treatment,4,16,623.97,0.565,1,22.92,sure_thing,0.03,0.72
13632,treatment,286,2,45.94,0.158,1,12.23,lost_cause,0.02,0.18
13633,control,57,10,132.96,0.156,1,21.53,persuadable,0.58,13.34
13634,control,62,2,66.63,0.172,0,0.0,lost_cause,0.02,0.18
13635,treatment,59,6,235.39,0.373,1,25.1,persuadable,0.58,13.34
13636,control,17,7,375.13,0.386,1,25.15,sure_thing,0.03,0.72
13637,treatment,203,0,71.94,0.14,0,0.0,lost_cause,0.02,0.18
13638,treatment,168,1,5.0,0.03,0,0.0,lost_cause,0.02,0.18
13639,control,18,17,474.97,0.363,0,0.0,sure_thing,0.03,0.72
13640,treatment,10,9,497.4,0.364,1,19.77,sure_thing,0.03,0.72
13641,control,10,24,568.02,0.799,1,23.83,sure_thing,0.03,0.72
13642,control,0,12,375.72,0.372,1,31.85,sure_thing,0.03,0.72
13643,control,0,22,496.86,0.649,1,20.81,sure_thing,0.03,0.72
13644,control,142,2,22.42,0.153,0,0.0,lost_cause,0.02,0.18
13645,control,11,18,476.56,0.405,1,29.97,sure_thing,0.03,0.72
13646,treatment,178,4,49.24,0.363,0,0.0,lost_cause,0.02,0.18
13647,treatment,14,15,341.12,0.578,0,0.0,sure_thing,0.03,0.72
13648,control,342,0,46.85,0.119,0,0.0,lost_cause,0.02,0.18
13649,treatment,28,3,194.62,0.187,0,0.0,sleeping_dog,-0.11,-4.84
13650,control,366,3,34.36,0.206,1,10.46,lost_cause,0.02,0.18
13651,treatment,30,4,216.76,0.148,0,0.0,sleeping_dog,-0.11,-4.84
13652,treatment,96,8,140.35,0.453,1,25.49,persuadable,0.58,13.34
13653,treatment,15,3,59.6,0.04,0,0.0,lost_cause,0.02,0.18
13654,control,12,11,347.9,0.242,0,0.0,sure_thing,0.03,0.72
13655,control,296,5,54.44,0.106,0,0.0,lost_cause,0.02,0.18
13656,control,62,4,30.23,0.133,0,0.0,lost_cause,0.02,0.18
13657,control,0,18,451.51,0.815,1,28.07,sure_thing,0.03,0.72
13658,treatment,106,0,5.0,0.226,0,0.0,lost_cause,0.02,0.18
13659,control,121,1,31.91,0.17,0,0.0,lost_cause,0.02,0.18
13660,control,87,2,50.58,0.13,0,0.0,lost_cause,0.02,0.18
13661,control,1,9,327.44,0.764,0,0.0,sure_thing,0.03,0.72
13662,control,8,26,450.46,0.523,1,21.83,sure_thing,0.03,0.72
13663,control,0,6,143.42,0.161,0,0.0,sleeping_dog,-0.11,-4.84
13664,control,307,1,47.7,0.19,0,0.0,lost_cause,0.02,0.18
13665,treatment,70,11,192.22,0.244,0,0.0,persuadable,0.58,13.34
13666,treatment,8,19,495.85,0.525,1,19.98,sure_thing,0.03,0.72
13667,treatment,350,1,53.78,0.09,0,0.0,lost_cause,0.02,0.18
13668,treatment,47,0,47.3,0.323,0,0.0,lost_cause,0.02,0.18
13669,treatment,32,1,251.57,0.074,0,0.0,sleeping_dog,-0.11,-4.84
13670,treatment,44,5,187.62,0.369,1,33.28,persuadable,0.58,13.34
13671,control,19,6,560.59,0.441,1,26.45,sure_thing,0.03,0.72
13672,control,63,11,177.14,0.52,0,0.0,persuadable,0.58,13.34
13673,control,18,4,216.96,0.105,0,0.0,sleeping_dog,-0.11,-4.84
13674,treatment,1,8,551.78,0.476,1,30.43,sure_thing,0.03,0.72
13675,control,260,1,5.0,0.168,0,0.0,lost_cause,0.02,0.18
13676,treatment,242,1,11.96,0.156,0,0.0,lost_cause,0.02,0.18
13677,control,9,23,526.41,0.72,0,0.0,sure_thing,0.03,0.72
13678,treatment,164,2,68.06,0.092,0,0.0,lost_cause,0.02,0.18
13679,treatment,20,3,164.0,0.0,0,0.0,sleeping_dog,-0.11,-4.84
13680,treatment,39,4,106.27,0.254,1,38.78,sleeping_dog,-0.11,-4.84
13681,treatment,0,17,770.68,0.461,1,28.88,sure_thing,0.03,0.72
13682,treatment,2,14,545.58,0.392,1,20.34,sure_thing,0.03,0.72
13683,control,169,1,55.18,0.202,0,0.0,lost_cause,0.02,0.18
13684,control,47,6,71.5,0.332,0,0.0,persuadable,0.58,13.34
13685,control,184,2,57.56,0.17,0,0.0,lost_cause,0.02,0.18
13686,control,76,5,199.79,0.333,1,24.25,persuadable,0.58,13.34
13687,treatment,174,2,58.59,0.081,0,0.0,lost_cause,0.02,0.18
13688,treatment,42,7,57.23,0.243,1,23.37,persuadable,0.58,13.34
13689,control,118,2,32.66,0.117,1,4.96,lost_cause,0.02,0.18
13690,control,18,7,240.52,0.187,0,0.0,sleeping_dog,-0.11,-4.84
13691,treatment,11,21,477.25,0.567,1,36.19,sure_thing,0.03,0.72
13692,control,189,2,56.91,0.0,0,0.0,lost_cause,0.02,0.18
13693,treatment,215,0,21.31,0.128,0,0.0,lost_cause,0.02,0.18
13694,treatment,217,2,49.45,0.137,0,0.0,lost_cause,0.02,0.18
13695,treatment,15,22,531.5,0.665,1,22.83,sure_thing,0.03,0.72
13696,control,42,12,145.05,0.547,0,0.0,persuadable,0.58,13.34
13697,control,13,11,430.22,0.371,1,20.36,sure_thing,0.03,0.72
13698,treatment,105,4,36.22,0.0,1,11.62,lost_cause,0.02,0.18
13699,treatment,30,22,508.9,0.537,0,0.0,sure_thing,0.03,0.72
13700,control,267,2,9.59,0.085,0,0.0,lost_cause,0.02,0.18
13701,control,84,2,5.0,0.278,0,0.0,lost_cause,0.02,0.18
13702,treatment,0,20,607.69,0.297,1,18.5,sure_thing,0.03,0.72
13703,treatment,20,4,174.41,0.36,1,32.34,persuadable,0.58,13.34
13704,treatment,122,8,183.38,0.633,0,0.0,persuadable,0.58,13.34
13705,treatment,142,3,12.82,0.087,1,8.2,lost_cause,0.02,0.18
13706,control,27,7,223.08,0.0,0,0.0,sleeping_dog,-0.11,-4.84
13707,control,97,2,45.82,0.274,0,0.0,lost_cause,0.02,0.18
13708,control,35,1,39.86,0.0,0,0.0,lost_cause,0.02,0.18
13709,treatment,23,18,486.59,0.686,1,24.03,sure_thing,0.03,0.72
13710,control,5,6,48.42,0.518,1,24.14,persuadable,0.58,13.34
13711,control,216,2,32.96,0.175,0,0.0,lost_cause,0.02,0.18
13712,control,28,5,186.94,0.4,1,16.05,persuadable,0.58,13.34
13713,control,19,16,606.58,0.592,0,0.0,sure_thing,0.03,0.72
13714,control,0,14,5.0,0.341,1,26.75,sure_thing,0.03,0.72
13715,treatment,130,1,34.01,0.051,0,0.0,lost_cause,0.02,0.18
13716,control,8,6,520.34,0.721,1,23.84,sure_thing,0.03,0.72
13717,control,33,8,171.8,0.202,0,0.0,persuadable,0.58,13.34
13718,treatment,0,21,410.28,0.402,0,0.0,sure_thing,0.03,0.72
13719,treatment,59,5,92.26,0.434,1,16.75,persuadable,0.58,13.34
13720,treatment,0,18,504.05,0.576,1,20.24,sure_thing,0.03,0.72
13721,control,20,21,613.9,0.505,1,29.56,sure_thing,0.03,0.72
13722,treatment,71,7,164.98,0.478,0,0.0,persuadable,0.58,13.34
13723,treatment,316,0,37.78,0.043,0,0.0,lost_cause,0.02,0.18
13724,treatment,31,9,16.99,0.291,0,0.0,persuadable,0.58,13.34
13725,treatment,17,26,400.99,0.483,1,29.43,sure_thing,0.03,0.72
13726,treatment,178,2,70.28,0.191,0,0.0,lost_cause,0.02,0.18
13727,control,17,13,588.44,0.247,1,29.06,sure_thing,0.03,0.72
13728,treatment,281,1,29.13,0.201,0,0.0,lost_cause,0.02,0.18
13729,treatment,9,18,417.78,0.638,1,24.63,sure_thing,0.03,0.72
13730,treatment,26,17,407.52,0.675,1,23.64,sure_thing,0.03,0.72
13731,control,30,2,181.1,0.167,1,48.62,sleeping_dog,-0.11,-4.84
13732,treatment,14,18,223.59,0.634,1,21.47,sure_thing,0.03,0.72
13733,treatment,1,18,326.23,0.63,0,0.0,sure_thing,0.03,0.72
13734,treatment,0,12,575.11,0.611,1,16.68,sure_thing,0.03,0.72
13735,control,9,12,688.86,0.706,0,0.0,sure_thing,0.03,0.72
13736,treatment,125,0,16.6,0.0,0,0.0,lost_cause,0.02,0.18
13737,control,147,2,32.21,0.0,1,13.66,lost_cause,0.02,0.18
13738,control,247,3,16.92,0.208,0,0.0,lost_cause,0.02,0.18
13739,treatment,159,2,52.21,0.108,0,0.0,lost_cause,0.02,0.18
13740,treatment,121,1,41.99,0.235,0,0.0,lost_cause,0.02,0.18
13741,control,206,5,41.33,0.167,0,0.0,lost_cause,0.02,0.18
13742,treatment,306,2,54.01,0.268,0,0.0,lost_cause,0.02,0.18
13743,treatment,240,1,12.25,0.262,0,0.0,lost_cause,0.02,0.18
13744,control,33,18,441.35,0.555,1,22.56,sure_thing,0.03,0.72
13745,control,250,3,19.73,0.045,0,0.0,lost_cause,0.02,0.18
13746,treatment,400,4,29.7,0.216,0,0.0,lost_cause,0.02,0.18
13747,treatment,35,6,170.75,0.079,0,0.0,sleeping_dog,-0.11,-4.84
13748,control,27,8,52.99,0.194,0,0.0,persuadable,0.58,13.34
13749,treatment,12,21,480.5,0.437,1,23.91,sure_thing,0.03,0.72
13750,control,6,8,567.58,0.663,0,0.0,sure_thing,0.03,0.72
13751,treatment,59,8,225.38,0.249,1,21.61,persuadable,0.58,13.34
13752,control,272,0,14.27,0.159,0,0.0,lost_cause,0.02,0.18
13753,control,0,2,57.99,0.352,0,0.0,persuadable,0.58,13.34
13754,treatment,161,0,37.95,0.158,0,0.0,lost_cause,0.02,0.18
13755,control,221,2,13.26,0.192,0,0.0,lost_cause,0.02,0.18
13756,treatment,98,3,13.22,0.215,0,0.0,lost_cause,0.02,0.18
13757,control,61,4,203.31,0.719,1,23.84,persuadable,0.58,13.34
13758,treatment,176,0,15.51,0.0,0,0.0,lost_cause,0.02,0.18
13759,control,86,4,5.0,0.469,0,0.0,persuadable,0.58,13.34
13760,control,6,3,66.9,0.0,0,0.0,sleeping_dog,-0.11,-4.84
13761,treatment,34,7,133.68,0.126,0,0.0,sleeping_dog,-0.11,-4.84
13762,treatment,5,16,592.03,0.713,1,25.64,sure_thing,0.03,0.72
13763,treatment,7,25,389.89,0.476,1,19.83,sure_thing,0.03,0.72
13764,treatment,12,27,484.03,0.801,1,29.89,sure_thing,0.03,0.72
13765,treatment,337,4,56.93,0.196,0,0.0,lost_cause,0.02,0.18
13766,control,104,6,219.32,0.342,1,28.41,persuadable,0.58,13.34
13767,treatment,90,7,132.45,0.063,1,31.45,persuadable,0.58,13.34
13768,control,250,2,56.32,0.114,0,0.0,lost_cause,0.02,0.18
13769,treatment,102,5,58.43,0.269,0,0.0,lost_cause,0.02,0.18
13770,control,17,8,608.54,0.203,1,23.01,sure_thing,0.03,0.72
13771,treatment,35,2,193.61,0.171,0,0.0,sleeping_dog,-0.11,-4.84
13772,treatment,142,2,47.47,0.351,0,0.0,lost_cause,0.02,0.18
13773,control,87,3,28.79,0.613,0,0.0,persuadable,0.58,13.34
13774,treatment,73,3,45.59,0.147,0,0.0,lost_cause,0.02,0.18
13775,control,19,21,253.98,0.551,1,20.91,sure_thing,0.03,0.72
13776,control,400,3,29.93,0.132,0,0.0,lost_cause,0.02,0.18
13777,control,18,6,164.91,0.279,0,0.0,persuadable,0.58,13.34
13778,treatment,165,1,31.24,0.187,0,0.0,lost_cause,0.02,0.18
13779,control,96,0,37.65,0.095,0,0.0,lost_cause,0.02,0.18
13780,control,344,2,55.46,0.275,0,0.0,lost_cause,0.02,0.18
13781,treatment,37,4,170.17,0.35,0,0.0,persuadable,0.58,13.34
13782,treatment,47,8,110.85,0.321,0,0.0,persuadable,0.58,13.34
13783,treatment,213,0,5.0,0.21,0,0.0,lost_cause,0.02,0.18
13784,control,29,3,183.03,0.603,0,0.0,persuadable,0.58,13.34
13785,control,116,0,56.86,0.127,0,0.0,lost_cause,0.02,0.18
13786,control,10,17,396.85,0.505,1,24.91,sure_thing,0.03,0.72
13787,treatment,81,0,83.47,0.5,1,24.22,persuadable,0.58,13.34
13788,control,124,2,55.97,0.03,0,0.0,lost_cause,0.02,0.18
13789,control,103,3,35.89,0.264,0,0.0,lost_cause,0.02,0.18
13790,control,187,3,71.7,0.183,0,0.0,lost_cause,0.02,0.18
13791,control,189,4,50.51,0.277,0,0.0,lost_cause,0.02,0.18
13792,treatment,32,15,316.72,0.68,1,18.24,sure_thing,0.03,0.72
13793,control,242,1,40.91,0.0,0,0.0,lost_cause,0.02,0.18
13794,control,8,20,362.25,0.57,1,14.86,sure_thing,0.03,0.72
13795,treatment,125,0,39.83,0.222,1,4.15,lost_cause,0.02,0.18
13796,control,76,10,314.74,0.298,1,25.42,persuadable,0.58,13.34
13797,control,154,4,52.75,0.126,0,0.0,lost_cause,0.02,0.18
13798,control,240,2,18.77,0.098,0,0.0,lost_cause,0.02,0.18
13799,treatment,0,14,444.92,0.671,1,30.66,sure_thing,0.03,0.72
13800,treatment,318,2,66.27,0.198,0,0.0,lost_cause,0.02,0.18
13801,treatment,385,0,5.0,0.322,0,0.0,lost_cause,0.02,0.18
13802,control,20,9,181.57,0.817,0,0.0,persuadable,0.58,13.34
13803,treatment,311,0,22.61,0.111,0,0.0,lost_cause,0.02,0.18
13804,treatment,18,5,101.05,0.066,0,0.0,sleeping_dog,-0.11,-4.84
13805,treatment,95,3,36.97,0.144,0,0.0,lost_cause,0.02,0.18
13806,treatment,20,25,480.62,0.437,0,0.0,sure_thing,0.03,0.72
13807,treatment,175,1,22.84,0.018,0,0.0,lost_cause,0.02,0.18
13808,treatment,46,3,204.81,0.075,1,52.34,sleeping_dog,-0.11,-4.84
13809,treatment,0,3,257.82,0.122,0,0.0,sleeping_dog,-0.11,-4.84
13810,control,16,24,440.16,0.38,1,26.67,sure_thing,0.03,0.72
13811,treatment,265,4,5.0,0.185,0,0.0,lost_cause,0.02,0.18
13812,treatment,124,0,56.55,0.074,0,0.0,lost_cause,0.02,0.18
13813,treatment,19,7,337.69,0.603,1,25.46,sure_thing,0.03,0.72
13814,control,89,4,5.0,0.179,0,0.0,lost_cause,0.02,0.18
13815,control,11,19,643.5,0.84,1,28.5,sure_thing,0.03,0.72
13816,control,44,13,176.15,0.488,0,0.0,persuadable,0.58,13.34
13817,treatment,60,0,52.61,0.248,0,0.0,lost_cause,0.02,0.18
13818,treatment,200,0,32.23,0.229,0,0.0,lost_cause,0.02,0.18
13819,control,33,3,143.98,0.096,1,44.88,sleeping_dog,-0.11,-4.84
13820,control,67,10,95.74,0.402,0,0.0,persuadable,0.58,13.34
13821,treatment,141,2,41.94,0.224,0,0.0,lost_cause,0.02,0.18
13822,control,168,1,46.99,0.404,0,0.0,lost_cause,0.02,0.18
13823,treatment,18,25,369.57,0.54,1,20.23,sure_thing,0.03,0.72
13824,treatment,126,4,211.81,0.643,1,13.16,persuadable,0.58,13.34
13825,control,21,3,189.94,0.034,1,39.43,sleeping_dog,-0.11,-4.84
13826,control,93,1,8.99,0.09,0,0.0,lost_cause,0.02,0.18
13827,control,4,19,316.09,0.772,1,24.04,sure_thing,0.03,0.72
13828,control,9,8,184.03,0.652,0,0.0,sure_thing,0.03,0.72
13829,treatment,27,10,247.93,0.31,1,25.39,persuadable,0.58,13.34
13830,treatment,7,12,453.99,0.459,1,25.65,sure_thing,0.03,0.72
13831,control,236,3,22.17,0.054,0,0.0,lost_cause,0.02,0.18
13832,treatment,132,3,5.0,0.241,0,0.0,lost_cause,0.02,0.18
13833,control,32,11,441.93,0.775,1,30.56,sure_thing,0.03,0.72
13834,treatment,93,0,5.0,0.169,0,0.0,lost_cause,0.02,0.18
13835,control,17,17,223.57,0.655,0,0.0,sure_thing,0.03,0.72
13836,treatment,12,22,363.54,0.648,1,17.31,sure_thing,0.03,0.72
13837,control,22,19,617.83,0.531,1,32.95,sure_thing,0.03,0.72
13838,control,12,23,670.02,0.585,1,24.5,sure_thing,0.03,0.72
13839,treatment,103,3,40.05,0.0,0,0.0,lost_cause,0.02,0.18
13840,treatment,0,21,557.22,0.518,1,15.19,sure_thing,0.03,0.72
13841,control,87,4,77.38,0.211,0,0.0,lost_cause,0.02,0.18
13842,control,12,21,466.05,0.099,0,0.0,sure_thing,0.03,0.72
13843,control,250,4,41.34,0.34,0,0.0,lost_cause,0.02,0.18
13844,control,269,2,22.75,0.0,0,0.0,lost_cause,0.02,0.18
13845,control,30,8,80.35,0.259,0,0.0,persuadable,0.58,13.34
13846,control,77,10,102.01,0.513,1,27.94,persuadable,0.58,13.34
13847,control,38,12,204.16,0.528,0,0.0,persuadable,0.58,13.34
13848,control,0,29,396.68,0.561,1,27.9,sure_thing,0.03,0.72
13849,control,0,16,489.77,0.641,1,16.59,sure_thing,0.03,0.72
13850,control,62,0,205.67,0.26,1,18.27,persuadable,0.58,13.34
13851,control,140,1,52.56,0.17,0,0.0,lost_cause,0.02,0.18
13852,treatment,133,2,46.24,0.05,0,0.0,lost_cause,0.02,0.18
13853,control,100,9,156.28,0.291,1,22.52,persuadable,0.58,13.34
13854,treatment,57,7,302.29,0.495,1,12.13,persuadable,0.58,13.34
13855,control,389,2,58.64,0.288,0,0.0,lost_cause,0.02,0.18
13856,treatment,277,1,64.19,0.237,0,0.0,lost_cause,0.02,0.18
13857,treatment,10,3,215.32,0.149,1,45.46,sleeping_dog,-0.11,-4.84
13858,treatment,334,0,51.29,0.18,0,0.0,lost_cause,0.02,0.18
13859,treatment,253,2,39.92,0.248,0,0.0,lost_cause,0.02,0.18
13860,control,15,2,175.9,0.126,0,0.0,sleeping_dog,-0.11,-4.84
13861,treatment,14,12,118.09,0.73,0,0.0,persuadable,0.58,13.34
13862,treatment,74,10,170.24,0.301,1,17.81,persuadable,0.58,13.34
13863,control,41,5,155.3,0.027,1,42.07,sleeping_dog,-0.11,-4.84
13864,treatment,59,5,156.43,0.049,0,0.0,sleeping_dog,-0.11,-4.84
13865,treatment,215,2,5.0,0.048,0,0.0,lost_cause,0.02,0.18
13866,treatment,226,2,26.42,0.169,0,0.0,lost_cause,0.02,0.18
13867,control,6,11,316.5,0.427,0,0.0,sure_thing,0.03,0.72
13868,control,346,0,27.81,0.109,0,0.0,lost_cause,0.02,0.18
13869,treatment,400,0,26.85,0.035,0,0.0,lost_cause,0.02,0.18
13870,treatment,36,22,471.17,0.495,0,0.0,sure_thing,0.03,0.72
13871,treatment,33,2,130.66,0.533,1,25.05,persuadable,0.58,13.34
13872,treatment,22,19,508.6,0.633,1,26.9,sure_thing,0.03,0.72
13873,treatment,242,1,45.21,0.334,0,0.0,lost_cause,0.02,0.18
13874,control,219,3,38.85,0.09,0,0.0,lost_cause,0.02,0.18
13875,treatment,56,3,35.24,0.569,1,11.09,persuadable,0.58,13.34
13876,treatment,23,10,455.37,0.641,1,15.74,sure_thing,0.03,0.72
13877,control,296,3,22.75,0.091,0,0.0,lost_cause,0.02,0.18
13878,treatment,79,9,121.1,0.49,1,22.06,persuadable,0.58,13.34
13879,control,277,1,51.27,0.069,0,0.0,lost_cause,0.02,0.18
13880,treatment,198,0,38.84,0.221,0,0.0,lost_cause,0.02,0.18
13881,control,153,0,21.79,0.104,0,0.0,lost_cause,0.02,0.18
13882,control,18,8,180.87,0.216,1,23.7,persuadable,0.58,13.34
13883,control,0,14,502.02,0.233,1,19.37,sure_thing,0.03,0.72
13884,treatment,16,13,546.17,0.573,1,26.51,sure_thing,0.03,0.72
13885,treatment,74,7,25.8,0.048,1,25.41,persuadable,0.58,13.34
13886,control,39,6,248.93,0.205,1,42.93,sleeping_dog,-0.11,-4.84
13887,control,70,6,220.82,0.452,0,0.0,persuadable,0.58,13.34
13888,control,148,1,43.7,0.214,0,0.0,lost_cause,0.02,0.18
13889,treatment,6,19,471.43,0.728,0,0.0,sure_thing,0.03,0.72
13890,control,351,3,28.49,0.129,0,0.0,lost_cause,0.02,0.18
13891,treatment,175,0,48.02,0.069,0,0.0,lost_cause,0.02,0.18
13892,control,182,1,64.03,0.009,0,0.0,lost_cause,0.02,0.18
13893,control,178,1,5.35,0.023,0,0.0,lost_cause,0.02,0.18
13894,treatment,0,16,512.04,0.582,1,18.73,sure_thing,0.03,0.72
13895,control,101,2,39.78,0.0,0,0.0,lost_cause,0.02,0.18
13896,control,62,6,239.29,0.036,0,0.0,sleeping_dog,-0.11,-4.84
13897,treatment,1,12,529.85,0.557,0,0.0,sure_thing,0.03,0.72
13898,treatment,255,1,30.59,0.08,0,0.0,lost_cause,0.02,0.18
13899,control,16,12,207.08,0.437,0,0.0,sure_thing,0.03,0.72
13900,control,0,13,721.14,0.401,1,21.28,sure_thing,0.03,0.72
13901,treatment,54,0,173.04,0.885,1,30.16,persuadable,0.58,13.34
13902,control,23,5,191.41,0.224,1,68.56,sleeping_dog,-0.11,-4.84
13903,control,206,0,43.92,0.21,0,0.0,lost_cause,0.02,0.18
13904,control,249,3,62.58,0.223,0,0.0,lost_cause,0.02,0.18
13905,control,336,4,76.29,0.24,0,0.0,lost_cause,0.02,0.18
13906,control,192,3,36.49,0.056,0,0.0,lost_cause,0.02,0.18
13907,treatment,219,3,21.71,0.0,0,0.0,lost_cause,0.02,0.18
13908,treatment,28,25,582.65,0.919,1,21.92,sure_thing,0.03,0.72
13909,control,15,11,397.71,0.572,1,30.04,sure_thing,0.03,0.72
13910,control,16,13,195.21,0.558,1,29.37,sure_thing,0.03,0.72
13911,control,148,3,75.55,0.166,0,0.0,lost_cause,0.02,0.18
13912,control,291,3,55.09,0.113,0,0.0,lost_cause,0.02,0.18
13913,treatment,250,2,43.77,0.204,0,0.0,lost_cause,0.02,0.18
13914,control,6,19,314.87,0.537,1,34.77,sure_thing,0.03,0.72
13915,treatment,306,0,60.25,0.142,0,0.0,lost_cause,0.02,0.18
13916,control,20,13,540.07,0.807,1,25.7,sure_thing,0.03,0.72
13917,control,354,2,16.1,0.181,0,0.0,lost_cause,0.02,0.18
13918,control,14,18,408.42,0.518,1,23.38,sure_thing,0.03,0.72
13919,treatment,33,2,55.34,0.059,0,0.0,sleeping_dog,-0.11,-4.84
13920,control,24,16,500.17,0.373,0,0.0,sure_thing,0.03,0.72
13921,control,92,3,53.34,0.059,0,0.0,lost_cause,0.02,0.18
13922,control,103,7,241.46,0.36,0,0.0,persuadable,0.58,13.34
13923,control,352,1,47.2,0.192,0,0.0,lost_cause,0.02,0.18
13924,control,18,23,555.91,0.905,1,20.02,sure_thing,0.03,0.72
13925,treatment,23,18,5.0,0.47,1,24.44,sure_thing,0.03,0.72
13926,control,98,3,39.78,0.041,0,0.0,lost_cause,0.02,0.18
13927,control,117,2,16.28,0.334,0,0.0,lost_cause,0.02,0.18
13928,treatment,33,0,46.85,0.124,0,0.0,lost_cause,0.02,0.18
13929,control,349,4,86.85,0.123,1,10.14,lost_cause,0.02,0.18
13930,treatment,78,3,189.18,0.319,1,16.34,persuadable,0.58,13.34
13931,control,83,10,151.91,0.535,0,0.0,persuadable,0.58,13.34
13932,treatment,9,14,239.13,0.807,1,21.69,sure_thing,0.03,0.72
13933,treatment,164,1,7.21,0.052,0,0.0,lost_cause,0.02,0.18
13934,control,263,3,67.88,0.057,0,0.0,lost_cause,0.02,0.18
13935,treatment,152,0,44.35,0.176,0,0.0,lost_cause,0.02,0.18
13936,control,71,5,213.23,0.46,0,0.0,persuadable,0.58,13.34
13937,control,361,0,50.84,0.294,0,0.0,lost_cause,0.02,0.18
13938,control,97,3,29.08,0.163,0,0.0,lost_cause,0.02,0.18
13939,control,26,3,173.26,0.166,0,0.0,sleeping_dog,-0.11,-4.84
13940,control,207,1,83.81,0.13,0,0.0,lost_cause,0.02,0.18
13941,control,68,10,200.73,0.324,1,21.41,persuadable,0.58,13.34
13942,treatment,108,1,39.88,0.071,0,0.0,lost_cause,0.02,0.18
13943,treatment,185,1,26.76,0.122,1,8.39,lost_cause,0.02,0.18
13944,control,334,2,26.54,0.331,0,0.0,lost_cause,0.02,0.18
13945,treatment,235,4,58.33,0.067,0,0.0,lost_cause,0.02,0.18
13946,control,237,2,61.51,0.16,0,0.0,lost_cause,0.02,0.18
13947,control,279,2,5.0,0.136,0,0.0,lost_cause,0.02,0.18
13948,control,29,5,526.74,0.461,1,31.61,sure_thing,0.03,0.72
13949,control,163,2,9.4,0.199,0,0.0,lost_cause,0.02,0.18
13950,treatment,97,4,25.88,0.089,0,0.0,lost_cause,0.02,0.18
13951,control,108,2,5.0,0.0,0,0.0,lost_cause,0.02,0.18
13952,control,0,8,126.81,0.174,0,0.0,persuadable,0.58,13.34
13953,treatment,56,8,127.05,0.304,1,16.42,persuadable,0.58,13.34
13954,treatment,164,1,20.17,0.087,1,10.6,lost_cause,0.02,0.18
13955,treatment,316,1,21.94,0.073,0,0.0,lost_cause,0.02,0.18
13956,control,15,20,334.58,0.754,1,22.03,sure_thing,0.03,0.72
13957,treatment,14,15,517.29,0.665,1,26.97,sure_thing,0.03,0.72
13958,treatment,209,4,51.75,0.099,0,0.0,lost_cause,0.02,0.18
13959,control,165,2,61.15,0.0,0,0.0,lost_cause,0.02,0.18
13960,treatment,27,23,406.17,0.573,0,0.0,sure_thing,0.03,0.72
13961,control,0,21,395.54,0.498,0,0.0,sure_thing,0.03,0.72
13962,control,3,17,398.68,0.538,1,23.25,sure_thing,0.03,0.72
13963,treatment,9,22,438.12,0.474,1,27.0,sure_thing,0.03,0.72
13964,treatment,10,8,166.06,0.231,1,22.76,persuadable,0.58,13.34
13965,control,114,5,130.86,0.51,1,17.01,persuadable,0.58,13.34
13966,control,216,5,32.2,0.173,0,0.0,lost_cause,0.02,0.18
13967,control,50,9,86.54,0.246,1,26.94,persuadable,0.58,13.34
13968,control,144,1,55.54,0.0,0,0.0,lost_cause,0.02,0.18
13969,treatment,286,3,5.0,0.304,0,0.0,lost_cause,0.02,0.18
13970,treatment,84,7,176.51,0.494,1,23.99,persuadable,0.58,13.34
13971,treatment,22,10,271.32,0.528,0,0.0,persuadable,0.58,13.34
13972,treatment,279,2,23.67,0.25,0,0.0,lost_cause,0.02,0.18
13973,control,28,7,133.55,0.389,0,0.0,persuadable,0.58,13.34
13974,treatment,138,2,21.17,0.222,1,8.48,lost_cause,0.02,0.18
13975,control,75,11,120.53,0.473,0,0.0,persuadable,0.58,13.34
13976,treatment,17,21,471.86,0.501,0,0.0,sure_thing,0.03,0.72
13977,treatment,2,10,375.16,0.503,1,34.3,sure_thing,0.03,0.72
13978,control,27,5,119.6,0.581,0,0.0,persuadable,0.58,13.34
13979,control,361,2,45.56,0.187,0,0.0,lost_cause,0.02,0.18
13980,control,21,17,325.12,0.36,1,17.86,sure_thing,0.03,0.72
13981,control,98,3,33.04,0.13,0,0.0,lost_cause,0.02,0.18
13982,control,249,2,63.92,0.301,0,0.0,lost_cause,0.02,0.18
13983,treatment,7,19,318.33,0.508,1,23.58,sure_thing,0.03,0.72
13984,control,78,8,168.86,0.432,0,0.0,persuadable,0.58,13.34
13985,treatment,181,3,29.33,0.174,1,9.05,lost_cause,0.02,0.18
13986,treatment,284,1,33.79,0.177,0,0.0,lost_cause,0.02,0.18
13987,control,287,1,6.45,0.122,0,0.0,lost_cause,0.02,0.18
13988,treatment,17,16,522.49,0.363,1,26.77,sure_thing,0.03,0.72
13989,control,216,3,63.15,0.068,0,0.0,lost_cause,0.02,0.18
13990,control,234,3,11.09,0.148,0,0.0,lost_cause,0.02,0.18
13991,treatment,83,2,70.87,0.0,0,0.0,lost_cause,0.02,0.18
13992,treatment,123,9,232.62,0.586,1,20.58,persuadable,0.58,13.34
13993,treatment,74,5,38.05,0.0,0,0.0,lost_cause,0.02,0.18
13994,treatment,209,1,76.19,0.117,0,0.0,lost_cause,0.02,0.18
13995,treatment,21,14,414.68,0.691,1,33.69,sure_thing,0.03,0.72
13996,control,5,17,425.6,0.539,0,0.0,sure_thing,0.03,0.72
13997,treatment,10,19,421.59,0.803,1,24.1,sure_thing,0.03,0.72
13998,control,17,1,171.01,0.373,0,0.0,persuadable,0.58,13.34
13999,treatment,0,19,361.78,0.437,0,0.0,sure_thing,0.03,0.72
14000,control,236,0,55.4,0.023,0,0.0,lost_cause,0.02,0.18
